timestamp,uob_100g_buy,uob_100g_sell,uob_1kg_buy,uob_1kg_sell,gold_spot_usd_avg,gold_spot_cnbc,gold_spot_goldprice_org,gold_cross_validated,usdsgd_avg,usdsgd_exchangerate_api,usdsgd_frankfurter,forex_cross_validated,spot_sgd_per_gram,spot_sgd_per_kg,uob_1kg_premium_sgd,uob_1kg_premium_pct,uob_spread_sgd,uob_spread_pct,spot_stale,uob_gsa_sell,uob_gsa_buy,uob_gsa_spread_pct,spot_24h_open,spot_24h_high,spot_24h_low,spot_24h_range,uob_1kg_24h_open,uob_1kg_24h_high,uob_1kg_24h_low,uob_1kg_24h_range,uob_gsa_24h_open,uob_gsa_24h_high,uob_gsa_24h_low,uob_gsa_24h_range,spot_bb_upper,spot_bb_mid,spot_bb_lower,spot_bb_width_pct,spot_sma_20,spot_sma_50,spot_sma_200,spot_ema_12,spot_ema_20,spot_ema_26,spot_ema_50,spot_ema_100,spot_ema_osc,spot_roc_24h,spot_roc_7d,spot_roc_21,spot_roc_63,timid_c1_price_gt_ema100,timid_c2_ema50_gt_ema100,timid_c3_ema20_gt_sma20,timid_c4_roc21_positive,timid_c5_roc21_gt_roc63,timid_score,timid_zone,xau_eur,xau_gbp,xau_jpy,xau_aud,xau_cad,xau_chf,xau_cny,xau_inr,xau_hkd,xau_sgd,xag_usd,vix,dxy,spx,wti_oil,btc_usd,xpt_usd,ust_3m,ust_10y,ust_30y,cot_date,cot_noncomm_long,cot_noncomm_short,cot_noncomm_net,cot_comm_long,cot_comm_short,cot_comm_net
2026-09-01T01:05:45.756559+00:00,18091.0,18466.0,180918.0,183836.0,4449.98,No Data,4449.985,False,1.2722,1.271737,1.2727,True,182.02,182016.6,-1098.6,-0.6,-2918.0,-1.61,False,183.65,180.92,1.49,4448.8,4459.69,4405.07,54.62,184207.0,184207.0,182178.0,2029.0,184.02,184.02,182.0,2.02,4454.91,4446.1,4437.29,0.3963,4446.1,4439.47,4446.33,4446.29,4444.91,4443.96,4441.93,4442.44,2.33,0.0384,-4.8461,0.4798,0.2713,1,0,0,1,1,3,DOMINANT,3833.22,3285.69,711052.99,6211.56,6168.99,3598.4,29976.02,423644.65,34882.56,5659.21,67.48,14.92,99.402,7686.1401,86.66,78741.1562,1809.9,3.732,4.758,5.249,2026-08-25,277159,33825,243334,62453,342038,-279585
2026-09-01T01:13:11.655446+00:00,18091.0,18466.0,180918.0,183836.0,4447.48,No Data,4447.48,False,1.2722,1.271737,1.2727,True,181.91,181914.14,-996.14,-0.55,-2918.0,-1.61,False,183.65,180.92,1.49,4439.98,4459.69,4405.07,54.62,184207.0,184207.0,182178.0,2029.0,184.02,184.02,182.0,2.02,4453.67,4446.91,4440.15,0.304,4446.91,4439.33,4446.31,4446.85,4445.4,4444.4,4442.25,4442.59,2.45,0.2252,-4.8574,0.3794,0.2939,1,0,0,1,1,3,DOMINANT,3831.06,3283.84,710652.72,6208.06,6165.52,3596.37,29959.14,423406.17,34862.92,5656.02,67.415,14.92,99.414,7686.1401,86.65,78574.8281,1811.7,3.732,4.758,5.249,2026-08-25,277159,33825,243334,62453,342038,-279585
2026-09-01T01:19:41.745210+00:00,18091.0,18466.0,180918.0,183836.0,4445.05,4445.29,4444.815,True,1.2722,1.271737,1.2727,True,181.81,181814.84,-896.84,-0.49,-2918.0,-1.61,False,183.65,180.92,1.49,4442.09,4459.69,4405.07,54.62,183879.0,183879.0,182178.0,1701.0,183.7,183.7,182.0,1.7,4452.26,4447.45,4442.64,0.2163,4447.45,4439.21,4446.27,4446.95,4445.59,4444.63,4442.45,4442.69,2.32,0.1213,-4.9109,0.311,0.2559,1,0,0,1,1,3,DOMINANT,3828.97,3282.04,710264.84,6204.67,6162.15,3594.41,29942.79,423175.07,34843.89,5652.94,67.28,14.92,99.432,7686.1401,86.54,78600.0312,1808.1,3.732,4.758,5.249,2026-08-25,277159,33825,243334,62453,342038,-279585
2026-09-01T01:21:56.104738+00:00,18052.0,18427.0,180528.0,183446.0,4444.18,4444.11,4444.26,True,1.2722,1.271737,1.2727,True,181.78,181779.36,-1251.36,-0.69,-2918.0,-1.62,False,183.26,180.53,1.49,4442.09,4459.69,4405.07,54.62,183879.0,183879.0,182178.0,1701.0,183.7,183.7,182.0,1.7,4451.81,4447.6,4443.39,0.1893,4447.6,4439.15,4446.23,4446.66,4445.54,4444.66,4442.55,4442.73,2.0,0.0666,-4.8124,0.185,0.2318,1,0,0,1,0,2,EMERGING,3828.23,3281.4,710126.22,6203.46,6160.95,3593.71,29936.95,423092.48,34837.09,5651.83,67.315,14.92,99.443,7686.1401,86.48,78606.0234,1807.1,3.732,4.758,5.249,2026-08-25,277159,33825,243334,62453,342038,-279585
2026-09-01T01:38:16.533111+00:00,18052.0,18427.0,180528.0,183446.0,4443.49,4443.63,4443.355,True,1.2722,1.271737,1.2727,True,181.75,181751.04,-1223.04,-0.67,-2918.0,-1.62,False,183.26,180.53,1.49,4447.29,4459.69,4405.07,54.62,183879.0,183879.0,182178.0,1701.0,183.7,183.7,182.0,1.7,4451.61,4447.31,4443.01,0.1934,4447.31,4439.2,4446.19,4446.28,4445.41,4444.63,4442.62,4442.76,1.65,-0.0699,-4.8311,0.0522,0.1298,1,0,0,1,0,2,EMERGING,3827.63,3280.89,710015.57,6202.49,6159.99,3593.15,29932.28,423026.55,34831.66,5650.95,67.215,14.92,99.465,7686.1401,86.6,78511.4688,1803.6,3.732,4.758,5.249,2026-08-25,277159,33825,243334,62453,342038,-279585
2026-09-01T01:44:25.222478+00:00,18038.0,18414.0,180395.0,183314.0,4444.98,4444.7,4445.265,True,1.2722,1.271737,1.2727,True,181.81,181811.98,-1416.98,-0.78,-2919.0,-1.62,False,183.13,180.39,1.5,4441.1,4459.69,4405.07,54.62,183879.0,183879.0,182178.0,1701.0,183.7,183.7,182.0,1.7,4451.62,4447.05,4442.48,0.2055,4447.05,4439.34,4446.14,4445.85,4445.23,4444.54,4442.65,4442.78,1.31,0.0538,-4.8397,-0.1483,0.0182,1,0,0,0,0,1,NO_TREND,3828.91,3281.99,710253.65,6204.57,6162.06,3594.35,29942.32,423168.4,34843.34,5652.85,67.225,14.92,99.475,7686.1401,86.66,78558.0078,1804.0,3.732,4.758,5.249,2026-08-25,277159,33825,243334,62453,342038,-279585
2026-09-01T06:44:57.644677+00:00,17974.0,18350.0,179754.0,182671.0,4433.46,4433.44,4433.48,True,1.2722,1.271737,1.2727,True,181.34,181340.68,-1586.68,-0.87,-2917.0,-1.62,False,182.49,179.75,1.5,4439.53,4459.69,4422.41,37.28,183253.0,183836.0,183210.0,626.0,183.07,183.65,183.03,0.62,4451.6,4446.94,4442.28,0.2096,4446.94,4439.51,4446.1,4445.71,4445.21,4444.58,4442.74,4442.82,1.13,0.1228,-4.1995,-0.0852,0.0443,1,0,0,0,0,1,NO_TREND,3818.99,3273.49,708412.5,6188.49,6146.08,3585.03,29864.7,422071.44,34753.02,5638.2,67.225,14.92,99.546,7686.1401,86.5,78852.1094,1814.0,3.732,4.758,5.249,2026-08-25,277159,33825,243334,62453,342038,-279585
2026-09-01T06:48:54.713803+00:00,17974.0,18350.0,179754.0,182671.0,4429.65,4429.4,4429.895,True,1.2722,1.271737,1.2727,True,181.18,181184.74,-1430.74,-0.79,-2917.0,-1.62,False,182.49,179.75,1.5,4439.53,4459.69,4422.41,37.28,183253.0,183836.0,182671.0,1165.0,183.07,183.65,182.49,1.16,4453.81,4446.22,4438.63,0.3414,4446.22,4439.37,4446.0,4443.83,4444.09,4443.75,4442.38,4442.63,0.08,-0.1367,-4.4478,-0.3067,-0.2096,0,0,0,0,0,0,NO_TREND,3815.7,3270.67,707803.31,6183.17,6140.8,3581.95,29839.02,421708.49,34723.13,5633.35,67.27,14.92,99.547,7686.1401,86.49,78785.8594,1815.2,3.732,4.758,5.249,2026-08-25,277159,33825,243334,62453,342038,-279585
2026-09-01T07:41:11.245130+00:00,,,,,4416.9,4415.97,4417.825,True,1.2722,1.271737,1.2727,True,180.66,180663.23,,,,,False,,,,4446.81,4459.69,4422.41,37.28,183458.0,183836.0,182671.0,1165.0,183.28,183.65,182.49,1.16,4455.9,4445.33,4434.76,0.4756,4445.33,4439.05,4445.87,4441.65,4442.71,4442.71,4441.88,4442.38,-1.06,-0.3859,-4.3753,-0.4103,-0.4365,0,0,0,0,1,1,NO_TREND,3804.72,3261.26,705766.01,6165.37,6123.12,3571.64,29753.13,420494.67,34623.19,5617.13,67.11,14.97,99.57,7686.1401,87.08,78500.9766,1814.0,3.732,4.758,5.249,2026-08-25,277159,33825,243334,62453,342038,-279585
2026-09-01T07:52:30.460050+00:00,,,,,4420.39,4420.28,4420.495,True,1.2722,1.271737,1.2727,True,180.81,180805.98,,,,,False,,,,4443.66,4459.69,4416.9,42.79,183458.0,183836.0,182671.0,1165.0,183.28,183.65,182.49,1.16,4460.18,4443.76,4427.34,0.739,4443.76,4438.67,4445.69,4437.84,4440.25,4440.8,4440.9,4441.87,-2.96,-0.6022,-4.6506,-0.6869,-0.6987,0,0,0,0,1,1,NO_TREND,3807.73,3263.83,706323.67,6170.24,6127.96,3574.46,29776.64,420826.92,34650.55,5621.57,66.895,15.07,99.604,7686.1401,87.07,78631.9219,1809.1,3.732,4.758,5.249,2026-08-25,277159,33825,243334,62453,342038,-279585
2026-09-01T12:07:38.208342+00:00,17828.0,18204.0,178290.0,181208.0,4371.27,4370.69,4371.85,True,1.2722,1.271737,1.2727,True,178.8,178796.94,-506.94,-0.28,-2918.0,-1.64,False,181.03,178.29,1.51,4447.89,4450.51,4416.9,33.61,183210.0,183836.0,182671.0,1165.0,183.03,183.65,182.49,1.16,4461.64,4442.36,4423.08,0.868,4442.36,4438.61,4445.52,4435.16,4438.36,4439.28,4440.1,4441.45,-4.12,-0.6183,-4.703,-0.6281,-0.6587,0,0,0,0,1,1,NO_TREND,3765.42,3227.57,698475.3,6101.68,6059.87,3534.74,29445.78,416150.87,34265.52,5559.11,65.355,15.71,99.612,7686.1401,87.85,78049.4688,1770.5,3.732,4.758,5.249,2026-08-25,277159,33825,243334,62453,342038,-279585
2026-09-01T12:43:34.433552+00:00,17775.0,18150.0,177758.0,180676.0,4356.88,4356.56,4357.2,True,1.2722,1.271737,1.2727,True,178.21,178208.35,-450.35,-0.25,-2918.0,-1.64,False,180.49,177.76,1.51,4436.5,4450.51,4371.27,79.24,183210.0,183836.0,181208.0,2628.0,183.03,183.65,181.03,2.62,4475.47,4438.51,4401.55,1.6654,4438.51,4437.59,4445.11,4425.33,4431.97,4434.25,4437.4,4440.06,-8.92,-1.4703,-5.7979,-1.7323,-1.8539,0,0,0,0,1,1,NO_TREND,3753.02,3216.94,696175.95,6081.59,6039.92,3523.11,29348.84,414780.92,34152.72,5540.81,65.48,15.82,99.616,7686.1401,87.96,77902.5078,1771.4,3.765,4.788,5.272,2026-08-25,277159,33825,243334,62453,342038,-279585
2026-09-01T13:26:18.005354+00:00,17623.0,17999.0,176244.0,179160.0,4337.47,4335.68,4339.255,True,1.2722,1.271737,1.2727,True,177.41,177414.32,-1170.32,-0.66,-2916.0,-1.65,False,178.98,176.24,1.53,4445.42,4450.51,4356.88,93.63,183210.0,183836.0,180676.0,3160.0,183.03,183.65,180.49,3.16,4485.51,4433.93,4382.35,2.3266,4433.93,4436.27,4444.63,4414.8,4424.82,4428.52,4434.24,4438.41,-13.72,-1.9917,-5.6305,-2.0558,-2.1972,0,0,0,0,1,1,NO_TREND,3736.3,3202.61,693074.07,6054.5,6013.01,3507.41,29218.07,412932.83,34000.55,5516.12,65.01,15.95,99.62,7686.1401,88.19,77771.6016,1765.7,3.768,4.784,5.27,2026-08-25,277159,33825,243334,62453,342038,-279585
2026-09-01T13:31:57.103293+00:00,17623.0,17999.0,176244.0,179160.0,4348.16,4345.96,4350.355,True,1.2722,1.271737,1.2727,True,177.85,177851.57,-1607.57,-0.9,-2916.0,-1.65,False,178.98,176.24,1.53,4435.81,4450.51,4337.47,113.04,183414.0,183836.0,179160.0,4676.0,183.23,183.65,178.98,4.67,4494.84,4428.29,4361.74,3.0057,4428.29,4434.36,4444.04,4402.9,4416.5,4421.77,4430.44,4436.41,-18.87,-2.217,-6.0509,-2.4922,-2.7405,0,0,0,0,1,1,NO_TREND,3745.51,3210.5,694782.2,6069.42,6027.83,3516.05,29290.08,413950.53,34084.35,5529.71,64.94,15.98,99.623,7631.4399,88.26,77912.6719,1760.0,3.768,4.782,5.267,2026-08-25,277159,33825,243334,62453,342038,-279585
2026-09-01T16:58:57.519467+00:00,17744.0,18119.0,177453.0,180367.0,4354.55,4354.02,4355.075,True,1.2726,1.271737,1.2734,True,178.16,178161.94,-708.94,-0.4,-2914.0,-1.64,False,180.19,177.45,1.52,4434.84,4450.51,4337.47,113.04,183414.0,183836.0,179160.0,4676.0,183.23,183.65,178.98,4.67,4498.09,4423.3,4348.51,3.3816,4423.3,4432.71,4443.52,4394.48,4409.99,4416.32,4427.22,4434.66,-21.84,-1.9545,-6.2868,-2.2938,-2.4416,0,0,0,0,1,1,NO_TREND,3751.01,3215.22,695803.25,6078.34,6036.69,3521.22,29333.13,414558.87,34134.44,5537.84,65.545,15.91,99.69,7639.8901,89.25,77570.5781,1768.5,3.772,4.78,5.251,2026-08-25,277159,33825,243334,62453,342038,-279585
2026-09-01T17:26:01.145892+00:00,17744.0,18119.0,177453.0,180367.0,4347.31,4346.89,4347.72,True,1.2726,1.271737,1.2734,True,177.87,177865.62,-412.62,-0.23,-2914.0,-1.64,False,180.19,177.45,1.52,4433.74,4450.51,4337.47,113.04,183414.0,183836.0,179160.0,4676.0,183.23,183.65,178.98,4.67,4498.35,4418.6,4338.85,3.6097,4418.6,4431.17,4443.02,4388.34,4404.71,4411.74,4424.37,4433.08,-23.4,-1.7861,-6.1354,-2.1036,-2.2258,0,0,0,0,1,1,NO_TREND,3744.77,3209.87,694645.98,6068.23,6026.65,3515.37,29284.34,413869.37,34077.67,5528.63,65.435,16.1,99.689,7630.0,89.53,77476.5312,1765.6,3.772,4.786,5.26,2026-08-25,277159,33825,243334,62453,342038,-279585
2026-09-01T17:46:51.482104+00:00,17744.0,18119.0,177453.0,180367.0,4343.27,4343.39,4343.155,True,1.2726,1.271737,1.2734,True,177.7,177700.64,-247.64,-0.14,-2914.0,-1.64,False,180.19,177.45,1.52,4438.49,4450.51,4337.47,113.04,183414.0,183836.0,179160.0,4676.0,183.23,183.65,178.98,4.67,4498.36,4413.67,4328.98,3.8376,4413.67,4429.47,4442.49,4382.02,4399.25,4406.97,4421.35,4431.38,-24.95,-2.0543,-6.4189,-2.2762,-2.2613,0,0,0,0,0,0,NO_TREND,3741.3,3206.89,694001.64,6062.6,6021.06,3512.1,29257.18,413485.47,34046.06,5523.5,65.38,16.01,99.676,7635.2598,89.93,77317.2812,1766.2,3.778,4.788,5.26,2026-08-25,277159,33825,243334,62453,342038,-279585
2026-09-01T17:51:09.625253+00:00,17744.0,18119.0,177453.0,180367.0,4343.42,4342.74,4344.1,True,1.2726,1.271737,1.2734,True,177.71,177706.67,-253.67,-0.14,-2914.0,-1.64,False,180.19,177.45,1.52,4438.49,4450.51,4337.47,113.04,183414.0,183836.0,179160.0,4676.0,183.23,183.65,178.98,4.67,4497.65,4408.65,4319.65,4.0375,4408.65,4427.75,4441.94,4376.06,4393.91,4402.25,4418.28,4429.64,-26.19,-2.1453,-6.5489,-2.3062,-2.22,0,0,0,0,0,0,NO_TREND,3741.43,3207.0,694025.21,6062.81,6021.26,3512.22,29258.17,413499.51,34047.21,5523.69,65.255,15.95,99.693,7633.5698,90.08,77418.6719,1763.6,3.778,4.788,5.261,2026-08-25,277159,33825,243334,62453,342038,-279585
2026-09-01T20:08:30.837449+00:00,17744.0,18119.0,177453.0,180367.0,4328.56,4328.42,4328.7,True,1.2726,1.271737,1.2734,True,177.1,177098.69,354.31,0.2,-2914.0,-1.64,False,180.19,177.45,1.52,4448.77,4450.51,4337.47,113.04,183414.0,183836.0,179160.0,4676.0,183.23,183.65,178.98,4.67,4495.63,4403.66,4311.69,4.177,4403.66,4426.05,4441.39,4371.04,4389.11,4397.89,4415.35,4427.93,-26.85,-2.3681,-6.936,-2.2554,-2.0981,0,0,0,0,0,0,NO_TREND,3728.63,3196.03,691650.76,6042.06,6000.66,3500.21,29158.07,412084.82,33930.73,5504.79,64.655,16.44,99.685,7631.4702,90.61,77256.3672,1747.9,3.772,4.796,5.268,2026-08-25,277159,33825,243334,62453,342038,-279585
2026-09-01T20:10:30.649380+00:00,17744.0,18119.0,177453.0,180367.0,4329.47,4328.76,4330.18,True,1.2726,1.271737,1.2734,True,177.14,177135.92,317.08,0.18,-2914.0,-1.64,False,180.19,177.45,1.52,4448.77,4450.51,4328.56,121.95,183414.0,183836.0,179160.0,4676.0,183.23,183.65,178.98,4.67,4493.5,4397.85,4302.2,4.3499,4397.85,4423.91,4440.76,4364.5,4383.34,4392.76,4411.95,4425.96,-28.26,-2.7021,-7.2544,-2.5836,-2.4284,0,0,0,0,0,0,NO_TREND,3729.41,3196.7,691796.17,6043.33,6001.92,3500.94,29164.2,412171.45,33937.86,5505.95,64.66,16.41,99.692,7631.4702,90.83,77258.7734,1748.3,3.772,4.796,5.268,2026-08-25,277159,33825,243334,62453,342038,-279585
2026-09-01T20:57:06.051985+00:00,17744.0,18119.0,177453.0,180367.0,4328.76,4328.59,4328.94,True,1.2726,1.271737,1.2734,True,177.11,177107.08,345.92,0.2,-2914.0,-1.64,False,180.19,177.45,1.52,4448.33,4450.51,4328.56,121.95,183414.0,183836.0,179160.0,4676.0,183.23,183.65,178.98,4.67,4488.73,4391.8,4294.87,4.4141,4391.8,4421.76,4440.15,4359.11,4378.21,4388.07,4408.71,4424.05,-28.96,-2.672,-7.0556,-2.5927,-2.5072,0,0,0,0,0,0,NO_TREND,3728.8,3196.18,691683.52,6042.35,6000.95,3500.37,29159.45,412104.34,33932.34,5505.05,64.695,16.34,99.672,7631.4702,90.64,77419.1562,1750.4,3.772,4.796,5.268,2026-08-25,277159,33825,243334,62453,342038,-279585
2026-09-01T21:06:22.828953+00:00,17744.0,18119.0,177453.0,180367.0,4328.92,4329.16,4328.68,True,1.2726,1.271737,1.2734,True,177.11,177113.42,339.58,0.19,-2914.0,-1.64,False,180.19,177.45,1.52,4448.33,4450.51,4328.56,121.95,183414.0,183836.0,179160.0,4676.0,183.23,183.65,178.98,4.67,4482.5,4385.73,4288.96,4.4129,4385.73,4419.64,4439.52,4354.44,4373.5,4383.68,4405.58,4422.16,-29.24,-2.688,-7.0842,-2.7356,-2.6243,0,0,0,0,0,0,NO_TREND,3728.94,3196.3,691708.29,6042.57,6001.16,3500.5,29160.5,412119.09,33933.55,5505.25,64.665,16.34,99.666,7631.4702,90.65,77280.4219,1749.8,3.772,4.796,5.268,2026-08-25,277159,33825,243334,62453,342038,-279585
2026-09-01T22:48:25.624636+00:00,17744.0,18119.0,177453.0,180367.0,4327.57,4327.39,4327.745,True,1.2726,1.271737,1.2734,True,177.06,177058.08,394.92,0.22,-2914.0,-1.64,False,180.19,177.45,1.52,4445.8,4450.51,4328.56,121.95,183414.0,183836.0,179160.0,4676.0,183.23,183.65,178.98,4.67,4475.17,4379.81,4284.45,4.3545,4379.81,4417.54,4438.9,4350.52,4369.25,4379.62,4402.57,4420.32,-29.1,-2.629,-7.3302,-2.7205,-2.4097,0,0,0,0,0,0,NO_TREND,3727.77,3195.3,691492.17,6040.68,5999.29,3499.41,29151.39,411990.33,33922.95,5503.53,64.635,16.34,99.654,7631.4702,90.85,77199.9922,1748.4,3.772,4.796,5.268,2026-08-25,277159,33825,243334,62453,342038,-279585
2026-09-01T22:51:12.556154+00:00,17744.0,18119.0,177453.0,180367.0,4328.0,4327.8,4328.2,True,1.2726,1.271737,1.2734,True,177.08,177075.78,377.22,0.21,-2914.0,-1.64,False,180.19,177.45,1.52,4445.8,4450.51,4327.57,122.94,183414.0,183836.0,179160.0,4676.0,183.23,183.65,178.98,4.67,4466.8,4373.93,4281.06,4.2465,4373.93,4415.39,4438.27,4346.99,4365.28,4375.76,4399.63,4418.48,-28.77,-2.6594,-7.3873,-2.6961,-2.1695,0,0,0,0,0,0,NO_TREND,3728.14,3195.62,691561.28,6041.28,5999.88,3499.75,29154.3,412031.51,33926.34,5504.08,64.545,16.34,99.654,7631.4702,90.83,77307.5781,1748.0,3.772,4.796,5.268,2026-08-25,277159,33825,243334,62453,342038,-279585
2026-09-01T23:14:01.912786+00:00,17744.0,18119.0,177453.0,180367.0,4331.38,4330.35,4332.4,True,1.2726,1.271737,1.2734,True,177.21,177213.86,239.14,0.13,-2914.0,-1.64,False,180.19,177.45,1.52,4443.64,4450.51,4327.57,122.94,183414.0,183836.0,179160.0,4676.0,183.23,183.65,178.98,4.67,4456.94,4368.12,4279.3,4.0667,4368.12,4413.29,4437.64,4344.07,4361.73,4372.23,4396.82,4416.69,-28.16,-2.6024,-7.1085,-2.6333,-2.1348,0,0,0,0,0,0,NO_TREND,3731.05,3198.11,692100.57,6045.99,6004.56,3502.48,29177.03,412352.81,33952.8,5508.37,64.67,16.34,99.654,7631.4702,90.77,77213.3125,1749.0,3.772,4.796,5.268,2026-08-25,277159,33825,243334,62453,342038,-279585
2026-09-01T23:21:15.145431+00:00,17744.0,18119.0,177453.0,180367.0,4330.24,4329.8,4330.675,True,1.2726,1.271737,1.2734,True,177.17,177167.32,285.68,0.16,-2914.0,-1.64,False,180.19,177.45,1.52,4443.36,4450.51,4327.57,122.94,183414.0,183836.0,179160.0,4676.0,183.23,183.65,178.98,4.67,4445.25,4362.52,4279.79,3.7928,4362.52,4411.25,4437.04,4342.11,4358.84,4369.2,4394.25,4415.0,-27.09,-2.5202,-7.036,-2.5382,-2.0606,0,0,0,0,0,0,NO_TREND,3730.07,3197.27,691918.81,6044.41,6002.99,3501.56,29169.37,412244.52,33943.88,5506.92,64.72,16.34,99.654,7631.4702,90.81,77247.9375,1749.1,3.772,4.796,5.268,2026-08-25,277159,33825,243334,62453,342038,-279585
2026-09-02T00:39:10.401934+00:00,17610.0,17985.0,176108.0,179023.0,4326.62,4328.76,4324.49,True,1.2732,1.273026,1.2734,True,177.11,177109.17,-1001.17,-0.57,-2915.0,-1.66,False,178.84,176.11,1.53,4449.98,4449.98,4327.57,122.41,183836.0,183836.0,179160.0,4676.0,183.65,183.65,178.98,4.67,4430.9,4356.78,4282.66,3.4025,4356.78,4409.08,4436.42,4340.29,4356.12,4366.32,4391.74,4413.32,-26.03,-2.6908,-6.6165,-2.5487,-2.3181,0,0,0,0,0,0,NO_TREND,3731.73,3199.14,692752.38,6053.64,6009.95,3510.39,29148.1,411033.3,33925.82,5507.91,64.71,16.34,99.707,7631.4702,91.18,77138.1797,1739.0,3.772,4.796,5.268,2026-08-25,277159,33825,243334,62453,342038,-279585
2026-09-02T01:06:48.455289+00:00,,,,,4306.56,4305.43,4307.69,True,1.2732,1.273026,1.2734,True,176.29,176287.82,,,,,False,,,,4447.48,4447.48,4326.62,120.86,183836.0,183836.0,179023.0,4813.0,183.65,183.65,178.84,4.81,4417.23,4351.44,4285.65,3.0238,4351.44,4406.98,4435.78,4338.19,4353.31,4363.37,4389.19,4411.6,-25.18,-2.7175,-6.8617,-2.6628,-2.3568,0,0,1,0,0,1,NO_TREND,3714.42,3184.3,689539.7,6025.56,5982.08,3494.11,29012.92,409127.11,33768.49,5482.36,64.58,16.34,99.727,7631.4702,91.8,77132.6797,1737.5,3.772,4.796,5.268,2026-08-25,277159,33825,243334,62453,342038,-279585
2026-09-02T01:22:20.455971+00:00,17550.0,17925.0,175508.0,178422.0,4321.6,4321.59,4321.605,True,1.2732,1.273026,1.2734,True,176.9,176903.37,-1395.37,-0.79,-2914.0,-1.66,False,178.24,175.51,1.53,4443.49,4444.98,4306.56,138.42,183446.0,183446.0,179023.0,4423.0,183.26,183.26,178.84,4.42,4402.77,4345.28,4287.79,2.6461,4345.28,4404.57,4435.05,4333.32,4348.86,4359.17,4385.95,4409.52,-25.85,-3.0816,-7.2534,-2.8623,-2.8121,0,0,1,0,0,1,NO_TREND,3727.39,3195.42,691947.41,6046.6,6002.97,3506.31,29114.23,410555.68,33886.4,5501.51,64.43,16.34,99.741,7631.4702,91.78,77234.1172,1736.7,3.772,4.796,5.268,2026-08-25,277159,33825,243334,62453,342038,-279585
2026-09-02T04:14:46.436453+00:00,17503.0,17879.0,175045.0,177958.0,4303.93,4303.79,4304.07,True,1.2732,1.273026,1.2734,True,176.18,176180.16,-1135.16,-0.64,-2913.0,-1.66,False,177.78,175.04,1.54,4433.46,4433.46,4306.56,126.9,182671.0,182671.0,178422.0,4249.0,182.49,182.49,178.24,4.25,4387.93,4340.52,4293.11,2.1845,4340.52,4402.41,4434.39,4331.52,4346.26,4356.38,4383.43,4407.78,-24.86,-2.5231,-6.9072,-2.4392,-2.4978,0,0,1,0,1,2,EMERGING,3712.15,3182.36,689118.6,6021.88,5978.43,3491.98,28995.2,408877.25,33747.86,5479.01,64.255,16.34,99.778,7631.4702,90.66,77325.8594,1731.8,3.772,4.796,5.268,2026-08-25,277159,33825,243334,62453,342038,-279585
2026-09-02T05:08:50.385564+00:00,17503.0,17879.0,175045.0,177958.0,4305.33,4305.66,4304.995,True,1.2732,1.273026,1.2734,True,176.24,176237.37,-1192.37,-0.68,-2913.0,-1.66,False,177.78,175.04,1.54,4433.46,4433.46,4303.93,129.53,182671.0,182671.0,177958.0,4713.0,182.49,182.49,177.78,4.71,4367.0,4334.7,4302.4,1.4903,4334.7,4399.83,4433.65,4327.27,4342.23,4352.5,4380.31,4405.73,-25.23,-2.9216,-7.2843,-2.5577,-2.8364,0,0,1,0,1,2,EMERGING,3713.36,3183.39,689342.36,6023.84,5980.37,3493.11,29004.62,409010.02,33758.82,5480.79,64.34,16.34,99.789,7631.4702,90.57,77423.25,1737.5,3.772,4.796,5.268,2026-08-25,277159,33825,243334,62453,342038,-279585
2026-09-02T05:52:54.216005+00:00,17559.0,17934.0,175602.0,178515.0,4322.65,4322.38,4322.915,True,1.2732,1.273026,1.2734,True,176.95,176946.36,-1344.36,-0.76,-2913.0,-1.66,False,178.33,175.6,1.53,4433.46,4433.46,4303.93,129.53,182671.0,182671.0,177958.0,4713.0,182.49,182.49,177.78,4.71,4361.36,4331.4,4301.44,1.3834,4331.4,4397.26,4432.91,4323.9,4338.72,4349.0,4377.37,4403.74,-25.1,-2.8901,-7.1733,-2.6029,-2.778,0,0,1,0,1,2,EMERGING,3728.3,3196.2,692115.53,6048.07,6004.43,3507.16,29121.3,410655.43,33894.63,5502.84,64.555,16.34,99.745,7631.4702,90.71,77678.3984,1747.4,3.772,4.796,5.268,2026-08-25,277159,33825,243334,62453,342038,-279585
2026-09-02T06:23:26.134763+00:00,17559.0,17934.0,175602.0,178515.0,4322.74,4322.53,4322.945,True,1.2732,1.273026,1.2734,True,176.95,176950.04,-1348.04,-0.76,-2913.0,-1.66,False,178.33,175.6,1.53,4433.46,4433.46,4303.93,129.53,182671.0,182671.0,177958.0,4713.0,182.49,182.49,177.78,4.71,4357.34,4329.69,4302.04,1.2772,4329.69,4394.98,4432.25,4323.7,4337.19,4347.05,4375.22,4402.13,-23.35,-2.4994,-6.6146,-1.1123,-2.546,0,0,1,0,1,2,EMERGING,3728.37,3196.26,692129.94,6048.2,6004.55,3507.24,29121.91,410663.98,33895.34,5502.96,64.685,16.34,99.668,7631.4702,90.64,77541.0469,1747.4,3.772,4.796,5.268,2026-08-25,277159,33825,243334,62453,342038,-279585
2026-09-02T09:27:18.681306+00:00,17548.0,17924.0,175494.0,178408.0,4305.43,4305.03,4305.825,True,1.2732,1.273026,1.2734,True,176.24,176241.46,-747.46,-0.42,-2914.0,-1.66,False,178.23,175.49,1.54,4371.27,4371.27,4303.93,67.34,181208.0,181208.0,177958.0,3250.0,181.03,181.03,177.78,3.25,4356.52,4328.95,4301.38,1.2737,4328.95,4392.6,4431.59,4323.56,4335.81,4345.25,4373.16,4400.56,-21.69,-1.1102,-6.4502,-0.7836,-2.5767,0,0,1,0,1,2,EMERGING,3713.44,3183.46,689358.37,6023.98,5980.51,3493.19,29005.29,409019.52,33759.61,5480.92,64.4,16.61,99.784,7631.4702,90.48,76769.4297,1733.9,3.772,4.796,5.268,2026-08-25,277159,33825,243334,62453,342038,-279585
2026-09-02T09:58:53.420020+00:00,17514.0,17890.0,175154.0,178068.0,4308.36,4308.14,4308.585,True,1.2732,1.273026,1.2734,True,176.36,176361.6,-1207.6,-0.68,-2914.0,-1.66,False,177.89,175.15,1.54,4371.27,4371.27,4303.93,67.34,181208.0,181208.0,177958.0,3250.0,181.03,181.03,177.78,3.25,4354.74,4326.82,4298.9,1.2906,4326.82,4389.7,4430.85,4320.77,4332.92,4342.3,4370.51,4398.68,-21.53,-1.5062,-6.8748,-0.7387,-2.9104,0,0,1,0,1,2,EMERGING,3715.98,3185.63,689828.3,6028.08,5984.59,3495.57,29025.06,409298.35,33782.62,5484.66,64.265,16.79,99.803,7631.4702,90.19,76680.6172,1728.7,3.772,4.796,5.268,2026-08-25,277159,33825,243334,62453,342038,-279585
2026-09-02T11:25:29.813621+00:00,17529.0,17905.0,175305.0,178220.0,4318.91,4318.54,4319.285,True,1.2732,1.273026,1.2734,True,176.79,176793.47,-1488.47,-0.84,-2915.0,-1.66,False,178.04,175.3,1.54,4371.27,4371.27,4303.93,67.34,181208.0,181208.0,177958.0,3250.0,181.03,181.03,177.78,3.25,4350.33,4324.51,4298.69,1.1941,4324.51,4386.89,4430.13,4318.86,4330.58,4339.79,4368.07,4396.89,-20.93,-1.4392,-6.7473,-0.9153,-2.8342,0,0,1,0,1,2,EMERGING,3725.07,3193.43,691517.51,6042.85,5999.24,3504.13,29096.14,410300.6,33865.34,5498.09,64.63,16.66,99.79,7631.4702,89.6,76370.0,1729.8,3.772,4.796,5.268,2026-08-25,277159,33825,243334,62453,342038,-279585
2026-09-02T11:41:40.394543+00:00,17552.0,17928.0,175536.0,178450.0,4329.72,4330.52,4328.91,True,1.2732,1.273026,1.2734,True,177.24,177235.66,-1699.66,-0.96,-2914.0,-1.66,False,178.27,175.53,1.54,4371.27,4371.27,4303.93,67.34,181208.0,181208.0,177958.0,3250.0,181.03,181.03,177.78,3.25,4346.66,4323.09,4299.52,1.0904,4323.09,4384.33,4429.45,4318.87,4329.47,4338.24,4366.14,4395.34,-19.37,-1.1978,-6.4663,-0.8185,-2.6141,0,0,1,0,1,2,EMERGING,3734.39,3201.42,693247.13,6057.96,6014.25,3512.9,29168.91,411326.85,33950.05,5511.84,64.65,16.47,99.8,7631.4702,89.57,76641.9922,1737.1,3.772,4.796,5.268,2026-08-25,277159,33825,243334,62453,342038,-279585
2026-09-02T14:19:23.469429+00:00,17801.0,18176.0,178019.0,180931.0,4387.92,4386.39,4389.445,True,1.2731,1.273026,1.2732,True,179.6,179604.06,-1585.06,-0.88,-2912.0,-1.64,False,180.75,178.02,1.51,4354.55,4354.55,4303.93,50.62,180367.0,180367.0,177958.0,2409.0,180.19,180.19,177.78,2.41,4344.25,4322.41,4300.57,1.0105,4322.41,4381.97,4428.83,4320.54,4329.49,4337.61,4364.71,4394.04,-17.07,-0.5702,-6.3516,-0.4046,-2.3311,0,0,1,0,1,2,EMERGING,3784.59,3244.46,702566.16,6139.39,6095.09,3560.12,29561.02,416856.14,34406.42,5585.93,66.145,15.71,99.501,7666.0698,89.32,77266.6875,1780.4,3.772,4.786,5.257,2026-08-25,277159,33825,243334,62453,342038,-279585
2026-09-02T14:45:01.106156+00:00,17801.0,18176.0,178019.0,180931.0,4384.3,4383.19,4385.415,True,1.2731,1.273026,1.2732,True,179.46,179456.09,-1437.09,-0.8,-2912.0,-1.64,False,180.75,178.02,1.51,4354.55,4387.92,4303.93,83.99,180367.0,180931.0,177958.0,2973.0,180.19,180.75,177.78,2.97,4360.22,4324.63,4289.04,1.6459,4324.63,4380.78,4428.5,4330.9,4335.06,4341.34,4365.62,4393.92,-10.44,0.7663,-4.8592,1.028,-1.0334,0,0,1,1,1,3,DOMINANT,3781.47,3241.78,701987.35,6134.34,6090.07,3557.19,29536.66,416512.71,34378.08,5581.33,65.8,15.46,99.555,7680.3701,90.04,77278.3984,1770.4,3.772,4.792,5.262,2026-08-25,277159,33825,243334,62453,342038,-279585
2026-09-02T16:39:03.330043+00:00,17801.0,18176.0,178019.0,180931.0,4367.9,4367.86,4367.945,True,1.2731,1.273026,1.2732,True,178.78,178784.81,-765.81,-0.43,-2912.0,-1.64,False,180.75,178.02,1.51,4354.55,4387.92,4303.93,83.99,180367.0,180931.0,177958.0,2973.0,180.19,180.75,177.78,2.97,4371.92,4327.42,4282.92,2.0567,4327.42,4379.5,4428.15,4339.12,4339.75,4344.52,4366.36,4393.73,-5.4,0.6832,-4.469,0.9412,-1.2209,0,0,1,1,1,3,DOMINANT,3767.33,3229.66,699361.48,6111.39,6067.29,3543.88,29426.18,414954.7,34249.48,5560.45,65.6,15.42,99.555,7667.5898,90.92,77375.2266,1765.5,3.772,4.804,5.274,2026-08-25,277159,33825,243334,62453,342038,-279585
2026-09-02T16:50:36.106674+00:00,17801.0,18176.0,178019.0,180931.0,4364.95,4364.99,4364.915,True,1.2731,1.273026,1.2732,True,178.66,178664.07,-645.07,-0.36,-2912.0,-1.64,False,180.75,178.02,1.51,4354.55,4387.92,4303.93,83.99,180367.0,180931.0,177958.0,2973.0,180.19,180.75,177.78,2.97,4377.39,4329.34,4281.29,2.2197,4329.34,4377.89,4427.72,4343.55,4342.43,4346.25,4366.42,4393.22,-2.7,0.3066,-4.8263,0.9088,-1.4399,0,0,1,1,1,3,DOMINANT,3764.78,3227.48,698889.14,6107.26,6063.19,3541.49,29406.31,414674.45,34226.35,5556.7,65.505,15.39,99.558,7664.9302,91.06,77227.2812,1763.0,3.772,4.798,5.27,2026-08-25,277159,33825,243334,62453,342038,-279585
2026-09-02T18:08:49.929601+00:00,17801.0,18176.0,178019.0,180931.0,4373.98,4373.89,4374.075,True,1.2731,1.273026,1.2732,True,179.03,179033.68,-1014.68,-0.57,-2912.0,-1.64,False,180.75,178.02,1.51,4328.56,4387.92,4303.93,83.99,180367.0,180931.0,177958.0,2973.0,180.19,180.75,177.78,2.97,4381.77,4331.15,4280.53,2.3375,4331.15,4376.22,4427.28,4346.84,4344.57,4347.64,4366.36,4392.66,-0.8,0.8407,-5.1275,0.8195,-1.4054,0,0,1,1,1,3,DOMINANT,3772.57,3234.15,700334.97,6119.9,6075.74,3548.81,29467.14,415532.3,34297.16,5568.19,65.67,15.27,99.584,7667.7598,90.92,77313.4688,1765.9,3.772,4.79,5.262,2026-08-25,277159,33825,243334,62453,342038,-279585
2026-09-02T18:33:11.531790+00:00,17801.0,18176.0,178019.0,180931.0,4374.87,4373.77,4375.97,True,1.2731,1.273026,1.2732,True,179.07,179070.0,-1051.0,-0.59,-2912.0,-1.64,False,180.75,178.02,1.51,4328.56,4387.92,4303.93,83.99,180367.0,180931.0,177958.0,2973.0,180.19,180.75,177.78,2.97,4387.49,4333.4,4279.31,2.4964,4333.4,4374.73,4426.88,4351.01,4347.37,4349.59,4366.66,4392.29,1.42,1.0493,-4.8475,1.0446,-1.2481,0,0,1,1,1,3,DOMINANT,3773.34,3234.81,700477.07,6121.14,6076.97,3549.53,29473.12,415616.62,34304.12,5569.32,65.635,15.23,99.593,7671.2598,91.31,77424.6016,1764.0,3.772,4.796,5.268,2026-08-25,277159,33825,243334,62453,342038,-279585
2026-09-02T19:50:09.652581+00:00,17801.0,18176.0,178019.0,180931.0,4385.85,4385.01,4386.685,True,1.2731,1.273026,1.2732,True,179.52,179519.33,-1500.33,-0.84,-2912.0,-1.64,False,180.75,178.02,1.51,4328.56,4387.92,4303.93,83.99,180367.0,180931.0,177958.0,2973.0,180.19,180.75,177.78,2.97,4392.84,4335.77,4278.7,2.6325,4335.77,4373.23,4426.49,4354.68,4349.99,4351.46,4366.98,4391.95,3.22,1.0699,-4.7608,1.0615,-1.3149,0,0,1,1,1,3,DOMINANT,3782.81,3242.93,702234.72,6136.5,6092.22,3558.44,29547.07,416659.49,34390.19,5583.3,65.83,15.22,99.59,7669.8398,91.0,77179.0391,1765.8,3.772,4.796,5.267,2026-08-25,277159,33825,243334,62453,342038,-279585
2026-09-02T20:05:33.794970+00:00,17801.0,18176.0,178019.0,180931.0,4390.22,4390.32,4390.115,True,1.2731,1.273026,1.2732,True,179.7,179698.2,-1679.2,-0.93,-2912.0,-1.64,False,180.75,178.02,1.51,4328.56,4387.92,4303.93,83.99,180367.0,180931.0,177958.0,2973.0,180.19,180.75,177.78,2.97,4399.79,4338.66,4277.53,2.8179,4338.66,4371.98,4426.14,4359.48,4353.41,4354.01,4367.72,4391.83,5.47,1.3235,-4.4762,1.3467,-1.079,0,0,1,1,1,3,DOMINANT,3786.58,3246.16,702934.42,6142.61,6098.29,3561.99,29576.51,417074.64,34424.46,5588.86,65.875,15.29,99.588,7666.5698,90.8,77431.0703,1767.5,3.772,4.796,5.267,2026-08-25,277159,33825,243334,62453,342038,-279585
2026-09-02T21:21:59.612360+00:00,17801.0,18176.0,178019.0,180931.0,4387.16,4386.29,4388.02,True,1.2731,1.273026,1.2732,True,179.57,179572.85,-1553.85,-0.87,-2912.0,-1.64,False,180.75,178.02,1.51,4327.57,4390.22,4303.93,86.29,180367.0,180931.0,177958.0,2973.0,180.19,180.75,177.78,2.97,4406.78,4341.6,4276.42,3.0026,4341.6,4370.81,4425.83,4364.21,4356.91,4356.69,4368.6,4391.79,7.52,1.4477,-4.4354,1.4376,-1.0507,0,0,1,1,1,3,DOMINANT,3783.93,3243.89,702444.07,6138.33,6094.03,3559.5,29555.88,416783.7,34400.45,5584.96,65.93,15.2,99.557,7666.6001,90.63,77253.2891,1768.3,3.772,4.796,5.267,2026-08-25,277159,33825,243334,62453,342038,-279585
2026-09-02T21:44:00.725597+00:00,17801.0,18176.0,178019.0,180931.0,4387.16,4386.29,4388.02,True,1.2731,1.273026,1.2732,True,179.57,179572.85,-1553.85,-0.87,-2912.0,-1.64,False,180.75,178.02,1.51,4327.57,4390.22,4303.93,86.29,180367.0,180931.0,177958.0,2973.0,180.19,180.75,177.78,2.97,4412.45,4344.45,4276.45,3.1304,4344.45,4369.64,4425.5,4367.74,4359.79,4358.95,4369.33,4391.7,8.79,1.377,-4.482,1.2878,-1.2315,0,0,1,1,1,3,DOMINANT,3783.93,3243.89,702444.07,6138.33,6094.03,3559.5,29555.88,416783.7,34400.45,5584.96,65.93,15.2,99.56,7666.6001,90.63,77396.2734,1768.3,3.772,4.796,5.267,2026-08-25,277159,33825,243334,62453,342038,-279585
2026-09-02T22:41:11.001741+00:00,17801.0,18176.0,178019.0,180931.0,4387.34,4387.16,4387.53,True,1.2731,1.273026,1.2732,True,179.58,179580.62,-1561.62,-0.87,-2912.0,-1.64,False,180.75,178.02,1.51,4327.57,4390.22,4303.93,86.29,180367.0,180931.0,177958.0,2973.0,180.19,180.75,177.78,2.97,4417.5,4347.48,4277.46,3.2212,4347.48,4368.51,4425.17,4370.73,4362.4,4361.04,4370.03,4391.61,9.69,1.377,-4.7938,1.3145,-1.4141,0,0,1,1,1,3,DOMINANT,3784.1,3244.03,702474.49,6138.59,6094.3,3559.65,29557.16,416801.75,34401.94,5585.2,66.0,15.2,99.577,7666.6001,90.75,77118.7422,1769.2,3.772,4.796,5.267,2026-08-25,277159,33825,243334,62453,342038,-279585
2026-09-02T22:49:25.786059+00:00,17801.0,18176.0,178019.0,180931.0,4383.98,4383.61,4384.34,True,1.2731,1.273026,1.2732,True,179.44,179442.69,-1423.69,-0.79,-2912.0,-1.64,False,180.75,178.02,1.51,4328.0,4390.22,4303.93,86.29,180367.0,180931.0,177958.0,2973.0,180.19,180.75,177.78,2.97,4420.92,4351.52,4282.12,3.1897,4351.52,4367.39,4424.83,4373.28,4364.77,4362.99,4370.71,4391.53,10.29,1.3711,-4.7899,1.4034,-1.3808,0,0,1,1,1,3,DOMINANT,3781.19,3241.54,701934.91,6133.88,6089.62,3556.92,29534.46,416481.6,34375.51,5580.91,66.005,15.2,99.577,7666.6001,90.78,77031.3125,1769.8,3.772,4.796,5.267,2026-08-25,277159,33825,243334,62453,342038,-279585
2026-09-02T23:36:32.587241+00:00,17801.0,18176.0,178019.0,180931.0,4381.51,4381.36,4381.665,True,1.2731,1.273026,1.2732,True,179.34,179341.89,-1322.89,-0.74,-2912.0,-1.64,False,180.75,178.02,1.51,4326.62,4390.22,4303.93,86.29,179023.0,180931.0,177958.0,2973.0,178.84,180.75,177.78,2.97,4423.99,4354.64,4285.29,3.1851,4354.64,4366.18,4424.49,4374.93,4366.6,4364.54,4371.23,4391.38,10.39,1.3257,-5.1489,1.7977,-1.4194,0,0,1,1,1,3,DOMINANT,3779.07,3239.72,701540.63,6130.43,6086.2,3554.92,29517.87,416247.66,34356.2,5577.78,65.83,15.2,99.577,7666.6001,90.71,77101.9531,1765.5,3.772,4.796,5.267,2026-08-25,277159,33825,243334,62453,342038,-279585
2026-09-03T00:01:26.917913+00:00,17801.0,18176.0,178019.0,180931.0,4386.61,4386.99,4386.235,True,1.2731,1.273026,1.2732,True,179.55,179550.64,-1531.64,-0.85,-2912.0,-1.64,False,180.75,178.02,1.51,4326.62,4390.22,4303.93,86.29,179023.0,180931.0,177958.0,2973.0,178.84,180.75,177.78,2.97,4424.51,4358.51,4292.51,3.0286,4358.51,4364.8,4424.12,4375.94,4368.02,4365.8,4371.63,4391.18,10.14,1.2687,-5.2519,1.3863,-1.4926,0,0,1,1,1,3,DOMINANT,3783.47,3243.49,702357.21,6137.57,6093.28,3559.06,29552.23,416732.17,34396.19,5584.27,65.955,15.2,99.599,7666.6001,90.61,77307.3125,1769.7,3.772,4.796,5.267,2026-08-25,277159,33825,243334,62453,342038,-279585
2026-09-03T01:09:16.574516+00:00,17800.0,18175.0,178007.0,180921.0,4399.58,4398.13,4401.02,True,1.2725,1.271719,1.2732,True,179.99,179988.78,-1981.78,-1.1,-2914.0,-1.64,False,180.74,178.0,1.52,4321.6,4390.22,4303.93,86.29,178422.0,180931.0,177958.0,2973.0,178.24,180.75,177.78,2.97,4424.69,4362.58,4300.47,2.8474,4362.58,4363.53,4423.79,4377.58,4369.79,4367.34,4372.22,4391.09,10.24,1.5043,-5.4019,1.921,-1.368,0,0,1,1,1,3,DOMINANT,3798.37,3262.59,699922.98,6144.82,6100.01,3578.53,29637.6,417486.43,34500.68,5595.02,65.915,15.2,99.55,7666.6001,90.75,77255.3984,1768.9,3.772,4.796,5.267,2026-08-25,277159,33825,243334,62453,342038,-279585
2026-09-03T01:25:23.763761+00:00,17832.0,18207.0,178334.0,181248.0,4395.92,4395.82,4396.025,True,1.2725,1.271719,1.2732,True,179.84,179839.35,-1505.35,-0.84,-2914.0,-1.63,False,181.07,178.33,1.51,4303.93,4399.58,4303.93,95.65,177958.0,180931.0,177958.0,2973.0,177.78,180.75,177.78,2.97,4427.64,4366.42,4305.2,2.8041,4366.42,4362.57,4423.52,4380.97,4372.63,4369.73,4373.29,4391.26,11.24,2.2224,-5.1222,2.1891,-1.0959,1,0,1,1,1,4,DOMINANT,3795.22,3259.88,699341.91,6139.72,6094.94,3575.56,29612.99,417139.84,34472.04,5590.38,66.225,15.2,99.543,7666.6001,90.75,77329.5938,1771.0,3.772,4.796,5.267,2026-08-25,277159,33825,243334,62453,342038,-279585
2026-09-03T01:31:34.749880+00:00,17832.0,18207.0,178334.0,181248.0,4405.9,4404.45,4407.345,True,1.2725,1.271719,1.2732,True,180.25,180247.44,-1913.44,-1.06,-2914.0,-1.63,False,181.07,178.33,1.51,4303.93,4399.58,4303.93,95.65,177958.0,181248.0,177958.0,3290.0,177.78,181.07,177.78,3.29,4429.01,4370.08,4311.15,2.697,4370.08,4361.59,4423.23,4383.27,4374.85,4371.67,4374.18,4391.35,11.6,2.1373,-5.2011,1.695,-1.1782,1,0,1,1,1,4,DOMINANT,3803.83,3267.28,700928.82,6153.66,6108.77,3583.67,29680.19,418086.39,34550.26,5603.06,66.29,15.2,99.543,7666.6001,90.85,77370.7734,1775.4,3.772,4.796,5.267,2026-08-25,277159,33825,243334,62453,342038,-279585
2026-09-03T04:10:19.006636+00:00,17969.0,18344.0,179703.0,182617.0,4432.34,4432.29,4432.4,True,1.2725,1.271719,1.2732,True,181.33,181329.42,-1626.42,-0.9,-2914.0,-1.62,False,182.44,179.7,1.5,4303.93,4405.9,4303.93,101.97,177958.0,181248.0,177958.0,3290.0,177.78,181.07,177.78,3.29,4427.62,4375.11,4322.6,2.4004,4375.11,4360.82,4422.99,4386.75,4377.81,4374.2,4375.42,4391.64,12.55,2.3692,-4.7113,1.9238,-0.9538,1,0,1,1,1,4,DOMINANT,3826.66,3286.89,705136.32,6190.59,6145.44,3605.19,29858.35,420596.06,34757.66,5636.7,66.655,15.2,99.411,7666.6001,91.01,77763.6562,1783.3,3.772,4.796,5.267,2026-08-25,277159,33825,243334,62453,342038,-279585
2026-09-03T05:52:44.405066+00:00,17949.0,18324.0,179499.0,182413.0,4437.1,4436.4,4437.8,True,1.2725,1.271719,1.2732,True,181.52,181523.95,-2024.95,-1.12,-2914.0,-1.62,False,182.23,179.5,1.5,4322.65,4432.34,4305.43,126.91,178515.0,182617.0,178068.0,4549.0,178.33,182.44,177.89,4.55,4429.75,4381.31,4332.87,2.2112,4381.31,4360.6,4422.88,4393.76,4383.0,4378.51,4377.66,4392.45,15.25,2.5376,-3.7408,2.9477,-0.3595,1,0,1,1,1,4,DOMINANT,3830.77,3290.42,705892.79,6197.24,6152.03,3609.05,29890.38,421047.27,34794.94,5642.74,66.27,15.2,99.379,7666.6001,89.94,77676.8828,1778.5,3.772,4.796,5.267,2026-08-25,277159,33825,243334,62453,342038,-279585
2026-09-03T06:27:51.822461+00:00,17981.0,18357.0,179825.0,182740.0,4422.95,4422.76,4423.15,True,1.2725,1.271719,1.2732,True,180.95,180945.27,-1120.27,-0.62,-2915.0,-1.62,False,182.56,179.82,1.5,4305.43,4437.1,4305.43,131.67,178408.0,182617.0,178068.0,4549.0,178.23,182.44,177.89,4.55,4432.33,4387.22,4342.11,2.0564,4387.22,4360.44,4422.8,4400.43,4388.15,4382.85,4379.99,4393.33,17.58,3.0582,-3.7359,2.9881,-0.2953,1,0,1,1,1,4,DOMINANT,3818.55,3279.93,703642.48,6177.48,6132.42,3597.55,29795.09,419705.02,34684.02,5624.76,66.515,15.2,99.356,7666.6001,89.93,77720.0,1782.1,3.772,4.796,5.267,2026-08-25,277159,33825,243334,62453,342038,-279585
2026-09-03T06:31:33.122414+00:00,17981.0,18357.0,179825.0,182740.0,4421.9,4421.8,4422.0,True,1.2725,1.271719,1.2732,True,180.9,180902.11,-1077.11,-0.6,-2915.0,-1.62,False,182.56,179.82,1.5,4305.43,4437.1,4305.43,131.67,178408.0,182740.0,178068.0,4672.0,178.23,182.56,177.89,4.67,4430.83,4391.88,4352.93,1.7737,4391.88,4360.23,4422.65,4403.89,4391.47,4385.82,4381.67,4393.92,18.07,2.7296,-4.0429,2.4089,-0.5659,1,0,0,1,1,3,DOMINANT,3817.64,3279.14,703474.64,6176.01,6130.96,3596.69,29787.99,419604.91,34675.75,5623.41,66.38,15.2,99.379,7666.6001,89.78,77728.8281,1780.1,3.772,4.796,5.267,2026-08-25,277159,33825,243334,62453,342038,-279585
2026-09-03T09:37:08.271086+00:00,17990.0,18365.0,179912.0,182824.0,4436.22,4437.38,4435.05,True,1.2725,1.271719,1.2732,True,181.49,181487.74,-1575.74,-0.87,-2912.0,-1.62,False,182.64,179.91,1.49,4308.36,4437.1,4308.36,128.74,178068.0,182740.0,178068.0,4672.0,177.89,182.56,177.89,4.67,4434.7,4393.58,4352.46,1.8718,4393.58,4360.08,4422.49,4406.66,4394.36,4388.49,4383.25,4394.47,18.17,2.6353,-3.4943,2.129,-0.5995,1,0,1,1,1,4,DOMINANT,3830.0,3289.76,705752.0,6196.0,6150.81,3608.33,29884.42,420963.29,34788.0,5641.62,66.355,15.21,99.243,7666.6001,91.5,77744.6719,1778.6,3.772,4.796,5.267,2026-08-25,277159,33825,243334,62453,342038,-279585
2026-09-03T11:21:50.783371+00:00,17944.0,18319.0,179450.0,182361.0,4431.91,4431.26,4432.555,True,1.2725,1.271719,1.2732,True,181.31,181311.52,-1861.52,-1.03,-2911.0,-1.62,False,182.18,179.45,1.5,4318.91,4437.1,4318.91,118.19,178220.0,182824.0,178220.0,4604.0,178.04,182.64,178.04,4.6,4441.2,4396.17,4351.14,2.0486,4396.17,4360.46,4422.4,4411.21,4398.35,4392.03,4385.33,4395.3,19.18,2.7162,-3.4765,1.1007,-0.2155,1,0,1,1,1,4,DOMINANT,3826.28,3286.57,705066.72,6189.98,6144.84,3604.83,29855.4,420554.54,34754.23,5636.14,66.35,15.33,99.175,7666.6001,92.33,77817.8594,1774.2,3.772,4.796,5.267,2026-08-25,277159,33825,243334,62453,342038,-279585
2026-09-03T11:41:27.111842+00:00,17944.0,18319.0,179450.0,182361.0,4437.88,4438.09,4437.66,True,1.2725,1.271719,1.2732,True,181.56,181555.65,-2105.65,-1.16,-2911.0,-1.62,False,182.18,179.45,1.5,4329.72,4437.1,4329.72,107.38,178450.0,182824.0,178450.0,4374.0,178.27,182.64,178.27,4.37,4445.03,4399.37,4353.71,2.0758,4399.37,4360.69,4422.29,4414.4,4401.55,4394.98,4387.15,4396.02,19.42,2.3602,-3.5703,1.0859,-0.264,1,0,1,1,1,4,DOMINANT,3831.43,3290.99,706016.08,6198.32,6153.11,3609.68,29895.6,421120.81,34801.02,5643.73,66.275,15.25,99.198,7666.6001,92.72,77911.6484,1771.0,3.772,4.796,5.267,2026-08-25,277159,33825,243334,62453,342038,-279585
2026-09-03T11:45:19.939355+00:00,17944.0,18319.0,179450.0,182361.0,4438.69,4438.37,4439.015,True,1.2725,1.271719,1.2732,True,181.59,181589.1,-2139.1,-1.18,-2911.0,-1.62,False,182.18,179.45,1.5,4387.92,4437.88,4364.95,72.93,180931.0,182824.0,180921.0,1903.0,180.75,182.64,180.74,1.9,4448.75,4403.02,4357.29,2.0772,4403.02,4362.03,4422.21,4418.01,4405.01,4398.16,4389.14,4396.85,19.85,1.1386,-3.4404,1.6021,-0.1233,1,0,1,1,1,4,DOMINANT,3832.14,3291.6,706146.14,6199.46,6154.24,3610.35,29901.11,421198.39,34807.43,5644.77,66.35,15.26,99.154,7666.6001,92.42,77933.0938,1772.7,3.772,4.796,5.267,2026-08-25,277159,33825,243334,62453,342038,-279585
2026-09-03T14:22:41.728458+00:00,18076.0,18451.0,180774.0,183685.0,4475.23,4475.93,4474.535,True,1.2698,1.271719,1.2678,True,182.7,182695.48,-1921.48,-1.05,-2911.0,-1.61,False,183.5,180.77,1.49,4384.3,4438.69,4364.95,73.74,180931.0,182824.0,180921.0,1903.0,180.75,182.64,180.74,1.9,4452.49,4406.25,4360.01,2.0988,4406.25,4363.66,4422.14,4421.19,4408.22,4401.16,4391.09,4397.68,20.03,1.2406,-3.4228,1.6894,-0.1354,1,0,1,1,1,4,DOMINANT,3863.69,3318.69,711959.24,6250.49,6204.91,3640.07,30147.26,424665.76,35093.97,5691.24,66.905,15.05,98.995,7703.5698,91.96,79178.2422,1803.0,3.748,4.756,5.24,2026-08-25,277159,33825,243334,62453,342038,-279585
2026-09-03T15:03:18.428446+00:00,18117.0,18492.0,181181.0,184093.0,4489.25,4486.39,4492.105,True,1.2698,1.271719,1.2678,True,183.27,183267.63,-2086.63,-1.14,-2912.0,-1.61,False,183.91,181.18,1.48,4367.9,4475.23,4364.95,110.28,180931.0,183685.0,180921.0,2764.0,180.75,183.5,180.74,2.76,4464.43,4411.27,4358.11,2.4102,4411.27,4366.42,4422.24,4429.5,4414.6,4406.65,4394.39,4399.22,22.85,2.4572,-2.6252,2.3148,0.5554,1,0,1,1,1,4,DOMINANT,3875.79,3329.09,714188.87,6270.07,6224.34,3651.47,30241.67,425995.68,35203.88,5709.06,67.105,14.95,99.025,7715.5601,92.11,80805.1094,1815.1,3.753,4.756,5.238,2026-08-25,277159,33825,243334,62453,342038,-279585
2026-09-03T15:15:10.163241+00:00,18117.0,18492.0,181181.0,184093.0,4500.75,4498.89,4502.61,True,1.2698,1.271719,1.2678,True,183.74,183737.2,-2556.2,-1.39,-2912.0,-1.61,False,183.91,181.18,1.48,4367.9,4489.25,4364.95,124.3,180931.0,184093.0,180921.0,3172.0,180.75,183.91,180.74,3.17,4478.55,4416.44,4354.33,2.8127,4416.44,4369.24,4422.42,4438.7,4421.71,4412.77,4398.11,4401.0,25.93,2.7782,-2.3201,2.6145,0.8825,1,0,1,1,1,4,DOMINANT,3885.72,3337.62,716018.79,6286.13,6240.29,3660.82,30319.16,427087.18,35294.08,5723.69,67.68,14.88,98.995,7731.5601,92.18,80562.1406,1830.5,3.75,4.756,5.236,2026-08-25,277159,33825,243334,62453,342038,-279585
2026-09-03T16:39:38.555309+00:00,18117.0,18492.0,181181.0,184093.0,4491.11,4490.71,4491.505,True,1.2698,1.271719,1.2678,True,183.34,183343.56,-2162.56,-1.18,-2912.0,-1.61,False,183.91,181.18,1.48,4364.95,4500.75,4364.95,135.8,180931.0,184093.0,180921.0,3172.0,180.75,183.91,180.74,3.17,4493.25,4421.97,4350.69,3.2239,4421.97,4372.16,4422.66,4448.24,4429.24,4419.28,4402.13,4402.97,28.96,3.1111,-2.2413,2.6198,1.1978,1,0,1,1,1,4,DOMINANT,3877.39,3330.47,714484.78,6272.67,6226.92,3652.98,30254.2,426172.18,35218.46,5711.43,67.735,14.63,98.876,7746.7002,91.64,80881.9297,1836.5,3.748,4.744,5.226,2026-08-25,277159,33825,243334,62453,342038,-279585
2026-09-03T18:30:31.025104+00:00,18117.0,18492.0,181181.0,184093.0,4480.69,4480.85,4480.535,True,1.2698,1.271719,1.2678,True,182.92,182918.38,-1737.38,-0.95,-2912.0,-1.61,False,183.91,181.18,1.48,4374.87,4500.75,4374.87,125.88,180931.0,184093.0,180921.0,3172.0,180.75,183.91,180.74,3.17,4502.79,4427.17,4351.55,3.4162,4427.17,4375.04,4422.85,4454.84,4435.13,4424.6,4405.62,4404.72,30.24,2.657,-2.4507,2.2981,1.0362,1,1,1,1,1,5,EXTENDED,3868.4,3322.74,712827.87,6258.12,6212.48,3644.51,30184.04,425183.87,35136.79,5698.18,67.63,14.55,98.896,7753.21,91.05,80943.3906,1836.4,3.743,4.754,5.237,2026-08-25,277159,33825,243334,62453,342038,-279585
2026-09-03T18:43:02.517787+00:00,18117.0,18492.0,181181.0,184093.0,4481.65,4481.61,4481.69,True,1.2698,1.271719,1.2678,True,182.96,182957.47,-1776.47,-0.97,-2912.0,-1.61,False,183.91,181.18,1.48,4385.85,4500.75,4381.51,119.24,180931.0,184093.0,180921.0,3172.0,180.75,183.91,180.74,3.17,4508.6,4431.84,4355.08,3.464,4431.84,4377.79,4422.98,4458.82,4439.47,4428.76,4408.56,4406.22,30.06,2.1624,-2.8269,2.1319,0.8215,1,1,1,1,1,5,EXTENDED,3869.23,3323.45,712980.2,6259.46,6213.8,3645.29,30190.49,425274.73,35144.3,5699.4,67.52,14.54,98.906,7752.4902,91.39,81000.5391,1830.4,3.743,4.756,5.24,2026-08-25,277159,33825,243334,62453,342038,-279585
2026-09-03T18:54:17.060178+00:00,18117.0,18492.0,181181.0,184093.0,4477.68,4478.37,4476.995,True,1.2698,1.271719,1.2678,True,182.8,182795.5,-1614.5,-0.88,-2912.0,-1.61,False,183.91,181.18,1.48,4385.85,4500.75,4381.51,119.24,180931.0,184093.0,180921.0,3172.0,180.75,183.91,180.74,3.17,4513.4,4436.56,4359.72,3.4639,4436.56,4380.55,4423.12,4462.33,4443.48,4432.68,4411.43,4407.72,29.65,2.1843,-2.8061,2.1538,0.8588,1,1,1,1,1,5,EXTENDED,3865.8,3320.51,712349.01,6253.92,6208.3,3642.06,30163.76,424898.24,35113.18,5694.35,67.57,14.49,98.917,7752.7598,91.42,81190.6172,1831.7,3.743,4.76,5.243,2026-08-25,277159,33825,243334,62453,342038,-279585
2026-09-03T20:07:11.857330+00:00,18117.0,18492.0,181181.0,184093.0,4472.36,4472.42,4472.31,True,1.2698,1.271719,1.2678,True,182.58,182578.42,-1397.42,-0.77,-2912.0,-1.61,False,183.91,181.18,1.48,4387.16,4500.75,4381.51,119.24,180931.0,184093.0,180921.0,3172.0,180.75,183.91,180.74,3.17,4515.98,4441.24,4366.5,3.3657,4441.24,4383.53,4423.24,4464.69,4446.74,4436.01,4414.03,4409.1,28.68,2.0633,-2.8091,2.0591,0.7357,1,1,1,1,1,5,EXTENDED,3861.21,3316.57,711503.06,6246.49,6200.93,3637.74,30127.94,424393.65,35071.49,5687.59,67.67,14.34,98.962,7747.71,91.6,81541.4219,1829.8,3.74,4.762,5.243,2026-08-25,277159,33825,243334,62453,342038,-279585
2026-09-03T21:38:59.591777+00:00,18117.0,18492.0,181181.0,184093.0,4473.03,4472.86,4473.195,True,1.2698,1.271719,1.2678,True,182.61,182605.47,-1424.47,-0.78,-2912.0,-1.61,False,183.91,181.18,1.48,4387.16,4500.75,4381.51,119.24,180931.0,184093.0,180921.0,3172.0,180.75,183.91,180.74,3.17,4516.16,4445.79,4375.42,3.1657,4445.79,4386.39,4423.34,4465.87,4449.18,4438.7,4416.32,4410.36,27.17,1.942,-2.9246,2.016,0.8774,1,1,1,1,1,5,EXTENDED,3861.78,3317.06,711608.45,6247.41,6201.85,3638.28,30132.41,424456.52,35076.68,5688.43,67.585,14.32,99.007,7747.71,91.67,81708.7812,1829.9,3.74,4.762,5.243,2026-08-25,277159,33825,243334,62453,342038,-279585
2026-09-03T21:44:30.145284+00:00,18117.0,18492.0,181181.0,184093.0,4473.03,4472.86,4473.195,True,1.2698,1.271719,1.2678,True,182.61,182605.47,-1424.47,-0.78,-2912.0,-1.61,False,183.91,181.18,1.48,4387.34,4500.75,4381.51,119.24,180931.0,184093.0,180921.0,3172.0,180.75,183.91,180.74,3.17,4515.62,4450.11,4384.6,2.9442,4450.11,4389.28,4423.44,4466.97,4451.45,4441.25,4418.54,4411.6,25.72,1.9531,-2.9101,2.0888,0.9793,1,1,1,1,1,5,EXTENDED,3861.78,3317.06,711608.45,6247.41,6201.85,3638.28,30132.41,424456.52,35076.68,5688.43,67.585,14.32,99.003,7747.71,91.67,81567.6016,1829.9,3.74,4.762,5.243,2026-08-25,277159,33825,243334,62453,342038,-279585
2026-09-03T21:55:33.187601+00:00,18117.0,18492.0,181181.0,184093.0,4473.03,4472.86,4473.195,True,1.2698,1.271719,1.2678,True,182.61,182605.47,-1424.47,-0.78,-2912.0,-1.61,True,183.91,181.18,1.48,4387.34,4500.75,4381.51,119.24,180931.0,184093.0,180921.0,3172.0,180.75,183.91,180.74,3.17,4515.49,4453.78,4392.07,2.7711,4453.78,4392.16,4423.53,4467.9,4453.51,4443.6,4420.68,4412.81,24.3,1.9531,-2.9101,1.9701,1.2708,1,1,0,1,1,4,DOMINANT,3861.78,3317.06,711608.45,6247.41,6201.85,3638.28,30132.41,424456.52,35076.68,5688.43,67.585,14.32,99.004,7747.71,91.67,81567.6016,1829.9,3.74,4.762,5.243,2026-08-25,277159,33825,243334,62453,342038,-279585
2026-09-03T22:48:24.041082+00:00,18117.0,18492.0,181181.0,184093.0,4473.4,4473.19,4473.62,True,1.2698,1.271719,1.2678,True,182.62,182620.88,-1439.88,-0.79,-2912.0,-1.61,False,183.91,181.18,1.48,4383.98,4500.75,4381.51,119.24,180931.0,184093.0,180921.0,3172.0,180.75,183.91,180.74,3.17,4513.49,4457.64,4401.79,2.5058,4457.64,4395.07,4423.63,4468.69,4455.37,4445.78,4422.73,4414.01,22.91,2.0313,-2.948,1.6695,1.1908,1,1,0,1,1,4,DOMINANT,3862.11,3317.34,711668.51,6247.94,6202.37,3638.58,30134.95,424492.34,35079.64,5688.91,67.59,14.32,99.003,7747.71,91.75,81224.7422,1830.3,3.74,4.762,5.243,2026-08-25,277159,33825,243334,62453,342038,-279585
2026-09-03T23:56:36.263282+00:00,18117.0,18492.0,181181.0,184093.0,4478.07,4476.79,4479.36,True,1.2698,1.271719,1.2678,True,182.81,182811.53,-1630.53,-0.89,-2912.0,-1.61,False,183.91,181.18,1.48,4386.61,4500.75,4386.61,114.14,180931.0,184093.0,180921.0,3172.0,180.75,183.91,180.74,3.17,4511.6,4461.01,4410.42,2.2681,4461.01,4397.98,4423.73,4469.42,4457.08,4447.83,4424.72,4415.18,21.59,1.9785,-2.3162,1.7625,2.3364,1,1,0,1,0,3,DOMINANT,3866.14,3320.8,712411.45,6254.46,6208.85,3642.38,30166.41,424935.49,35116.26,5694.85,67.575,14.32,98.994,7747.71,91.83,81264.2734,1828.4,3.74,4.762,5.243,2026-08-25,277159,33825,243334,62453,342038,-279585
2026-09-04T00:08:46.568697+00:00,18107.0,18482.0,181081.0,183991.0,4480.53,4480.61,4480.45,True,1.2698,1.271719,1.2678,True,182.91,182911.75,-1830.75,-1.0,-2910.0,-1.61,False,183.81,181.08,1.49,4399.58,4500.75,4395.92,104.83,180921.0,184093.0,180921.0,3172.0,180.74,183.91,180.74,3.17,4512.55,4463.3,4414.05,2.2069,4463.3,4400.91,4423.85,4470.75,4459.08,4450.07,4426.81,4416.43,20.68,1.784,-2.2142,1.638,2.7816,1,1,0,1,0,3,DOMINANT,3868.26,3322.62,712802.02,6257.89,6212.25,3644.38,30182.95,425168.45,35135.51,5697.98,67.595,14.32,98.965,7747.71,91.82,81096.7422,1828.0,3.74,4.762,5.243,2026-08-25,277159,33825,243334,62453,342038,-279585
2026-09-04T00:28:14.125411+00:00,18107.0,18482.0,181081.0,183991.0,4476.52,4476.27,4476.775,True,1.2698,1.271719,1.2678,True,182.75,182748.15,-1667.15,-0.91,-2910.0,-1.61,False,183.81,181.08,1.49,4399.58,4500.75,4395.92,104.83,180921.0,184093.0,180921.0,3172.0,180.74,183.91,180.74,3.17,4513.68,4465.47,4417.26,2.1592,4465.47,4403.92,4423.98,4472.25,4461.13,4452.32,4428.92,4417.7,19.93,1.8399,-2.1605,1.0872,3.2982,1,1,0,1,0,3,DOMINANT,3864.8,3319.65,712164.47,6252.3,6206.69,3641.12,30155.95,424788.17,35104.09,5692.88,67.48,14.32,98.979,7747.71,91.6,81151.25,1826.6,3.74,4.762,5.243,2026-08-25,277159,33825,243334,62453,342038,-279585
2026-09-04T01:20:27.165868+00:00,18140.0,18514.0,181407.0,184317.0,4475.36,4475.19,4475.53,True,1.2676,1.26739,1.2678,True,182.39,182389.25,-982.25,-0.54,-2910.0,-1.6,False,184.14,181.4,1.49,4395.92,4500.75,4395.92,104.83,181248.0,184093.0,181248.0,2845.0,181.07,183.91,181.07,2.84,4512.18,4468.15,4424.12,1.9708,4468.15,4406.91,4424.1,4472.91,4462.59,4454.12,4430.78,4418.86,18.79,1.8335,-2.2481,0.8884,2.9521,1,1,0,1,0,3,DOMINANT,3851.62,3311.02,698244.34,6219.27,6172.75,3617.01,30143.88,423102.76,35088.85,5672.03,67.425,14.32,98.977,7747.71,91.72,80913.9766,1819.2,3.74,4.762,5.243,2026-08-25,277159,33825,243334,62453,342038,-279585
2026-09-04T04:18:03.340758+00:00,18097.0,18471.0,180978.0,183889.0,4468.48,4468.16,4468.805,True,1.2676,1.26739,1.2678,True,182.11,182108.96,-1130.96,-0.62,-2911.0,-1.61,False,183.71,180.98,1.49,4437.1,4500.75,4421.9,78.85,182413.0,184317.0,182361.0,1956.0,182.23,184.14,182.18,1.96,4509.16,4470.82,4432.48,1.7151,4470.82,4410.29,4424.2,4473.29,4463.81,4455.69,4432.53,4419.98,17.6,0.8623,-2.3267,1.185,2.7743,1,1,0,1,0,3,DOMINANT,3845.71,3305.94,697171.32,6209.71,6163.26,3611.45,30097.55,422452.56,35034.92,5663.31,67.19,14.32,99.029,7747.71,92.05,81033.0391,1808.4,3.74,4.762,5.243,2026-08-25,277159,33825,243334,62453,342038,-279585
2026-09-04T04:40:11.468229+00:00,18097.0,18471.0,180978.0,183889.0,4474.03,4473.71,4474.35,True,1.2676,1.26739,1.2678,True,182.34,182335.04,-1357.04,-0.74,-2911.0,-1.61,False,183.71,180.98,1.49,4437.1,4500.75,4421.9,78.85,182413.0,184317.0,182361.0,1956.0,182.23,184.14,182.18,1.96,4507.18,4472.43,4437.68,1.554,4472.43,4413.23,4424.27,4472.55,4464.25,4456.64,4433.94,4420.94,15.91,0.7072,-2.4769,1.0534,2.7872,1,1,0,1,0,3,DOMINANT,3850.48,3310.04,698036.84,6217.42,6170.91,3615.94,30134.92,422977.02,35078.42,5670.34,67.275,14.32,99.041,7747.71,91.87,81032.3125,1812.6,3.74,4.762,5.243,2026-08-25,277159,33825,243334,62453,342038,-279585
2026-09-04T05:09:55.328628+00:00,18097.0,18471.0,180978.0,183889.0,4470.67,4472.03,4469.305,True,1.2676,1.26739,1.2678,True,182.2,182198.01,-1220.01,-0.67,-2911.0,-1.61,False,183.71,180.98,1.49,4437.1,4500.75,4421.9,78.85,182413.0,184317.0,182361.0,1956.0,182.23,184.14,182.18,1.96,4503.59,4474.54,4445.49,1.2985,4474.54,4416.63,4424.38,4472.78,4465.18,4457.92,4435.51,4421.99,14.86,0.8323,-2.3668,0.8523,3.0106,1,1,0,1,0,3,DOMINANT,3847.59,3307.55,697512.22,6212.75,6166.28,3613.22,30112.27,422659.13,35052.05,5666.08,67.375,14.32,99.03,7747.71,91.61,81044.6328,1815.8,3.74,4.762,5.243,2026-08-25,277159,33825,243334,62453,342038,-279585
2026-09-04T06:31:05.192702+00:00,18089.0,18464.0,180906.0,183817.0,4468.48,4468.5,4468.46,True,1.2676,1.26739,1.2678,True,182.11,182108.86,-1202.86,-0.66,-2911.0,-1.61,False,183.64,180.9,1.49,4421.9,4500.75,4421.9,78.85,182740.0,184317.0,182361.0,1956.0,182.56,184.14,182.18,1.96,4499.69,4476.18,4452.67,1.0504,4476.18,4419.94,4424.46,4472.45,4465.71,4458.87,4436.89,4422.96,13.58,1.1029,-2.9992,0.8746,2.9297,1,1,0,1,0,3,DOMINANT,3845.7,3305.93,697170.93,6209.71,6163.26,3611.45,30097.54,422452.32,35034.9,5663.31,67.27,14.32,99.001,7747.71,91.34,80702.9922,1815.6,3.74,4.762,5.243,2026-08-25,277159,33825,243334,62453,342038,-279585
2026-09-04T09:29:27.490904+00:00,18088.0,18463.0,180896.0,183807.0,4464.44,4464.09,4464.795,True,1.2676,1.26739,1.2678,True,181.94,181944.31,-1048.31,-0.58,-2911.0,-1.61,False,183.63,180.89,1.49,4436.22,4500.75,4431.91,68.84,182824.0,184317.0,182361.0,1956.0,182.64,184.14,182.18,1.96,4493.8,4477.67,4461.54,0.7205,4477.67,4422.85,4424.54,4471.84,4465.97,4459.58,4438.13,4423.86,12.26,0.7272,-2.7037,0.6895,3.2325,1,1,0,1,0,3,DOMINANT,3842.23,3302.95,696541.0,6204.1,6157.69,3608.19,30070.34,422070.62,35003.25,5658.19,67.38,14.24,99.066,7747.71,90.67,81044.9766,1816.5,3.74,4.762,5.243,2026-08-25,277159,33825,243334,62453,342038,-279585
2026-09-04T09:42:36.226592+00:00,18088.0,18463.0,180896.0,183807.0,4466.76,4466.94,4466.59,True,1.2676,1.26739,1.2678,True,182.04,182038.97,-1142.97,-0.63,-2911.0,-1.61,False,183.63,180.89,1.49,4431.91,4500.75,4431.91,68.84,182361.0,184317.0,182361.0,1956.0,182.18,184.14,182.18,1.96,4494.29,4477.13,4459.97,0.7666,4477.13,4425.69,4424.6,4470.7,4465.82,4459.94,4439.16,4424.66,10.76,0.734,-2.7916,0.5801,3.1175,1,1,0,1,0,3,DOMINANT,3844.23,3304.66,696903.35,6207.32,6160.89,3610.07,30085.98,422290.19,35021.46,5661.13,67.27,14.24,99.093,7747.71,90.72,81133.9297,1813.8,3.74,4.762,5.243,2026-08-25,277159,33825,243334,62453,342038,-279585
2026-09-04T09:59:11.585245+00:00,18088.0,18463.0,180896.0,183807.0,4467.61,4467.79,4467.44,True,1.2676,1.26739,1.2678,True,182.07,182073.61,-1177.61,-0.65,-2911.0,-1.61,False,183.63,180.89,1.49,4431.91,4500.75,4431.91,68.84,182361.0,184317.0,182361.0,1956.0,182.18,184.14,182.18,1.96,4492.76,4476.0,4459.24,0.7489,4476.0,4428.91,4424.66,4470.1,4465.91,4460.45,4440.24,4425.49,9.65,0.7863,-2.7411,-0.1893,3.188,1,1,0,0,0,2,EMERGING,3844.96,3305.29,697035.97,6208.51,6162.07,3610.75,30091.71,422370.55,35028.12,5662.21,67.345,14.24,99.104,7747.71,90.89,81032.2734,1815.8,3.74,4.762,5.243,2026-08-25,277159,33825,243334,62453,342038,-279585
2026-09-04T11:42:39.362940+00:00,18056.0,18431.0,180570.0,183481.0,4468.73,4468.87,4468.595,True,1.2676,1.26739,1.2678,True,182.12,182119.15,-1549.15,-0.85,-2911.0,-1.61,False,183.3,180.57,1.49,4438.69,4500.75,4438.69,62.06,182361.0,184317.0,182361.0,1956.0,182.18,184.14,182.18,1.96,4486.81,4474.35,4461.89,0.557,4474.35,4432.1,4424.74,4469.71,4466.08,4460.98,4441.32,4426.33,8.73,0.6515,-2.7226,-0.482,3.2038,1,1,0,0,0,2,EMERGING,3845.92,3306.12,697210.32,6210.06,6163.61,3611.66,30099.24,422476.2,35036.88,5663.63,67.405,14.12,99.08,7747.71,90.82,81246.3438,1816.1,3.74,4.762,5.243,2026-08-25,277159,33825,243334,62453,342038,-279585
2026-09-04T14:11:35.600210+00:00,17891.0,18265.0,178923.0,181829.0,4424.24,4425.49,4423.0,True,1.2671,1.26739,1.2669,True,180.24,180242.09,-1319.09,-0.73,-2906.0,-1.62,False,181.65,178.92,1.5,4475.23,4500.75,4464.44,36.31,183685.0,184317.0,183481.0,836.0,183.5,184.14,183.3,0.84,4483.1,4473.23,4463.36,0.4413,4473.23,4435.09,4424.81,4469.56,4466.33,4461.55,4442.39,4427.17,8.01,-0.1452,-0.5384,-0.7114,3.2619,1,1,0,0,0,2,EMERGING,3807.63,3273.21,690269.4,6148.24,6102.25,3575.7,29799.59,418270.33,34688.08,5607.24,66.23,14.06,99.164,7728.9702,89.36,79252.2266,1810.4,3.765,4.768,5.229,2026-08-25,277159,33825,243334,62453,342038,-279585
2026-09-04T14:24:07.641660+00:00,17891.0,18265.0,178923.0,181829.0,4431.68,4433.84,4429.51,True,1.2671,1.26739,1.2669,True,180.54,180544.79,-1621.79,-0.9,-2906.0,-1.62,False,181.65,178.92,1.5,4489.25,4500.75,4424.24,76.51,184093.0,184317.0,181829.0,2488.0,183.91,184.14,181.65,2.49,4494.01,4470.4,4446.79,1.0563,4470.4,4436.99,4424.66,4462.59,4462.32,4458.79,4441.68,4427.11,3.8,-1.4481,-1.5286,-1.4889,2.2237,0,1,0,0,0,1,NO_TREND,3814.03,3278.7,691428.62,6158.56,6112.49,3581.71,29849.64,418972.76,34746.34,5616.66,66.73,14.05,99.166,7727.2402,89.19,79311.1016,1818.5,3.765,4.774,5.235,2026-08-25,277159,33825,243334,62453,342038,-279585
2026-09-04T14:34:58.174452+00:00,17927.0,18301.0,179278.0,182186.0,4437.52,4436.23,4438.81,True,1.2671,1.26739,1.2669,True,180.78,180782.91,-1504.91,-0.83,-2908.0,-1.62,False,182.0,179.28,1.49,4489.25,4500.75,4424.24,76.51,184093.0,184317.0,181829.0,2488.0,183.91,184.14,181.65,2.49,4496.55,4467.91,4439.27,1.282,4467.91,4437.86,4424.55,4457.83,4459.4,4456.78,4441.29,4427.2,1.05,-1.2824,-1.363,-1.0938,2.3157,1,1,0,0,0,2,EMERGING,3819.06,3283.03,692340.56,6166.68,6120.56,3586.43,29889.0,419525.35,34792.16,5624.07,66.605,14.08,99.148,7724.0298,89.66,79345.5625,1819.9,3.765,4.77,5.234,2026-08-25,277159,33825,243334,62453,342038,-279585
2026-09-04T16:35:11.945044+00:00,17927.0,18301.0,179278.0,182186.0,4436.85,4436.17,4437.53,True,1.2671,1.26739,1.2669,True,180.76,180755.62,-1477.62,-0.82,-2908.0,-1.62,False,182.0,179.28,1.49,4491.11,4491.11,4424.24,66.87,184093.0,184317.0,181829.0,2488.0,183.91,184.14,181.65,2.49,4497.16,4465.9,4434.64,1.3999,4465.9,4438.92,4424.47,4454.71,4457.32,4455.35,4441.14,4427.4,-0.64,-1.1932,-0.781,-0.9847,2.4775,1,1,0,0,0,2,EMERGING,3818.48,3282.53,692236.02,6165.75,6119.63,3585.89,29884.49,419462.01,34786.91,5623.22,66.73,14.01,99.088,7724.5898,90.69,79750.9219,1829.0,3.763,4.762,5.226,2026-08-25,277159,33825,243334,62453,342038,-279585
2026-09-04T17:50:48.239382+00:00,17927.0,18301.0,179278.0,182186.0,4419.73,4419.24,4420.215,True,1.2671,1.26739,1.2669,True,180.06,180058.05,-780.05,-0.43,-2908.0,-1.62,False,182.0,179.28,1.49,4480.69,4481.65,4424.24,57.41,184093.0,184317.0,181829.0,2488.0,183.91,184.14,181.65,2.49,4497.78,4464.12,4430.46,1.508,4464.12,4440.3,4424.38,4451.96,4455.37,4453.98,4440.97,4427.59,-2.02,-0.9784,-0.3808,-0.9119,2.5477,1,1,0,0,0,2,EMERGING,3803.75,3269.86,689564.58,6141.96,6096.02,3572.05,29769.16,417843.24,34652.66,5601.52,66.515,14.21,99.143,7709.79,90.93,79478.9922,1823.1,3.763,4.772,5.237,2026-08-25,277159,33825,243334,62453,342038,-279585
2026-09-04T18:16:50.406177+00:00,17927.0,18301.0,179278.0,182186.0,4420.86,4419.41,4422.305,True,1.2671,1.26739,1.2669,True,180.1,180104.09,-826.09,-0.46,-2908.0,-1.62,False,182.0,179.28,1.49,4480.69,4481.65,4419.73,61.92,184093.0,184317.0,181829.0,2488.0,183.91,184.14,181.65,2.49,4500.21,4461.46,4422.71,1.7371,4461.46,4441.4,4424.22,4447.0,4451.97,4451.44,4440.14,4427.44,-4.44,-1.3605,-0.7652,-1.1768,2.6279,0,1,0,0,0,1,NO_TREND,3804.72,3270.7,689740.88,6143.53,6097.57,3572.96,29776.77,417950.07,34661.52,5602.95,66.4,14.21,99.159,7711.98,90.96,79580.2266,1819.3,3.763,4.776,5.239,2026-08-25,277159,33825,243334,62453,342038,-279585
2026-09-04T18:28:15.073559+00:00,17927.0,18301.0,179278.0,182186.0,4425.97,4425.69,4426.24,True,1.2671,1.26739,1.2669,True,180.31,180312.16,-1034.16,-0.57,-2908.0,-1.62,False,182.0,179.28,1.49,4480.69,4481.65,4419.73,61.92,184093.0,184317.0,181829.0,2488.0,183.91,184.14,181.65,2.49,4501.18,4458.85,4416.52,1.8987,4458.85,4442.34,4424.05,4442.98,4449.01,4449.18,4439.38,4427.31,-6.2,-1.3353,-0.7398,-1.1663,2.2968,0,1,0,0,0,1,NO_TREND,3809.11,3274.48,690537.75,6150.63,6104.62,3577.09,29811.18,418432.94,34701.57,5609.42,66.52,14.1,99.167,7714.3101,91.07,79590.0078,1821.1,3.76,4.776,5.238,2026-08-25,277159,33825,243334,62453,342038,-279585
2026-09-04T19:07:58.255243+00:00,17927.0,18301.0,179278.0,182186.0,4423.48,4423.1,4423.85,True,1.2671,1.26739,1.2669,True,180.21,180210.72,-932.72,-0.52,-2908.0,-1.62,False,182.0,179.28,1.49,4472.36,4480.53,4419.73,60.8,184093.0,184317.0,181829.0,2488.0,183.91,184.14,181.65,2.49,4500.7,4456.5,4412.3,1.9836,4456.5,4443.36,4423.91,4440.36,4446.82,4447.46,4438.86,4427.28,-7.1,-1.0373,-0.6251,-1.0521,2.8355,0,1,0,0,0,1,NO_TREND,3806.97,3272.64,690149.26,6147.17,6101.18,3575.08,29794.4,418197.53,34682.04,5606.27,66.595,14.0,99.18,7712.2598,91.58,79729.5,1822.2,3.757,4.782,5.245,2026-08-25,277159,33825,243334,62453,342038,-279585
2026-09-04T19:58:48.496322+00:00,17927.0,18301.0,179278.0,182186.0,4434.14,4433.89,4434.39,True,1.2671,1.26739,1.2669,True,180.65,180645.21,-1367.21,-0.76,-2908.0,-1.62,False,182.0,179.28,1.49,4472.36,4480.53,4419.73,60.8,184093.0,184317.0,181829.0,2488.0,183.91,184.14,181.65,2.49,4499.79,4454.0,4408.21,2.0561,4454.0,4444.11,4423.76,4437.77,4444.59,4445.68,4438.25,4427.2,-7.91,-1.0929,-0.681,-1.1078,2.7443,0,1,0,0,0,1,NO_TREND,3816.15,3280.53,691813.21,6161.99,6115.89,3583.7,29866.24,419205.8,34765.66,5619.78,66.815,14.26,99.138,7717.2998,91.36,79766.6016,1827.3,3.757,4.784,5.246,2026-09-01,260485,32361,228124,61450,326168,-264718
2026-09-04T21:21:54.026175+00:00,17927.0,18301.0,179278.0,182186.0,4429.77,4429.51,4430.03,True,1.2671,1.26739,1.2669,True,180.47,180467.18,-1189.18,-0.66,-2908.0,-1.62,False,182.0,179.28,1.49,4473.03,4480.53,4419.73,60.8,184093.0,184317.0,181829.0,2488.0,183.91,184.14,181.65,2.49,4496.94,4451.8,4406.66,2.0279,4451.8,4444.99,4423.66,4437.21,4443.6,4444.83,4438.09,4427.34,-7.62,-0.8694,-0.4676,-0.8776,2.5792,1,1,0,0,0,2,EMERGING,3812.39,3277.29,691131.4,6155.91,6109.87,3580.17,29836.8,418792.66,34731.4,5614.25,66.82,14.53,99.157,7718.6001,91.22,79832.4688,1828.5,3.757,4.784,5.246,2026-09-01,260485,32361,228124,61450,326168,-264718
2026-09-04T21:32:31.286840+00:00,17927.0,18301.0,179278.0,182186.0,4429.77,4429.51,4430.03,True,1.2671,1.26739,1.2669,True,180.47,180467.18,-1189.18,-0.66,-2908.0,-1.62,False,182.0,179.28,1.49,4473.03,4480.53,4419.73,60.8,184093.0,184317.0,181829.0,2488.0,183.91,184.14,181.65,2.49,4493.3,4449.27,4405.24,1.9792,4449.27,4445.84,4423.54,4436.06,4442.28,4443.71,4437.77,4427.39,-7.65,-0.9671,-0.5657,-1.0786,2.476,1,1,0,0,0,2,EMERGING,3812.39,3277.29,691131.4,6155.91,6109.87,3580.17,29836.8,418792.66,34731.4,5614.25,66.82,14.53,99.157,7718.6001,91.22,79820.7031,1828.5,3.757,4.784,5.246,2026-09-01,260485,32361,228124,61450,326168,-264718
2026-09-04T21:46:20.657655+00:00,17927.0,18301.0,179278.0,182186.0,4429.77,4429.51,4430.03,True,1.2671,1.26739,1.2669,True,180.47,180467.18,-1189.18,-0.66,-2908.0,-1.62,True,182.0,179.28,1.49,4473.03,4480.53,4419.73,60.8,184093.0,184317.0,181829.0,2488.0,183.91,184.14,181.65,2.49,4489.82,4446.93,4404.04,1.929,4446.93,4446.69,4423.41,4435.1,4441.09,4442.68,4437.45,4427.44,-7.58,-0.9671,-0.5657,-1.1329,2.888,1,1,0,0,0,2,EMERGING,3812.39,3277.29,691131.4,6155.91,6109.87,3580.17,29836.8,418792.66,34731.4,5614.25,66.82,14.53,99.157,7718.6001,91.22,79825.8438,1828.5,3.757,4.784,5.246,2026-09-01,260485,32361,228124,61450,326168,-264718
2026-09-04T22:34:34.036007+00:00,17927.0,18301.0,179278.0,182186.0,4429.77,4429.51,4430.03,True,1.2671,1.26739,1.2669,True,180.47,180467.18,-1189.18,-0.66,-2908.0,-1.62,True,182.0,179.28,1.49,4473.4,4480.53,4419.73,60.8,184093.0,184317.0,181829.0,2488.0,183.91,184.14,181.65,2.49,4485.99,4444.65,4403.31,1.8602,4444.65,4447.54,4423.25,4434.28,4440.01,4441.72,4437.15,4427.48,-7.44,-0.9753,-0.5657,-1.0443,2.818,1,1,0,0,0,2,EMERGING,3812.39,3277.29,691131.4,6155.91,6109.87,3580.17,29836.8,418792.66,34731.4,5614.25,66.82,14.53,99.157,7718.6001,91.22,79698.75,1828.5,3.757,4.784,5.246,2026-09-01,260485,32361,228124,61450,326168,-264718
2026-09-04T23:55:35.816414+00:00,17927.0,18301.0,179278.0,182186.0,4429.77,4429.51,4430.03,True,1.2671,1.26739,1.2669,True,180.47,180467.18,-1189.18,-0.66,-2908.0,-1.62,True,182.0,179.28,1.49,4478.07,4480.53,4419.73,60.8,184093.0,184317.0,181829.0,2488.0,183.91,184.14,181.65,2.49,4482.97,4442.71,4402.45,1.8124,4442.71,4448.46,4423.09,4433.58,4439.04,4440.84,4436.86,4427.53,-7.26,-1.0786,-0.5451,-1.0187,2.5669,1,1,0,0,0,2,EMERGING,3812.39,3277.29,691131.4,6155.91,6109.87,3580.17,29836.8,418792.66,34731.4,5614.25,66.82,14.53,99.157,7718.6001,91.22,79645.4766,1828.5,3.757,4.784,5.246,2026-09-01,260485,32361,228124,61450,326168,-264718
2026-09-05T00:09:11.562281+00:00,17927.0,18301.0,179278.0,182186.0,4429.77,4429.51,4430.03,True,1.2671,1.26739,1.2669,True,180.47,180467.18,-1189.18,-0.66,-2908.0,-1.62,True,182.0,179.28,1.49,4476.52,4476.52,4419.73,56.79,183991.0,184317.0,181829.0,2488.0,183.81,184.14,181.65,2.49,4478.3,4440.5,4402.7,1.7025,4440.5,4449.42,4422.95,4433.0,4438.15,4440.02,4436.58,4427.57,-7.02,-1.0443,-0.5451,-0.8663,2.3108,1,1,0,0,0,2,EMERGING,3812.39,3277.29,691131.4,6155.91,6109.87,3580.17,29836.8,418792.66,34731.4,5614.25,66.82,14.53,99.157,7718.6001,91.22,79653.0078,1828.5,3.757,4.784,5.246,2026-09-01,260485,32361,228124,61450,326168,-264718
2026-09-05T00:21:51.206793+00:00,17927.0,18301.0,179278.0,182186.0,4429.77,4429.51,4430.03,True,1.2671,1.26739,1.2669,True,180.47,180467.18,-1189.18,-0.66,-2908.0,-1.62,True,182.0,179.28,1.49,4476.52,4476.52,4419.73,56.79,183991.0,184317.0,181829.0,2488.0,183.81,184.14,181.65,2.49,4473.73,4438.46,4403.19,1.5893,4438.46,4450.29,4422.79,4432.5,4437.36,4439.26,4436.32,4427.62,-6.76,-1.0443,-0.5451,-0.9893,0.9538,1,1,0,0,0,2,EMERGING,3812.39,3277.29,691131.4,6155.91,6109.87,3580.17,29836.8,418792.66,34731.4,5614.25,66.82,14.53,99.157,7718.6001,91.22,79658.4219,1828.5,3.757,4.784,5.246,2026-09-01,260485,32361,228124,61450,326168,-264718
2026-09-05T00:25:52.699596+00:00,17927.0,18301.0,179278.0,182186.0,4429.77,4429.51,4430.03,True,1.2671,1.26739,1.2669,True,180.47,180467.18,-1189.18,-0.66,-2908.0,-1.62,True,182.0,179.28,1.49,4476.52,4476.52,4419.73,56.79,183991.0,184317.0,181829.0,2488.0,183.81,184.14,181.65,2.49,4468.99,4436.52,4404.05,1.4638,4436.52,4450.89,4422.63,4432.08,4436.63,4438.56,4436.06,4427.66,-6.48,-1.0443,-0.5451,-0.9149,1.0371,1,1,1,0,0,3,DOMINANT,3812.39,3277.29,691131.4,6155.91,6109.87,3580.17,29836.8,418792.66,34731.4,5614.25,66.82,14.53,99.157,7718.6001,91.22,79665.2812,1828.5,3.757,4.784,5.246,2026-09-01,260485,32361,228124,61450,326168,-264718
2026-09-05T04:13:38.985105+00:00,17927.0,18301.0,179278.0,182186.0,4429.77,4429.51,4430.03,True,1.2669,1.266802,1.2669,True,180.43,180425.31,-1147.31,-0.64,-2908.0,-1.62,True,182.0,179.28,1.49,4468.48,4474.03,4419.73,54.3,183889.0,183889.0,181829.0,2060.0,183.71,183.71,181.65,2.06,4464.57,4434.79,4405.01,1.343,4434.79,4451.57,4422.53,4431.72,4435.98,4437.91,4435.81,4427.7,-6.19,-0.8663,-0.5451,-0.8663,1.4165,1,1,1,0,0,3,DOMINANT,3814.55,3276.31,691737.93,6149.36,6125.73,3587.47,29807.29,418691.27,34733.8,5611.64,66.047,14.53,99.16,7718.6001,91.48,79546.4766,1821.0,3.757,4.784,5.246,2026-09-01,260485,32361,228124,61450,326168,-264718
2026-09-05T04:36:17.021438+00:00,17927.0,18301.0,179278.0,182186.0,4429.77,4429.51,4430.03,True,1.2669,1.266802,1.2669,True,180.43,180425.31,-1147.31,-0.64,-2908.0,-1.62,True,182.0,179.28,1.49,4474.03,4474.03,4419.73,54.3,183889.0,183889.0,181829.0,2060.0,183.71,183.71,181.65,2.06,4458.68,4432.94,4407.2,1.1613,4432.94,4452.05,4422.45,4431.42,4435.39,4437.3,4435.58,4427.74,-5.88,-0.9893,-0.5451,-0.7766,1.485,1,1,1,0,0,3,DOMINANT,3814.55,3276.31,691737.93,6149.36,6125.73,3587.47,29807.29,418691.27,34733.8,5611.64,66.047,14.53,99.16,7718.6001,91.48,79550.0078,1821.0,3.757,4.784,5.246,2026-09-01,260485,32361,228124,61450,326168,-264718
2026-09-05T04:54:51.639984+00:00,17927.0,18301.0,179278.0,182186.0,4429.77,4429.51,4430.03,True,1.2669,1.266802,1.2669,True,180.43,180425.31,-1147.31,-0.64,-2908.0,-1.62,True,182.0,179.28,1.49,4470.67,4470.67,4419.73,50.94,183889.0,183889.0,181829.0,2060.0,183.71,183.71,181.65,2.06,4450.96,4431.05,4411.14,0.8987,4431.05,4451.99,4422.3,4431.17,4434.85,4436.75,4435.35,4427.78,-5.58,-0.9149,-0.5451,-0.8281,1.2755,1,1,1,0,0,3,DOMINANT,3814.55,3276.31,691737.93,6149.36,6125.73,3587.47,29807.29,418691.27,34733.8,5611.64,66.047,14.53,99.16,7718.6001,91.48,79562.2578,1821.0,3.757,4.784,5.246,2026-09-01,260485,32361,228124,61450,326168,-264718
2026-09-05T04:59:02.813026+00:00,17927.0,18301.0,179278.0,182186.0,4429.77,4429.51,4430.03,True,1.2669,1.266802,1.2669,True,180.43,180425.31,-1147.31,-0.64,-2908.0,-1.62,True,182.0,179.28,1.49,4470.67,4470.67,4419.73,50.94,183889.0,183889.0,181829.0,2060.0,183.71,183.71,181.65,2.06,4438.15,4429.1,4420.05,0.4087,4429.1,4451.85,4422.2,4430.95,4434.37,4436.23,4435.13,4427.82,-5.28,-0.9149,-0.5451,-0.847,1.2549,1,1,1,0,0,3,DOMINANT,3814.55,3276.31,691737.93,6149.36,6125.73,3587.47,29807.29,418691.27,34733.8,5611.64,66.047,14.53,99.16,7718.6001,91.48,79554.8594,1821.0,3.757,4.784,5.246,2026-09-01,260485,32361,228124,61450,326168,-264718
2026-09-05T08:57:09.141314+00:00,17927.0,18301.0,179278.0,182186.0,4428.86,4427.69,4430.03,True,1.2669,1.266802,1.2669,True,180.39,180388.24,-1110.24,-0.62,-2908.0,-1.62,False,182.0,179.28,1.49,4464.44,4468.73,4419.73,49.0,183807.0,183807.0,181829.0,1978.0,183.63,183.63,181.65,1.98,4438.12,4429.37,4420.62,0.3951,4429.37,4451.98,4422.15,4430.77,4433.93,4435.75,4434.92,4427.86,-4.98,-0.7766,-0.5451,-0.8718,1.0014,1,1,1,0,0,3,DOMINANT,3813.77,3275.64,691595.83,6148.09,6124.47,3586.73,29801.17,418605.26,34726.66,5610.49,66.047,14.53,99.16,7718.6001,91.48,79630.0391,1821.0,3.757,4.784,5.246,2026-09-01,260485,32361,228124,61450,326168,-264718
2026-09-05T09:07:57.812166+00:00,17927.0,18301.0,179278.0,182186.0,4428.86,4427.69,4430.03,True,1.2669,1.266802,1.2669,True,180.39,180388.24,-1110.24,-0.62,-2908.0,-1.62,False,182.0,179.28,1.49,4464.44,4468.73,4419.73,49.0,183807.0,183807.0,181829.0,1978.0,183.63,183.63,181.65,1.98,4437.92,4429.23,4420.54,0.3924,4429.23,4452.12,4422.08,4430.48,4433.45,4435.24,4434.68,4427.88,-4.76,-0.797,-0.5656,0.1044,0.8801,1,1,1,1,0,4,DOMINANT,3813.77,3275.64,691595.83,6148.09,6124.47,3586.73,29801.17,418605.26,34726.66,5610.49,66.047,14.53,99.16,7718.6001,91.48,79698.2578,1821.0,3.757,4.784,5.246,2026-09-01,260485,32361,228124,61450,326168,-264718
2026-09-05T09:18:49.322498+00:00,17927.0,18301.0,179278.0,182186.0,4428.86,4427.69,4430.03,True,1.2669,1.266802,1.2669,True,180.39,180388.24,-1110.24,-0.62,-2908.0,-1.62,True,182.0,179.28,1.49,4464.44,4468.73,4419.73,49.0,183807.0,183807.0,181829.0,1978.0,183.63,183.63,181.65,1.98,4436.56,4428.8,4421.04,0.3504,4428.8,4451.98,4422.02,4430.23,4433.01,4434.77,4434.45,4427.9,-4.54,-0.797,-0.5656,-0.0636,0.9505,1,1,1,0,0,3,DOMINANT,3813.77,3275.64,691595.83,6148.09,6124.47,3586.73,29801.17,418605.26,34726.66,5610.49,66.047,14.53,99.16,7718.6001,91.48,79697.2422,1821.0,3.757,4.784,5.246,2026-09-01,260485,32361,228124,61450,326168,-264718
2026-09-05T09:28:44.611032+00:00,17927.0,18301.0,179278.0,182186.0,4428.86,4427.69,4430.03,True,1.2669,1.266802,1.2669,True,180.39,180388.24,-1110.24,-0.62,-2908.0,-1.62,True,182.0,179.28,1.49,4464.44,4468.73,4419.73,49.0,183807.0,183807.0,181829.0,1978.0,183.63,183.63,181.65,1.98,4435.18,4428.4,4421.62,0.3062,4428.4,4451.91,4421.92,4430.02,4432.62,4434.33,4434.23,4427.92,-4.31,-0.797,-0.5656,-0.1952,0.9505,1,1,1,0,0,3,DOMINANT,3813.77,3275.64,691595.83,6148.09,6124.47,3586.73,29801.17,418605.26,34726.66,5610.49,66.047,14.53,99.16,7718.6001,91.48,79698.8281,1821.0,3.757,4.784,5.246,2026-09-01,260485,32361,228124,61450,326168,-264718
2026-09-05T12:35:07.723615+00:00,17927.0,18301.0,179278.0,182186.0,4428.86,4427.69,4430.03,True,1.2669,1.266802,1.2669,True,180.39,180388.24,-1110.24,-0.62,-2908.0,-1.62,True,182.0,179.28,1.49,4424.24,4437.52,4419.73,17.79,181829.0,182186.0,181829.0,357.0,181.65,182.0,181.65,0.35,4434.27,4428.86,4423.45,0.2443,4428.86,4451.73,4421.86,4429.84,4432.26,4433.92,4434.02,4427.94,-4.08,0.1044,-0.5461,-0.1801,0.9464,1,1,1,0,0,3,DOMINANT,3813.77,3275.64,691595.83,6148.09,6124.47,3586.73,29801.17,418605.26,34726.66,5610.49,66.047,14.53,99.16,7718.6001,91.48,79687.0312,1821.0,3.757,4.784,5.246,2026-09-01,260485,32361,228124,61450,326168,-264718
2026-09-05T12:46:18.676545+00:00,17927.0,18301.0,179278.0,182186.0,4428.86,4427.69,4430.03,True,1.2669,1.266802,1.2669,True,180.39,180388.24,-1110.24,-0.62,-2908.0,-1.62,True,182.0,179.28,1.49,4424.24,4437.52,4419.73,17.79,181829.0,182186.0,181829.0,357.0,181.65,182.0,181.65,0.35,4433.15,4429.26,4425.37,0.1757,4429.26,4451.54,4421.8,4429.69,4431.93,4433.55,4433.82,4427.95,-3.86,0.1044,-0.5656,0.2066,1.0237,1,1,1,1,0,4,DOMINANT,3813.77,3275.64,691595.83,6148.09,6124.47,3586.73,29801.17,418605.26,34726.66,5610.49,66.047,14.53,99.16,7718.6001,91.48,79750.0,1821.0,3.757,4.784,5.246,2026-09-01,260485,32361,228124,61450,326168,-264718
2026-09-05T13:00:53.822012+00:00,17927.0,18301.0,179278.0,182186.0,4428.86,4427.69,4430.03,True,1.2669,1.266802,1.2669,True,180.39,180388.24,-1110.24,-0.62,-2908.0,-1.62,True,182.0,179.28,1.49,4424.24,4437.52,4419.73,17.79,181829.0,182186.0,181829.0,357.0,181.65,182.0,181.65,0.35,4432.98,4429.4,4425.82,0.1616,4429.4,4450.61,4421.84,4429.56,4431.64,4433.2,4433.63,4427.97,-3.64,0.1044,-0.5656,0.181,1.0807,1,1,1,1,0,4,DOMINANT,3813.77,3275.64,691595.83,6148.09,6124.47,3586.73,29801.17,418605.26,34726.66,5610.49,66.047,14.53,99.16,7718.6001,91.48,79720.4766,1821.0,3.757,4.784,5.246,2026-09-01,260485,32361,228124,61450,326168,-264718
2026-09-05T13:03:49.111973+00:00,17927.0,18301.0,179278.0,182186.0,4428.86,4427.69,4430.03,True,1.2669,1.266802,1.2669,True,180.39,180388.24,-1110.24,-0.62,-2908.0,-1.62,True,182.0,179.28,1.49,4424.24,4437.52,4419.73,17.79,181829.0,182186.0,181829.0,357.0,181.65,182.0,181.65,0.35,4431.95,4429.67,4427.39,0.1029,4429.67,4449.4,4421.94,4429.45,4431.38,4432.88,4433.44,4427.99,-3.43,0.1044,-0.5656,0.0653,0.9632,1,1,1,1,0,4,DOMINANT,3813.77,3275.64,691595.83,6148.09,6124.47,3586.73,29801.17,418605.26,34726.66,5610.49,66.047,14.53,99.16,7718.6001,91.48,79696.1328,1821.0,3.757,4.784,5.246,2026-09-01,260485,32361,228124,61450,326168,-264718
2026-09-05T15:56:01.225950+00:00,17927.0,18301.0,179278.0,182186.0,4428.86,4427.69,4430.03,True,1.2669,1.266802,1.2669,True,180.39,180388.24,-1110.24,-0.62,-2908.0,-1.62,True,182.0,179.28,1.49,4436.85,4436.85,4419.73,17.12,182186.0,182186.0,182186.0,0.0,182.0,182.0,182.0,0.0,4430.32,4429.41,4428.5,0.0411,4429.41,4447.96,4422.06,4429.36,4431.14,4432.58,4433.26,4428.01,-3.22,-0.1801,-0.5656,0.1216,0.6655,1,1,1,1,0,4,DOMINANT,3813.77,3275.64,691595.83,6148.09,6124.47,3586.73,29801.17,418605.26,34726.66,5610.49,66.047,14.53,99.16,7718.6001,91.48,79805.7266,1821.0,3.757,4.784,5.246,2026-09-01,260485,32361,228124,61450,326168,-264718
2026-09-05T16:07:00.884465+00:00,17927.0,18301.0,179278.0,182186.0,4428.86,4427.69,4430.03,True,1.2669,1.266802,1.2669,True,180.39,180388.24,-1110.24,-0.62,-2908.0,-1.62,True,182.0,179.28,1.49,4436.85,4436.85,4419.73,17.12,182186.0,182186.0,182186.0,0.0,182.0,182.0,182.0,0.0,4430.29,4429.36,4428.43,0.042,4429.36,4446.72,4422.12,4429.29,4430.92,4432.31,4433.09,4428.02,-3.02,-0.1801,-0.5656,-0.1191,0.7493,1,1,1,0,0,3,DOMINANT,3813.77,3275.64,691595.83,6148.09,6124.47,3586.73,29801.17,418605.26,34726.66,5610.49,66.047,14.53,99.16,7718.6001,91.48,79811.4531,1821.0,3.757,4.784,5.246,2026-09-01,260485,32361,228124,61450,326168,-264718
2026-09-05T16:14:10.014010+00:00,17927.0,18301.0,179278.0,182186.0,4428.86,4427.69,4430.03,True,1.2669,1.266802,1.2669,True,180.39,180388.24,-1110.24,-0.62,-2908.0,-1.62,True,182.0,179.28,1.49,4436.85,4436.85,4419.73,17.12,182186.0,182186.0,182186.0,0.0,182.0,182.0,182.0,0.0,4430.25,4429.32,4428.39,0.042,4429.32,4445.68,4422.11,4429.22,4430.72,4432.05,4432.92,4428.04,-2.83,-0.1801,-0.5656,-0.0205,0.5211,1,1,1,0,0,3,DOMINANT,3813.77,3275.64,691595.83,6148.09,6124.47,3586.73,29801.17,418605.26,34726.66,5610.49,66.047,14.53,99.16,7718.6001,91.48,79764.7578,1821.0,3.757,4.784,5.246,2026-09-01,260485,32361,228124,61450,326168,-264718
2026-09-05T16:18:00.930634+00:00,17927.0,18301.0,179278.0,182186.0,4428.86,4427.69,4430.03,True,1.2669,1.266802,1.2669,True,180.39,180388.24,-1110.24,-0.62,-2908.0,-1.62,True,182.0,179.28,1.49,4436.85,4436.85,4419.73,17.12,182186.0,182186.0,182186.0,0.0,182.0,182.0,182.0,0.0,4430.2,4429.27,4428.34,0.042,4429.27,4444.63,4422.14,4429.16,4430.55,4431.82,4432.76,4428.06,-2.66,-0.1801,-0.5656,-0.0205,-0.0785,1,1,1,0,1,4,DOMINANT,3813.77,3275.64,691595.83,6148.09,6124.47,3586.73,29801.17,418605.26,34726.66,5610.49,66.047,14.53,99.16,7718.6001,91.48,79786.8516,1821.0,3.757,4.784,5.246,2026-09-01,260485,32361,228124,61450,326168,-264718
2026-09-05T18:07:52.924937+00:00,17927.0,18301.0,179278.0,182186.0,4428.86,4427.69,4430.03,True,1.2669,1.266802,1.2669,True,180.39,180388.24,-1110.24,-0.62,-2908.0,-1.62,True,182.0,179.28,1.49,4420.86,4434.14,4420.86,13.28,182186.0,182186.0,182186.0,0.0,182.0,182.0,182.0,0.0,4430.13,4429.22,4428.31,0.0411,4429.22,4443.65,4422.16,4429.12,4430.39,4431.6,4432.61,4428.07,-2.48,0.181,-0.5461,-0.0205,-0.1857,1,1,1,0,1,4,DOMINANT,3813.77,3275.64,691595.83,6148.09,6124.47,3586.73,29801.17,418605.26,34726.66,5610.49,66.047,14.53,99.16,7718.6001,91.48,80030.1562,1821.0,3.757,4.784,5.246,2026-09-01,260485,32361,228124,61450,326168,-264718
2026-09-05T18:21:29.198964+00:00,17927.0,18301.0,179278.0,182186.0,4428.86,4427.69,4430.03,True,1.2669,1.266802,1.2669,True,180.39,180388.24,-1110.24,-0.62,-2908.0,-1.62,True,182.0,179.28,1.49,4425.97,4434.14,4423.48,10.66,182186.0,182186.0,182186.0,0.0,182.0,182.0,182.0,0.0,4430.07,4429.18,4428.29,0.0402,4429.18,4442.78,4422.19,4429.08,4430.24,4431.39,4432.46,4428.09,-2.31,0.0653,-0.5461,-0.0205,0.1336,1,1,1,0,0,3,DOMINANT,3813.77,3275.64,691595.83,6148.09,6124.47,3586.73,29801.17,418605.26,34726.66,5610.49,66.047,14.53,99.16,7718.6001,91.48,80001.6797,1821.0,3.757,4.784,5.246,2026-09-01,260485,32361,228124,61450,326168,-264718
2026-09-05T18:33:19.281238+00:00,17927.0,18301.0,179278.0,182186.0,4428.86,4427.69,4430.03,True,1.2669,1.266802,1.2669,True,180.39,180388.24,-1110.24,-0.62,-2908.0,-1.62,True,182.0,179.28,1.49,4423.48,4434.14,4423.48,10.66,182186.0,182186.0,182186.0,0.0,182.0,182.0,182.0,0.0,4429.99,4429.13,4428.27,0.0388,4429.13,4441.9,4422.24,4429.04,4430.11,4431.21,4432.32,4428.1,-2.17,0.1216,-0.5656,-0.0205,0.1574,1,1,1,0,0,3,DOMINANT,3813.77,3275.64,691595.83,6148.09,6124.47,3586.73,29801.17,418605.26,34726.66,5610.49,66.047,14.53,99.16,7718.6001,91.48,79966.2031,1821.0,3.757,4.784,5.246,2026-09-01,260485,32361,228124,61450,326168,-264718
2026-09-05T18:36:41.404441+00:00,17927.0,18301.0,179278.0,182186.0,4428.86,4427.69,4430.03,True,1.2669,1.266802,1.2669,True,180.39,180388.24,-1110.24,-0.62,-2908.0,-1.62,True,182.0,179.28,1.49,4423.48,4434.14,4423.48,10.66,182186.0,182186.0,182186.0,0.0,182.0,182.0,182.0,0.0,4429.9,4429.09,4428.28,0.0366,4429.09,4441.01,4422.31,4429.02,4429.99,4431.03,4432.19,4428.12,-2.01,0.1216,-0.5656,-0.0205,-0.1659,1,1,1,0,1,4,DOMINANT,3813.77,3275.64,691595.83,6148.09,6124.47,3586.73,29801.17,418605.26,34726.66,5610.49,66.047,14.53,99.16,7718.6001,91.48,79991.9922,1821.0,3.757,4.784,5.246,2026-09-01,260485,32361,228124,61450,326168,-264718
2026-09-05T20:29:34.800622+00:00,17927.0,18301.0,179278.0,182186.0,4428.86,4427.69,4430.03,True,1.2669,1.266802,1.2669,True,180.39,180388.24,-1110.24,-0.62,-2908.0,-1.62,True,182.0,179.28,1.49,4429.77,4429.77,4428.86,0.91,182186.0,182186.0,182186.0,0.0,182.0,182.0,182.0,0.0,4429.79,4429.04,4428.29,0.0339,4429.04,4440.13,4422.35,4428.99,4429.88,4430.87,4432.05,4428.13,-1.88,-0.0205,-0.5656,-0.0205,-0.0688,1,1,1,0,1,4,DOMINANT,3813.77,3275.64,691595.83,6148.09,6124.47,3586.73,29801.17,418605.26,34726.66,5610.49,66.047,14.53,99.16,7718.6001,91.48,79717.1875,1821.0,3.757,4.784,5.246,2026-09-01,260485,32361,228124,61450,326168,-264718
2026-09-05T20:41:53.101139+00:00,17927.0,18301.0,179278.0,182186.0,4428.86,4427.69,4430.03,True,1.2669,1.266802,1.2669,True,180.39,180388.24,-1110.24,-0.62,-2908.0,-1.62,True,182.0,179.28,1.49,4429.77,4429.77,4428.86,0.91,182186.0,182186.0,182186.0,0.0,182.0,182.0,182.0,0.0,4429.67,4429.0,4428.33,0.0303,4429.0,4439.24,4422.39,4428.97,4429.79,4430.72,4431.93,4428.15,-1.75,-0.0205,-0.5461,-0.0205,-0.2033,1,1,1,0,1,4,DOMINANT,3813.77,3275.64,691595.83,6148.09,6124.47,3586.73,29801.17,418605.26,34726.66,5610.49,66.047,14.53,99.16,7718.6001,91.48,79734.5469,1821.0,3.757,4.784,5.246,2026-09-01,260485,32361,228124,61450,326168,-264718
2026-09-05T20:45:06.509235+00:00,17927.0,18301.0,179278.0,182186.0,4428.86,4427.69,4430.03,True,1.2669,1.266802,1.2669,True,180.39,180388.24,-1110.24,-0.62,-2908.0,-1.62,True,182.0,179.28,1.49,4429.77,4429.77,4428.86,0.91,182186.0,182186.0,182186.0,0.0,182.0,182.0,182.0,0.0,4429.51,4428.95,4428.39,0.0253,4428.95,4438.26,4422.4,4428.95,4429.7,4430.58,4431.81,4428.16,-1.63,-0.0205,-0.5461,-0.0205,-0.2215,1,1,1,0,1,4,DOMINANT,3813.77,3275.64,691595.83,6148.09,6124.47,3586.73,29801.17,418605.26,34726.66,5610.49,66.047,14.53,99.16,7718.6001,91.48,79773.0391,1821.0,3.757,4.784,5.246,2026-09-01,260485,32361,228124,61450,326168,-264718
2026-09-05T21:06:14.580045+00:00,17927.0,18301.0,179278.0,182186.0,4428.86,4427.69,4430.03,True,1.2669,1.266802,1.2669,True,180.39,180388.24,-1110.24,-0.62,-2908.0,-1.62,True,182.0,179.28,1.49,4429.77,4429.77,4428.86,0.91,182186.0,182186.0,182186.0,0.0,182.0,182.0,182.0,0.0,4429.32,4428.91,4428.5,0.0185,4428.91,4437.22,4422.38,4428.94,4429.62,4430.46,4431.69,4428.18,-1.52,-0.0205,-0.5656,-0.0205,-1.0361,1,1,1,0,1,4,DOMINANT,3813.77,3275.64,691595.83,6148.09,6124.47,3586.73,29801.17,418605.26,34726.66,5610.49,66.047,14.53,99.16,7718.6001,91.48,79734.0078,1821.0,3.757,4.784,5.246,2026-09-01,260485,32361,228124,61450,326168,-264718
2026-09-05T22:22:21.692919+00:00,17927.0,18301.0,179278.0,182186.0,4428.86,4427.69,4430.03,True,1.2669,1.266802,1.2669,True,180.39,180388.24,-1110.24,-0.62,-2908.0,-1.62,True,182.0,179.28,1.49,4429.77,4429.77,4428.86,0.91,182186.0,182186.0,182186.0,0.0,182.0,182.0,182.0,0.0,4428.86,4428.86,4428.86,0.0,4428.86,4436.27,4422.38,4428.93,4429.55,4430.34,4431.58,4428.19,-1.41,-0.0205,-0.5656,-0.0205,-1.3452,1,1,1,0,1,4,DOMINANT,3813.77,3275.64,691595.83,6148.09,6124.47,3586.73,29801.17,418605.26,34726.66,5610.49,66.047,14.53,99.16,7718.6001,91.48,79855.4688,1821.0,3.757,4.784,5.246,2026-09-01,260485,32361,228124,61450,326168,-264718
2026-09-05T22:49:43.660848+00:00,17927.0,18301.0,179278.0,182186.0,4428.86,4427.69,4430.03,True,1.2669,1.266802,1.2669,True,180.39,180388.24,-1110.24,-0.62,-2908.0,-1.62,True,182.0,179.28,1.49,4429.77,4429.77,4428.86,0.91,182186.0,182186.0,182186.0,0.0,182.0,182.0,182.0,0.0,4428.86,4428.86,4428.86,0.0,4428.86,4435.34,4422.33,4428.92,4429.48,4430.23,4431.48,4428.2,-1.31,-0.0205,-0.5461,-0.0205,-1.5973,1,1,1,0,1,4,DOMINANT,3813.77,3275.64,691595.83,6148.09,6124.47,3586.73,29801.17,418605.26,34726.66,5610.49,66.047,14.53,99.16,7718.6001,91.48,79785.0,1821.0,3.757,4.784,5.246,2026-09-01,260485,32361,228124,61450,326168,-264718
2026-09-05T22:57:28.120783+00:00,17927.0,18301.0,179278.0,182186.0,4428.86,4427.69,4430.03,True,1.2669,1.266802,1.2669,True,180.39,180388.24,-1110.24,-0.62,-2908.0,-1.62,True,182.0,179.28,1.49,4429.77,4429.77,4428.86,0.91,182186.0,182186.0,182186.0,0.0,182.0,182.0,182.0,0.0,4428.86,4428.86,4428.86,0.0,4428.86,4434.55,4422.28,4428.91,4429.42,4430.13,4431.37,4428.22,-1.22,-0.0205,-0.5656,0.0,-1.3861,1,1,1,0,1,4,DOMINANT,3813.77,3275.64,691595.83,6148.09,6124.47,3586.73,29801.17,418605.26,34726.66,5610.49,66.047,14.53,99.16,7718.6001,91.48,79809.7422,1821.0,3.757,4.784,5.246,2026-09-01,260485,32361,228124,61450,326168,-264718
2026-09-05T23:14:58.141296+00:00,17927.0,18301.0,179278.0,182186.0,4428.86,4427.69,4430.03,True,1.2669,1.266802,1.2669,True,180.39,180388.24,-1110.24,-0.62,-2908.0,-1.62,True,182.0,179.28,1.49,4429.77,4429.77,4428.86,0.91,182186.0,182186.0,182186.0,0.0,182.0,182.0,182.0,0.0,4428.86,4428.86,4428.86,0.0,4428.86,4433.64,4422.23,4428.9,4429.37,4430.03,4431.27,4428.23,-1.13,-0.0205,-0.5656,0.0,-1.1567,1,1,1,0,1,4,DOMINANT,3813.77,3275.64,691595.83,6148.09,6124.47,3586.73,29801.17,418605.26,34726.66,5610.49,66.047,14.53,99.16,7718.6001,91.48,79748.6875,1821.0,3.757,4.784,5.246,2026-09-01,260485,32361,228124,61450,326168,-264718
2026-09-06T00:15:53.983717+00:00,17927.0,18301.0,179278.0,182186.0,4428.86,4427.69,4430.03,True,1.2669,1.266802,1.2669,True,180.39,180388.24,-1110.24,-0.62,-2908.0,-1.62,True,182.0,179.28,1.49,4429.77,4429.77,4428.86,0.91,182186.0,182186.0,182186.0,0.0,182.0,182.0,182.0,0.0,4428.86,4428.86,4428.86,0.0,4428.86,4432.81,4422.17,4428.89,4429.32,4429.95,4431.18,4428.24,-1.06,-0.0205,-0.5461,0.0,-1.1779,1,1,1,0,1,4,DOMINANT,3813.77,3275.64,691595.83,6148.09,6124.47,3586.73,29801.17,418605.26,34726.66,5610.49,66.047,14.53,99.16,7718.6001,91.48,79913.9609,1821.0,3.757,4.784,5.246,2026-09-01,260485,32361,228124,61450,326168,-264718
2026-09-06T00:48:24.387490+00:00,17927.0,18301.0,179278.0,182186.0,4428.86,4427.69,4430.03,True,1.2668,1.266709,1.2669,True,180.38,180381.62,-1103.62,-0.61,-2908.0,-1.62,True,182.0,179.28,1.49,4429.77,4429.77,4428.86,0.91,182186.0,182186.0,182186.0,0.0,182.0,182.0,182.0,0.0,4428.86,4428.86,4428.86,0.0,4428.86,4432.01,4422.12,4428.89,4429.28,4429.87,4431.09,4428.25,-0.98,-0.0205,-0.5461,0.0,-1.0903,1,1,1,0,1,4,DOMINANT,3813.53,3275.84,691667.88,6148.65,6123.37,3586.94,29825.76,418578.68,34726.53,5610.08,66.047,14.53,99.16,7718.6001,91.48,79889.9688,1821.0,3.757,4.784,5.246,2026-09-01,260485,32361,228124,61450,326168,-264718
2026-09-06T01:02:18.084743+00:00,17927.0,18301.0,179278.0,182186.0,4428.86,4427.69,4430.03,True,1.2668,1.266709,1.2669,True,180.38,180381.62,-1103.62,-0.61,-2908.0,-1.62,True,182.0,179.28,1.49,4429.77,4429.77,4428.86,0.91,182186.0,182186.0,182186.0,0.0,182.0,182.0,182.0,0.0,4428.86,4428.86,4428.86,0.0,4428.86,4431.3,4422.03,4428.88,4429.24,4429.79,4431.0,4428.27,-0.91,-0.0205,-0.5656,0.0,-0.9726,1,1,1,0,1,4,DOMINANT,3813.53,3275.84,691667.88,6148.65,6123.37,3586.94,29825.76,418578.68,34726.53,5610.08,66.047,14.53,99.16,7718.6001,91.48,79885.4375,1821.0,3.757,4.784,5.246,2026-09-01,260485,32361,228124,61450,326168,-264718
2026-09-06T01:19:00.313131+00:00,17927.0,18301.0,179278.0,182186.0,4428.86,4427.69,4430.03,True,1.2668,1.266709,1.2669,True,180.38,180381.62,-1103.62,-0.61,-2908.0,-1.62,True,182.0,179.28,1.49,4429.77,4429.77,4428.86,0.91,182186.0,182186.0,182186.0,0.0,182.0,182.0,182.0,0.0,4428.86,4428.86,4428.86,0.0,4428.86,4430.55,4421.96,4428.88,4429.2,4429.72,4430.92,4428.28,-0.84,-0.0205,-0.5656,0.0,-0.9875,1,1,1,0,1,4,DOMINANT,3813.53,3275.84,691667.88,6148.65,6123.37,3586.94,29825.76,418578.68,34726.53,5610.08,66.047,14.53,99.16,7718.6001,91.48,79950.6875,1821.0,3.757,4.784,5.246,2026-09-01,260485,32361,228124,61450,326168,-264718
2026-09-06T05:09:46.478874+00:00,17927.0,18301.0,179278.0,182186.0,4428.86,4427.69,4430.03,True,1.2668,1.266709,1.2669,True,180.38,180381.62,-1103.62,-0.61,-2908.0,-1.62,True,182.0,179.28,1.49,4428.86,4428.86,4428.86,0.0,182186.0,182186.0,182186.0,0.0,182.0,182.0,182.0,0.0,4428.86,4428.86,4428.86,0.0,4428.86,4429.77,4421.87,4428.88,4429.17,4429.66,4430.84,4428.29,-0.78,0.0,-0.5461,0.0,-0.9875,1,1,1,0,1,4,DOMINANT,3813.53,3275.84,691667.88,6148.65,6123.37,3586.94,29825.76,418578.68,34726.53,5610.08,66.748,14.53,99.157,7718.6001,91.48,79871.8438,1826.0,3.757,4.784,5.246,2026-09-01,260485,32361,228124,61450,326168,-264718
2026-09-06T05:46:26.604504+00:00,17927.0,18301.0,179278.0,182186.0,4428.86,4427.69,4430.03,True,1.2668,1.266709,1.2669,True,180.38,180381.62,-1103.62,-0.61,-2908.0,-1.62,True,182.0,179.28,1.49,4428.86,4428.86,4428.86,0.0,182186.0,182186.0,182186.0,0.0,182.0,182.0,182.0,0.0,4428.86,4428.86,4428.86,0.0,4428.86,4428.97,4421.79,4428.88,4429.14,4429.6,4430.76,4428.3,-0.72,0.0,-0.5656,0.0,-0.9875,1,1,1,0,1,4,DOMINANT,3813.53,3275.84,691667.88,6148.65,6123.37,3586.94,29825.76,418578.68,34726.53,5610.08,66.748,14.53,99.157,7718.6001,91.48,80016.6094,1826.0,3.757,4.784,5.246,2026-09-01,260485,32361,228124,61450,326168,-264718
2026-09-06T06:00:48.074613+00:00,17927.0,18301.0,179278.0,182186.0,4428.86,4427.69,4430.03,True,1.2668,1.266709,1.2669,True,180.38,180381.62,-1103.62,-0.61,-2908.0,-1.62,True,182.0,179.28,1.49,4428.86,4428.86,4428.86,0.0,182186.0,182186.0,182186.0,0.0,182.0,182.0,182.0,0.0,4428.86,4428.86,4428.86,0.0,4428.86,4429.07,4421.74,4428.87,4429.11,4429.54,4430.68,4428.31,-0.67,0.0,-0.5656,0.0,-0.9957,1,1,1,0,1,4,DOMINANT,3813.53,3275.84,691667.88,6148.65,6123.37,3586.94,29825.76,418578.68,34726.53,5610.08,66.748,14.53,99.157,7718.6001,91.48,79957.5703,1826.0,3.757,4.784,5.246,2026-09-01,260485,32361,228124,61450,326168,-264718
2026-09-06T06:28:39.333450+00:00,17927.0,18301.0,179278.0,182186.0,4428.86,4427.69,4430.03,True,1.2668,1.266709,1.2669,True,180.38,180381.62,-1103.62,-0.61,-2908.0,-1.62,True,182.0,179.28,1.49,4428.86,4428.86,4428.86,0.0,182186.0,182186.0,182186.0,0.0,182.0,182.0,182.0,0.0,4428.86,4428.86,4428.86,0.0,4428.86,4429.01,4421.7,4428.87,4429.09,4429.49,4430.61,4428.32,-0.62,0.0,-0.5656,0.0,-1.0989,1,1,1,0,1,4,DOMINANT,3813.53,3275.84,691667.88,6148.65,6123.37,3586.94,29825.76,418578.68,34726.53,5610.08,66.748,14.53,99.157,7718.6001,91.48,79837.2109,1826.0,3.757,4.784,5.246,2026-09-01,260485,32361,228124,61450,326168,-264718
2026-09-06T09:42:31.572864+00:00,17927.0,18301.0,179278.0,182186.0,4428.86,4427.69,4430.03,True,1.2668,1.266709,1.2669,True,180.38,180381.62,-1103.62,-0.61,-2908.0,-1.62,True,182.0,179.28,1.49,4428.86,4428.86,4428.86,0.0,182186.0,182186.0,182186.0,0.0,182.0,182.0,182.0,0.0,4428.86,4428.86,4428.86,0.0,4428.86,4428.84,4421.67,4428.87,4429.07,4429.45,4430.54,4428.33,-0.58,0.0,-0.5656,0.0,-1.1532,1,1,1,0,1,4,DOMINANT,3813.53,3275.84,691667.88,6148.65,6123.37,3586.94,29825.76,418578.68,34726.53,5610.08,66.748,14.53,99.157,7718.6001,91.48,79881.5938,1826.0,3.757,4.784,5.246,2026-09-01,260485,32361,228124,61450,326168,-264718
2026-09-06T10:46:48.416086+00:00,17927.0,18301.0,179278.0,182186.0,4428.86,4427.69,4430.03,True,1.2668,1.266709,1.2669,True,180.38,180381.62,-1103.62,-0.61,-2908.0,-1.62,True,182.0,179.28,1.49,4428.86,4428.86,4428.86,0.0,182186.0,182186.0,182186.0,0.0,182.0,182.0,182.0,0.0,4428.86,4428.86,4428.86,0.0,4428.86,4428.68,4421.64,4428.87,4429.05,4429.4,4430.48,4428.34,-0.53,0.0,-0.5461,0.0,-1.0647,1,1,1,0,1,4,DOMINANT,3813.53,3275.84,691667.88,6148.65,6123.37,3586.94,29825.76,418578.68,34726.53,5610.08,66.748,14.53,99.157,7718.6001,91.48,80014.1016,1826.0,3.757,4.784,5.246,2026-09-01,260485,32361,228124,61450,326168,-264718
2026-09-06T11:03:13.161576+00:00,17927.0,18301.0,179278.0,182186.0,4428.86,4427.69,4430.03,True,1.2668,1.266709,1.2669,True,180.38,180381.62,-1103.62,-0.61,-2908.0,-1.62,True,182.0,179.28,1.49,4428.86,4428.86,4428.86,0.0,182186.0,182186.0,182186.0,0.0,182.0,182.0,182.0,0.0,4428.86,4428.86,4428.86,0.0,4428.86,4428.86,4421.59,4428.87,4429.03,4429.36,4430.42,4428.35,-0.49,0.0,-0.5656,0.0,-1.039,1,1,1,0,1,4,DOMINANT,3813.53,3275.84,691667.88,6148.65,6123.37,3586.94,29825.76,418578.68,34726.53,5610.08,66.748,14.53,99.157,7718.6001,91.48,79991.9688,1826.0,3.757,4.784,5.246,2026-09-01,260485,32361,228124,61450,326168,-264718
2026-09-06T11:18:56.640565+00:00,17927.0,18301.0,179278.0,182186.0,4428.86,4427.69,4430.03,True,1.2668,1.266709,1.2669,True,180.38,180381.62,-1103.62,-0.61,-2908.0,-1.62,True,182.0,179.28,1.49,4428.86,4428.86,4428.86,0.0,182186.0,182186.0,182186.0,0.0,182.0,182.0,182.0,0.0,4428.86,4428.86,4428.86,0.0,4428.86,4429.02,4421.52,4428.87,4429.01,4429.33,4430.35,4428.36,-0.46,0.0,-0.5656,0.0,-0.8867,1,1,1,0,1,4,DOMINANT,3813.53,3275.84,691667.88,6148.65,6123.37,3586.94,29825.76,418578.68,34726.53,5610.08,66.748,14.53,99.157,7718.6001,91.48,79967.6719,1826.0,3.757,4.784,5.246,2026-09-01,260485,32361,228124,61450,326168,-264718
2026-09-06T13:11:55.998832+00:00,17927.0,18301.0,179278.0,182186.0,4428.86,4427.69,4430.03,True,1.2668,1.266709,1.2669,True,180.38,180381.62,-1103.62,-0.61,-2908.0,-1.62,True,182.0,179.28,1.49,4428.86,4428.86,4428.86,0.0,182186.0,182186.0,182186.0,0.0,182.0,182.0,182.0,0.0,4428.86,4428.86,4428.86,0.0,4428.86,4429.08,4421.45,4428.86,4429.0,4429.29,4430.3,4428.37,-0.43,0.0,-0.5461,0.0,-1.0096,1,1,1,0,1,4,DOMINANT,3813.53,3275.84,691667.88,6148.65,6123.37,3586.94,29825.76,418578.68,34726.53,5610.08,66.748,14.53,99.157,7718.6001,91.48,79908.7109,1826.0,3.757,4.784,5.246,2026-09-01,260485,32361,228124,61450,326168,-264718
2026-09-06T14:05:47.972291+00:00,17927.0,18301.0,179278.0,182186.0,4428.86,4427.69,4430.03,True,1.2668,1.266709,1.2669,True,180.38,180381.62,-1103.62,-0.61,-2908.0,-1.62,True,182.0,179.28,1.49,4428.86,4428.86,4428.86,0.0,182186.0,182186.0,182186.0,0.0,182.0,182.0,182.0,0.0,4428.86,4428.86,4428.86,0.0,4428.86,4429.18,4421.38,4428.86,4428.98,4429.26,4430.24,4428.38,-0.4,0.0,-0.5461,0.0,-0.9352,1,1,1,0,1,4,DOMINANT,3813.53,3275.84,691667.88,6148.65,6123.37,3586.94,29825.76,418578.68,34726.53,5610.08,66.748,14.53,99.157,7718.6001,91.48,79819.7266,1826.0,3.757,4.784,5.246,2026-09-01,260485,32361,228124,61450,326168,-264718
2026-09-06T14:13:25.039842+00:00,17927.0,18301.0,179278.0,182186.0,4428.86,4427.69,4430.03,True,1.2668,1.266709,1.2669,True,180.38,180381.62,-1103.62,-0.61,-2908.0,-1.62,True,182.0,179.28,1.49,4428.86,4428.86,4428.86,0.0,182186.0,182186.0,182186.0,0.0,182.0,182.0,182.0,0.0,4428.86,4428.86,4428.86,0.0,4428.86,4429.08,4421.28,4428.86,4428.97,4429.23,4430.19,4428.39,-0.37,0.0,-0.5461,0.0,-0.8867,1,1,1,0,1,4,DOMINANT,3813.53,3275.84,691667.88,6148.65,6123.37,3586.94,29825.76,418578.68,34726.53,5610.08,66.748,14.53,99.157,7718.6001,91.48,79747.0938,1826.0,3.757,4.784,5.246,2026-09-01,260485,32361,228124,61450,326168,-264718
2026-09-06T14:22:48.580993+00:00,17927.0,18301.0,179278.0,182186.0,4428.86,4427.69,4430.03,True,1.2668,1.266709,1.2669,True,180.38,180381.62,-1103.62,-0.61,-2908.0,-1.62,True,182.0,179.28,1.49,4428.86,4428.86,4428.86,0.0,182186.0,182186.0,182186.0,0.0,182.0,182.0,182.0,0.0,4428.86,4428.86,4428.86,0.0,4428.86,4429.06,4421.18,4428.86,4428.96,4429.2,4430.13,4428.4,-0.34,0.0,-0.5656,0.0,-0.797,1,1,1,0,1,4,DOMINANT,3813.53,3275.84,691667.88,6148.65,6123.37,3586.94,29825.76,418578.68,34726.53,5610.08,66.748,14.53,99.157,7718.6001,91.48,79652.5781,1826.0,3.757,4.784,5.246,2026-09-01,260485,32361,228124,61450,326168,-264718
2026-09-06T16:28:32.504151+00:00,17927.0,18301.0,179278.0,182186.0,4428.86,4427.69,4430.03,True,1.2668,1.266709,1.2669,True,180.38,180381.62,-1103.62,-0.61,-2908.0,-1.62,True,182.0,179.28,1.49,4428.86,4428.86,4428.86,0.0,182186.0,182186.0,182186.0,0.0,182.0,182.0,182.0,0.0,4428.86,4428.86,4428.86,0.0,4428.86,4429.04,4421.08,4428.86,4428.95,4429.18,4430.08,4428.41,-0.32,0.0,-0.5656,0.0,-0.8485,1,1,1,0,1,4,DOMINANT,3813.53,3275.84,691667.88,6148.65,6123.37,3586.94,29825.76,418578.68,34726.53,5610.08,66.748,14.53,99.157,7718.6001,91.48,79710.7422,1826.0,3.757,4.784,5.246,2026-09-01,260485,32361,228124,61450,326168,-264718
2026-09-06T16:56:33.099042+00:00,17927.0,18301.0,179278.0,182186.0,4428.86,4427.69,4430.03,True,1.2668,1.266709,1.2669,True,180.38,180381.62,-1103.62,-0.61,-2908.0,-1.62,True,182.0,179.28,1.49,4428.86,4428.86,4428.86,0.0,182186.0,182186.0,182186.0,0.0,182.0,182.0,182.0,0.0,4428.86,4428.86,4428.86,0.0,4428.86,4429.02,4420.95,4428.86,4428.94,4429.15,4430.04,4428.42,-0.29,0.0,-0.5461,0.0,-0.8674,1,1,1,0,1,4,DOMINANT,3813.53,3275.84,691667.88,6148.65,6123.37,3586.94,29825.76,418578.68,34726.53,5610.08,66.748,14.53,99.157,7718.6001,91.48,79672.3281,1826.0,3.757,4.784,5.246,2026-09-01,260485,32361,228124,61450,326168,-264718
2026-09-06T17:06:42.511533+00:00,17927.0,18301.0,179278.0,182186.0,4428.86,4427.69,4430.03,True,1.2668,1.266709,1.2669,True,180.38,180381.62,-1103.62,-0.61,-2908.0,-1.62,True,182.0,179.28,1.49,4428.86,4428.86,4428.86,0.0,182186.0,182186.0,182186.0,0.0,182.0,182.0,182.0,0.0,4428.86,4428.86,4428.86,0.0,4428.86,4429.01,4420.82,4428.86,4428.94,4429.13,4429.99,4428.43,-0.27,0.0,-0.5461,0.0,-0.8922,1,1,1,0,1,4,DOMINANT,3813.53,3275.84,691667.88,6148.65,6123.37,3586.94,29825.76,418578.68,34726.53,5610.08,66.748,14.53,99.157,7718.6001,91.48,79651.7578,1826.0,3.757,4.784,5.246,2026-09-01,260485,32361,228124,61450,326168,-264718
2026-09-06T17:19:56.674433+00:00,17927.0,18301.0,179278.0,182186.0,4428.86,4427.69,4430.03,True,1.2668,1.266709,1.2669,True,180.38,180381.62,-1103.62,-0.61,-2908.0,-1.62,True,182.0,179.28,1.49,4428.86,4428.86,4428.86,0.0,182186.0,182186.0,182186.0,0.0,182.0,182.0,182.0,0.0,4428.86,4428.86,4428.86,0.0,4428.86,4428.99,4420.67,4428.86,4428.93,4429.11,4429.94,4428.44,-0.25,0.0,-0.5656,0.0,0.1044,1,1,1,0,0,3,DOMINANT,3813.53,3275.84,691667.88,6148.65,6123.37,3586.94,29825.76,418578.68,34726.53,5610.08,66.748,14.53,99.176,7718.6001,91.48,79710.0078,1826.0,3.757,4.784,5.246,2026-09-01,260485,32361,228124,61450,326168,-264718
2026-09-06T18:40:26.396198+00:00,17927.0,18301.0,179278.0,182186.0,4428.86,4427.69,4430.03,True,1.2668,1.266709,1.2669,True,180.38,180381.62,-1103.62,-0.61,-2908.0,-1.62,True,182.0,179.28,1.49,4428.86,4428.86,4428.86,0.0,182186.0,182186.0,182186.0,0.0,182.0,182.0,182.0,0.0,4428.86,4428.86,4428.86,0.0,4428.86,4428.97,4420.53,4428.86,4428.92,4429.09,4429.9,4428.45,-0.23,0.0,-0.5484,0.0,-0.0636,1,1,1,0,1,4,DOMINANT,3813.53,3275.84,691667.88,6148.65,6123.37,3586.94,29825.76,418578.68,34726.53,5610.08,66.748,14.53,99.157,7718.6001,91.48,79962.9375,1826.0,3.757,4.784,5.246,2026-09-01,260485,32361,228124,61450,326168,-264718
2026-09-06T19:01:48.853272+00:00,17927.0,18301.0,179278.0,182186.0,4428.86,4427.69,4430.03,True,1.2668,1.266709,1.2669,True,180.38,180381.62,-1103.62,-0.61,-2908.0,-1.62,True,182.0,179.28,1.49,4428.86,4428.86,4428.86,0.0,182186.0,182186.0,182186.0,0.0,182.0,182.0,182.0,0.0,4428.86,4428.86,4428.86,0.0,4428.86,4428.95,4420.41,4428.86,4428.92,4429.08,4429.86,4428.45,-0.22,0.0,-0.5484,0.0,-0.1952,1,1,1,0,1,4,DOMINANT,3813.53,3275.84,691667.88,6148.65,6123.37,3586.94,29825.76,418578.68,34726.53,5610.08,66.748,14.53,99.157,7718.6001,91.48,79896.4297,1826.0,3.757,4.784,5.246,2026-09-01,260485,32361,228124,61450,326168,-264718
2026-09-06T19:15:07.543900+00:00,17927.0,18301.0,179278.0,182186.0,4428.86,4427.69,4430.03,True,1.2668,1.266709,1.2669,True,180.38,180381.62,-1103.62,-0.61,-2908.0,-1.62,True,182.0,179.28,1.49,4428.86,4428.86,4428.86,0.0,182186.0,182186.0,182186.0,0.0,182.0,182.0,182.0,0.0,4428.86,4428.86,4428.86,0.0,4428.86,4428.93,4420.31,4428.86,4428.91,4429.06,4429.82,4428.46,-0.2,0.0,-0.5484,0.0,-0.1801,1,1,1,0,1,4,DOMINANT,3813.53,3275.84,691667.88,6148.65,6123.37,3586.94,29825.76,418578.68,34726.53,5610.08,66.748,14.53,99.157,7718.6001,91.48,79855.1484,1826.0,3.757,4.784,5.246,2026-09-01,260485,32361,228124,61450,326168,-264718
2026-09-06T19:28:22.014450+00:00,17927.0,18301.0,179278.0,182186.0,4428.86,4427.69,4430.03,True,1.2668,1.266709,1.2669,True,180.38,180381.62,-1103.62,-0.61,-2908.0,-1.62,True,182.0,179.28,1.49,4428.86,4428.86,4428.86,0.0,182186.0,182186.0,182186.0,0.0,182.0,182.0,182.0,0.0,4428.86,4428.86,4428.86,0.0,4428.86,4428.91,4420.25,4428.86,4428.91,4429.05,4429.78,4428.47,-0.19,0.0,-0.5484,0.0,0.2066,1,1,1,0,0,3,DOMINANT,3813.53,3275.84,691667.88,6148.65,6123.37,3586.94,29825.76,418578.68,34726.53,5610.08,66.748,14.53,99.157,7718.6001,91.48,79838.8516,1826.0,3.757,4.784,5.246,2026-09-01,260485,32361,228124,61450,326168,-264718
2026-09-06T20:52:33.635443+00:00,17927.0,18301.0,179278.0,182186.0,4428.86,4427.69,4430.03,True,1.2668,1.266709,1.2669,True,180.38,180381.62,-1103.62,-0.61,-2908.0,-1.62,True,182.0,179.28,1.49,4428.86,4428.86,4428.86,0.0,182186.0,182186.0,182186.0,0.0,182.0,182.0,182.0,0.0,4428.86,4428.86,4428.86,0.0,4428.86,4428.9,4420.21,4428.86,4428.9,4429.03,4429.75,4428.48,-0.17,0.0,-0.5656,0.0,0.181,1,1,1,0,0,3,DOMINANT,3813.53,3275.84,691667.88,6148.65,6123.37,3586.94,29825.76,418578.68,34726.53,5610.08,66.748,14.53,99.157,7718.6001,91.48,79919.3125,1826.0,3.757,4.784,5.246,2026-09-01,260485,32361,228124,61450,326168,-264718
2026-09-06T21:12:05.617353+00:00,17927.0,18301.0,179278.0,182186.0,4428.86,4427.69,4430.03,True,1.2668,1.266709,1.2669,True,180.38,180381.62,-1103.62,-0.61,-2908.0,-1.62,True,182.0,179.28,1.49,4428.86,4428.86,4428.86,0.0,182186.0,182186.0,182186.0,0.0,182.0,182.0,182.0,0.0,4428.86,4428.86,4428.86,0.0,4428.86,4428.88,4420.17,4428.86,4428.9,4429.02,4429.71,4428.48,-0.16,0.0,-0.5656,0.0,0.0653,1,1,1,0,0,3,DOMINANT,3813.53,3275.84,691667.88,6148.65,6123.37,3586.94,29825.76,418578.68,34726.53,5610.08,66.748,14.53,99.157,7718.6001,91.48,79989.5312,1826.0,3.757,4.784,5.246,2026-09-01,260485,32361,228124,61450,326168,-264718
2026-09-06T21:25:15.455452+00:00,17927.0,18301.0,179278.0,182186.0,4428.86,4427.69,4430.03,True,1.2668,1.266709,1.2669,True,180.38,180381.62,-1103.62,-0.61,-2908.0,-1.62,True,182.0,179.28,1.49,4428.86,4428.86,4428.86,0.0,182186.0,182186.0,182186.0,0.0,182.0,182.0,182.0,0.0,4428.86,4428.86,4428.86,0.0,4428.86,4428.86,4420.11,4428.86,4428.89,4429.01,4429.68,4428.49,-0.15,0.0,-0.5484,0.0,0.1216,1,1,1,0,0,3,DOMINANT,3813.53,3275.84,691667.88,6148.65,6123.37,3586.94,29825.76,418578.68,34726.53,5610.08,66.748,14.53,99.157,7718.6001,91.48,79980.0,1826.0,3.757,4.784,5.246,2026-09-01,260485,32361,228124,61450,326168,-264718
2026-09-06T21:40:39.688863+00:00,17927.0,18301.0,179278.0,182186.0,4428.86,4427.69,4430.03,True,1.2668,1.266709,1.2669,True,180.38,180381.62,-1103.62,-0.61,-2908.0,-1.62,True,182.0,179.28,1.49,4428.86,4428.86,4428.86,0.0,182186.0,182186.0,182186.0,0.0,182.0,182.0,182.0,0.0,4428.86,4428.86,4428.86,0.0,4428.86,4428.86,4420.03,4428.86,4428.89,4429.0,4429.65,4428.5,-0.14,0.0,-0.5484,0.0,-0.1191,1,1,1,0,1,4,DOMINANT,3813.53,3275.84,691667.88,6148.65,6123.37,3586.94,29825.76,418578.68,34726.53,5610.08,66.748,14.53,99.157,7718.6001,91.48,79885.0078,1826.0,3.757,4.784,5.246,2026-09-01,260485,32361,228124,61450,326168,-264718
2026-09-06T23:17:10.393575+00:00,17927.0,18301.0,179278.0,182186.0,4429.45,4429.23,4429.675,True,1.2668,1.266709,1.2669,True,180.41,180405.75,-1127.75,-0.63,-2908.0,-1.62,False,182.0,179.28,1.49,4428.86,4428.86,4428.86,0.0,182186.0,182186.0,182186.0,0.0,182.0,182.0,182.0,0.0,4428.86,4428.86,4428.86,0.0,4428.86,4428.86,4419.99,4428.86,4428.89,4428.99,4429.62,4428.51,-0.13,0.0,-0.7336,0.0,-0.0205,1,1,1,0,1,4,DOMINANT,3814.04,3276.28,691760.41,6149.48,6124.19,3587.42,29829.75,418634.68,34731.17,5610.83,66.748,14.53,99.148,7718.6001,91.48,80169.7812,1826.0,3.757,4.784,5.246,2026-09-01,260485,32361,228124,61450,326168,-264718
2026-09-06T23:44:17.952497+00:00,17927.0,18301.0,179278.0,182186.0,4428.56,4428.25,4428.875,True,1.2668,1.266709,1.2669,True,180.37,180369.51,-1091.51,-0.61,-2908.0,-1.62,False,182.0,179.28,1.49,4428.86,4429.45,4428.86,0.59,182186.0,182186.0,182186.0,0.0,182.0,182.0,182.0,0.0,4429.15,4428.89,4428.63,0.0117,4428.89,4428.87,4420.02,4428.95,4428.94,4429.02,4429.61,4428.53,-0.07,0.0133,-0.3911,0.0133,-0.0072,1,1,1,1,1,5,EXTENDED,3813.28,3275.62,691621.42,6148.24,6122.96,3586.7,29823.76,418550.56,34724.19,5609.7,66.748,14.53,99.127,7718.6001,91.48,80381.6797,1826.0,3.757,4.784,5.246,2026-09-01,260485,32361,228124,61450,326168,-264718
2026-09-06T23:59:05.003709+00:00,17927.0,18301.0,179278.0,182186.0,4421.68,4420.92,4422.445,True,1.2668,1.266709,1.2669,True,180.09,180089.29,-811.29,-0.45,-2908.0,-1.62,False,182.0,179.28,1.49,4428.86,4429.45,4428.56,0.89,182186.0,182186.0,182186.0,0.0,182.0,182.0,182.0,0.0,4429.17,4428.87,4428.57,0.0135,4428.87,4428.87,4420.05,4428.89,4428.91,4428.99,4429.57,4428.53,-0.1,-0.0068,-0.6885,-0.0068,-0.0273,1,1,1,0,1,4,DOMINANT,3807.35,3270.53,690546.95,6138.69,6113.44,3581.13,29777.42,417900.32,34670.25,5600.99,66.748,14.53,99.15,7718.6001,91.48,80341.0234,1826.0,3.757,4.784,5.246,2026-09-01,260485,32361,228124,61450,326168,-264718
2026-09-07T00:18:51.912006+00:00,17886.0,18260.0,178871.0,181778.0,4426.91,4427.17,4426.645,True,1.2668,1.266709,1.2669,True,180.3,180302.1,-1431.1,-0.79,-2907.0,-1.63,False,181.6,178.87,1.5,4428.86,4429.45,4421.68,7.77,182186.0,182186.0,182186.0,0.0,182.0,182.0,182.0,0.0,4431.75,4428.52,4425.29,0.1459,4428.52,4428.72,4420.05,4427.78,4428.22,4428.45,4429.26,4428.39,-0.67,-0.1621,-0.8427,-0.1621,-0.1826,0,1,0,0,1,2,EMERGING,3811.85,3274.39,691362.95,6145.94,6120.67,3585.36,29812.61,418394.15,34711.22,5607.6,66.748,14.53,99.161,7718.6001,91.48,80189.2891,1826.0,3.757,4.784,5.246,2026-09-01,260485,32361,228124,61450,326168,-264718
2026-09-07T01:20:06.524199+00:00,17866.0,18240.0,178668.0,181575.0,4392.68,4391.36,4394.01,True,1.267,1.267101,1.2669,True,178.94,178935.94,-267.94,-0.15,-2907.0,-1.63,False,181.39,178.67,1.5,4428.86,4429.45,4421.68,7.77,182186.0,182186.0,181778.0,408.0,182.0,182.0,181.6,0.4,4431.73,4428.42,4425.11,0.1495,4428.42,4428.68,4420.02,4427.65,4428.09,4428.33,4429.17,4428.36,-0.68,-0.044,-0.3417,-0.044,-0.0646,0,1,0,0,1,2,EMERGING,3782.42,3249.37,686036.41,6095.65,6075.43,3557.58,29516.19,415316.68,34443.12,5565.98,66.748,14.53,99.115,7718.6001,91.48,79915.4922,1826.0,3.757,4.784,5.246,2026-09-01,260485,32361,228124,61450,326168,-264718
2026-09-07T04:21:12.493535+00:00,17831.0,18205.0,178320.0,181228.0,4402.35,4402.62,4402.085,True,1.267,1.267101,1.2669,True,179.33,179329.75,-1009.75,-0.56,-2908.0,-1.63,False,181.05,178.32,1.51,4428.86,4429.45,4392.68,36.77,182186.0,182186.0,181575.0,611.0,182.0,182.0,181.39,0.61,4442.92,4426.61,4410.3,0.7369,4426.61,4427.96,4419.83,4422.27,4424.72,4425.69,4427.74,4427.65,-3.42,-0.8169,-0.6008,-0.8169,-0.8373,0,1,0,0,1,2,EMERGING,3790.74,3256.52,687546.25,6109.07,6088.8,3565.41,29581.15,416230.71,34518.92,5578.23,66.748,14.53,99.173,7718.6001,91.48,79683.0781,1826.0,3.757,4.784,5.246,2026-09-01,260485,32361,228124,61450,326168,-264718
2026-09-07T04:49:47.097465+00:00,17831.0,18205.0,178320.0,181228.0,4395.82,4395.59,4396.045,True,1.267,1.267101,1.2669,True,179.06,179063.54,-743.54,-0.42,-2908.0,-1.63,False,181.05,178.32,1.51,4428.86,4429.45,4392.68,36.77,182186.0,182186.0,181228.0,958.0,182.0,182.0,181.05,0.95,4444.81,4425.28,4405.75,0.8827,4425.28,4427.43,4419.68,4419.2,4422.59,4423.96,4426.74,4427.15,-4.76,-0.5986,-0.4119,-0.5986,-0.619,0,0,0,0,1,1,NO_TREND,3785.12,3251.68,686525.64,6100.0,6079.76,3560.12,29537.24,415612.85,34467.68,5569.94,66.748,14.53,99.189,7718.6001,91.48,79700.8906,1826.0,3.757,4.784,5.246,2026-09-01,260485,32361,228124,61450,326168,-264718
2026-09-07T05:11:15.395737+00:00,17791.0,18165.0,177924.0,180831.0,4401.1,4400.09,4402.1,True,1.267,1.267101,1.2669,True,179.28,179278.52,-1354.52,-0.76,-2907.0,-1.63,False,180.65,177.92,1.51,4428.86,4429.45,4392.68,36.77,182186.0,182186.0,181228.0,958.0,182.0,182.0,181.05,0.95,4447.08,4423.63,4400.18,1.0602,4423.63,4426.77,4419.5,4415.61,4420.04,4421.88,4425.53,4426.53,-6.27,-0.746,-0.7104,-0.746,-0.7664,0,0,0,0,1,1,NO_TREND,3789.66,3255.59,687349.86,6107.32,6087.06,3564.39,29572.7,416111.82,34509.06,5576.63,66.748,14.53,99.166,7718.6001,91.48,79699.5,1826.0,3.757,4.784,5.246,2026-09-01,260485,32361,228124,61450,326168,-264718
2026-09-07T06:39:40.392021+00:00,17783.0,18157.0,177843.0,180749.0,4394.65,4394.45,4394.84,True,1.267,1.267101,1.2669,True,179.02,179015.78,-1172.78,-0.66,-2906.0,-1.63,False,180.57,177.84,1.51,4428.86,4429.45,4392.68,36.77,182186.0,182186.0,180831.0,1355.0,182.0,182.0,180.65,1.35,4447.6,4422.24,4396.88,1.1469,4422.24,4426.21,4419.36,4413.37,4418.24,4420.34,4424.57,4426.03,-6.97,-0.6268,-0.8654,-0.6268,-0.6472,0,0,0,0,1,1,NO_TREND,3784.11,3250.82,686342.52,6098.37,6078.14,3559.17,29529.36,415501.99,34458.49,5568.46,66.748,14.53,99.096,7718.6001,91.48,79679.7109,1826.0,3.757,4.784,5.246,2026-09-01,260485,32361,228124,61450,326168,-264718
2026-09-07T10:07:19.665731+00:00,17807.0,18181.0,178081.0,180985.0,4403.78,4403.55,4404.015,True,1.267,1.267101,1.2669,True,179.39,179388.0,-1307.0,-0.73,-2904.0,-1.63,False,180.8,178.08,1.5,4428.86,4429.45,4392.68,36.77,182186.0,182186.0,180749.0,1437.0,182.0,182.0,180.57,1.43,4448.49,4420.53,4392.57,1.265,4420.53,4425.53,4419.19,4410.49,4415.99,4418.44,4423.4,4425.41,-7.95,-0.7724,-1.2232,-0.7724,-0.7928,0,0,0,0,1,1,NO_TREND,3791.97,3257.57,687769.59,6111.05,6090.77,3566.57,29590.76,416365.92,34530.13,5580.04,66.748,15.04,98.955,7718.6001,91.48,79391.5078,1826.0,3.757,4.784,5.246,2026-09-01,260485,32361,228124,61450,326168,-264718
2026-09-07T10:25:58.604289+00:00,17807.0,18181.0,178081.0,180985.0,4398.27,4397.89,4398.655,True,1.267,1.267101,1.2669,True,179.16,179163.55,-1082.55,-0.6,-2904.0,-1.63,False,180.8,178.08,1.5,4428.86,4429.45,4392.68,36.77,182186.0,182186.0,180749.0,1437.0,182.0,182.0,180.57,1.43,4447.91,4419.28,4390.65,1.2957,4419.28,4425.03,4419.03,4409.46,4414.83,4417.35,4422.63,4424.98,-7.89,-0.5663,-0.9937,-0.5663,-0.5867,0,0,0,0,1,1,NO_TREND,3787.23,3253.5,686909.05,6103.41,6083.15,3562.1,29553.74,415844.96,34486.93,5573.06,66.748,15.05,98.948,7718.6001,91.48,79387.4219,1826.0,3.757,4.784,5.246,2026-09-01,260485,32361,228124,61450,326168,-264718
2026-09-07T10:41:55.766401+00:00,17807.0,18181.0,178081.0,180985.0,4395.03,4393.88,4396.185,True,1.267,1.267101,1.2669,True,179.03,179031.57,-950.57,-0.53,-2904.0,-1.63,False,180.8,178.08,1.5,4428.86,4429.45,4392.68,36.77,182186.0,182186.0,180749.0,1437.0,182.0,182.0,180.57,1.43,4447.47,4417.75,4388.03,1.3455,4417.75,4424.42,4418.84,4407.74,4413.25,4415.94,4421.67,4424.45,-8.2,-0.6907,-1.1558,-0.6907,-0.7111,0,0,0,0,1,1,NO_TREND,3784.44,3251.1,686403.04,6098.91,6078.67,3559.48,29531.97,415538.63,34461.52,5568.95,66.748,15.04,98.938,7718.6001,91.48,79430.9609,1826.0,3.757,4.784,5.246,2026-09-01,260485,32361,228124,61450,326168,-264718
2026-09-07T13:03:28.497899+00:00,17757.0,18131.0,177580.0,180484.0,4397.62,4397.95,4397.295,True,1.267,1.267101,1.2669,True,179.14,179137.07,-1557.07,-0.87,-2904.0,-1.64,False,180.3,177.58,1.51,4428.86,4429.45,4392.68,36.77,182186.0,182186.0,180749.0,1437.0,182.0,182.0,180.57,1.43,4446.95,4416.06,4385.17,1.399,4416.06,4423.74,4418.64,4405.78,4411.51,4414.39,4420.63,4423.87,-8.61,-0.7639,-1.0309,-0.7639,-0.7639,0,0,0,0,0,0,NO_TREND,3786.67,3253.02,686807.54,6102.51,6082.25,3561.58,29549.37,415783.51,34481.83,5572.23,66.748,15.23,98.911,7718.6001,91.48,79528.6094,1826.0,3.757,4.784,5.246,2026-09-01,260485,32361,228124,61450,326168,-264718
2026-09-07T15:47:34.898749+00:00,17859.0,18233.0,178597.0,181503.0,4412.25,4412.25,4412.255,True,1.2667,1.267101,1.2662,True,179.68,179683.37,-1086.37,-0.6,-2906.0,-1.63,False,181.32,178.59,1.51,4428.86,4429.45,4392.68,36.77,182186.0,182186.0,180484.0,1702.0,182.0,182.0,180.3,1.7,4445.82,4414.5,4383.18,1.419,4414.5,4423.11,4418.46,4404.53,4410.19,4413.15,4419.73,4423.35,-8.62,-0.7054,-0.6939,-0.7054,-0.7054,0,0,0,0,0,0,NO_TREND,3799.27,3263.84,689092.41,6122.81,6102.49,3573.43,29647.68,417166.73,34596.55,5590.77,66.748,15.3,98.88,7718.6001,91.48,78745.4609,1826.0,3.757,4.784,5.246,2026-09-01,260485,32361,228124,61450,326168,-264718
2026-09-07T16:30:35.306326+00:00,17859.0,18233.0,178597.0,181503.0,4413.68,4413.48,4413.875,True,1.2667,1.267101,1.2662,True,179.74,179741.41,-1144.41,-0.64,-2906.0,-1.63,False,181.32,178.59,1.51,4428.86,4429.45,4392.68,36.77,182186.0,182186.0,180484.0,1702.0,182.0,182.0,180.3,1.7,4444.26,4413.67,4383.08,1.3861,4413.67,4422.78,4418.34,4405.72,4410.39,4413.08,4419.43,4423.13,-7.36,-0.375,-0.5015,-0.375,-0.375,0,0,0,0,0,0,NO_TREND,3800.49,3264.89,689314.96,6124.79,6104.46,3574.58,29657.25,417301.46,34607.72,5592.58,66.748,15.3,98.9,7718.6001,91.48,78807.9609,1826.0,3.757,4.784,5.246,2026-09-01,260485,32361,228124,61450,326168,-264718
2026-09-07T16:38:46.885132+00:00,17859.0,18233.0,178597.0,181503.0,4412.32,4411.93,4412.705,True,1.2667,1.267101,1.2662,True,179.69,179686.02,-1089.02,-0.61,-2906.0,-1.63,False,181.32,178.59,1.51,4428.86,4429.45,4392.68,36.77,182186.0,182186.0,180484.0,1702.0,182.0,182.0,180.3,1.7,4442.65,4412.91,4383.17,1.3479,4412.91,4422.48,4418.25,4406.94,4410.7,4413.12,4419.21,4422.94,-6.18,-0.3428,-0.4693,-0.3428,-0.3428,0,0,0,0,0,0,NO_TREND,3799.32,3263.89,689102.56,6122.9,6102.58,3573.48,29648.11,417172.88,34597.06,5590.85,66.748,15.3,98.89,7718.6001,91.48,78990.5391,1826.0,3.757,4.784,5.246,2026-09-01,260485,32361,228124,61450,326168,-264718
2026-09-07T18:25:41.460397+00:00,17859.0,18233.0,178597.0,181503.0,4404.6,4405.13,4404.065,True,1.2667,1.267101,1.2662,True,179.37,179371.63,-774.63,-0.43,-2906.0,-1.63,False,181.32,178.59,1.51,4428.86,4429.45,4392.68,36.77,182186.0,182186.0,180484.0,1702.0,182.0,182.0,180.3,1.7,4440.86,4412.08,4383.3,1.3046,4412.08,4422.15,4418.14,4407.77,4410.86,4413.06,4418.94,4422.73,-5.29,-0.3735,-0.4375,-0.3735,-0.3735,0,0,0,0,0,0,NO_TREND,3792.68,3258.18,687896.87,6112.19,6091.9,3567.23,29596.24,416442.97,34536.52,5581.07,66.748,15.3,98.906,7718.6001,91.48,79139.9688,1826.0,3.757,4.784,5.246,2026-09-01,260485,32361,228124,61450,326168,-264718
2026-09-07T19:50:43.348240+00:00,17859.0,18233.0,178597.0,181503.0,4405.45,4404.79,4406.105,True,1.2667,1.267101,1.2662,True,179.41,179406.25,-809.25,-0.45,-2906.0,-1.63,False,181.32,178.59,1.51,4428.86,4429.45,4392.68,36.77,182186.0,182186.0,180484.0,1702.0,182.0,182.0,180.3,1.7,4438.7,4410.87,4383.04,1.2619,4410.87,4421.66,4417.97,4407.28,4410.26,4412.44,4418.37,4422.37,-5.16,-0.5478,-1.0222,-0.5478,-0.5478,0,0,0,0,0,0,NO_TREND,3793.41,3258.81,688029.62,6113.36,6093.08,3567.91,29601.95,416523.34,34543.19,5582.15,66.748,15.3,98.929,7718.6001,91.48,79367.9766,1826.0,3.757,4.784,5.246,2026-09-01,260485,32361,228124,61450,326168,-264718
2026-09-07T20:37:08.485670+00:00,17859.0,18233.0,178597.0,181503.0,4405.45,4404.79,4406.105,True,1.2667,1.267101,1.2662,True,179.41,179406.25,-809.25,-0.45,-2906.0,-1.63,False,181.32,178.59,1.51,4428.86,4429.45,4392.68,36.77,182186.0,182186.0,180484.0,1702.0,182.0,182.0,180.3,1.7,4436.28,4409.7,4383.12,1.2055,4409.7,4421.19,4417.84,4407.0,4409.8,4411.92,4417.87,4422.04,-4.92,-0.5286,-0.9544,-0.5286,-0.5286,0,0,1,0,0,1,NO_TREND,3793.41,3258.81,688029.62,6113.36,6093.08,3567.91,29601.95,416523.34,34543.19,5582.15,66.748,15.3,99.176,7718.6001,91.48,79196.5625,1826.0,3.757,4.784,5.246,2026-09-01,260485,32361,228124,61450,326168,-264718
2026-09-07T20:46:31.620985+00:00,17859.0,18233.0,178597.0,181503.0,4405.45,4404.79,4406.105,True,1.2667,1.267101,1.2662,True,179.41,179406.25,-809.25,-0.45,-2906.0,-1.63,True,181.32,178.59,1.51,4428.86,4429.45,4392.68,36.77,182186.0,182186.0,180484.0,1702.0,182.0,182.0,180.3,1.7,4433.58,4408.53,4383.48,1.1364,4408.53,4420.73,4417.73,4406.76,4409.39,4411.44,4417.38,4421.71,-4.68,-0.5286,-0.9444,-0.5286,-0.5286,0,0,1,0,0,1,NO_TREND,3793.41,3258.81,688029.62,6113.36,6093.08,3567.91,29601.95,416523.34,34543.19,5582.15,66.748,15.3,99.176,7718.6001,91.48,79150.7891,1826.0,3.757,4.784,5.246,2026-09-01,260485,32361,228124,61450,326168,-264718
2026-09-07T21:48:41.077423+00:00,17859.0,18233.0,178597.0,181503.0,4405.45,4404.79,4406.105,True,1.2667,1.267101,1.2662,True,179.41,179406.25,-809.25,-0.45,-2906.0,-1.63,True,181.32,178.59,1.51,4429.45,4429.45,4392.68,36.77,182186.0,182186.0,180484.0,1702.0,182.0,182.0,180.3,1.7,4430.51,4407.35,4384.19,1.051,4407.35,4420.26,4417.61,4406.56,4409.01,4411.0,4416.91,4421.39,-4.44,-0.5418,-0.964,-0.5286,-0.5286,0,0,1,0,0,1,NO_TREND,3793.41,3258.81,688029.62,6113.36,6093.08,3567.91,29601.95,416523.34,34543.19,5582.15,66.748,15.3,99.176,7718.6001,91.48,79188.9219,1826.0,3.757,4.784,5.246,2026-09-01,260485,32361,228124,61450,326168,-264718
2026-09-07T22:45:28.864519+00:00,17859.0,18233.0,178597.0,181503.0,4407.97,4407.63,4408.31,True,1.2667,1.267101,1.2662,True,179.51,179508.98,-911.98,-0.51,-2906.0,-1.63,False,181.32,178.59,1.51,4429.45,4429.45,4392.68,36.77,182186.0,182186.0,180484.0,1702.0,182.0,182.0,180.3,1.7,4426.86,4406.16,4385.46,0.9396,4406.16,4419.79,4417.47,4406.39,4408.67,4410.59,4416.46,4421.07,-4.2,-0.5418,-0.9076,-0.5286,-0.5286,0,0,1,0,0,1,NO_TREND,3795.58,3260.67,688423.58,6116.87,6096.57,3569.96,29618.9,416761.83,34562.97,5585.34,66.895,15.3,99.176,7718.6001,92.63,78815.0234,1836.9,3.757,4.784,5.246,2026-09-01,260485,32361,228124,61450,326168,-264718
2026-09-07T23:32:57.072874+00:00,17859.0,18233.0,178597.0,181503.0,4411.89,4411.54,4412.24,True,1.2667,1.267101,1.2662,True,179.67,179668.61,-1071.61,-0.6,-2906.0,-1.63,False,181.32,178.59,1.51,4428.56,4428.56,4392.68,35.88,182186.0,182186.0,180484.0,1702.0,182.0,182.0,180.3,1.7,4422.99,4405.13,4387.27,0.8109,4405.13,4419.37,4417.34,4406.63,4408.61,4410.39,4416.13,4420.81,-3.76,-0.4649,-0.8266,-0.4849,-0.4717,0,0,1,0,0,1,NO_TREND,3798.95,3263.57,689035.79,6122.3,6101.99,3573.13,29645.24,417132.46,34593.7,5590.31,66.93,15.3,99.176,7718.6001,92.59,78993.7812,1837.2,3.757,4.784,5.246,2026-09-01,260485,32361,228124,61450,326168,-264718
2026-09-07T23:44:35.169203+00:00,17859.0,18233.0,178597.0,181503.0,4424.99,4424.81,4425.165,True,1.2667,1.267101,1.2662,True,180.2,180201.99,-1604.99,-0.89,-2906.0,-1.63,False,181.32,178.59,1.51,4421.68,4426.91,4392.68,34.23,182186.0,182186.0,180484.0,1702.0,182.0,182.0,180.3,1.7,4421.07,4404.64,4388.21,0.746,4404.64,4419.03,4417.22,4407.44,4408.92,4410.5,4415.96,4420.63,-3.06,-0.2214,-0.8678,-0.3764,-0.3832,0,0,1,0,1,2,EMERGING,3810.23,3273.26,691081.32,6140.48,6120.1,3583.74,29733.25,418370.79,34696.4,5606.91,67.01,15.3,99.176,7718.6001,92.59,79089.2266,1840.8,3.757,4.784,5.246,2026-09-01,260485,32361,228124,61450,326168,-264718
2026-09-07T23:49:03.384778+00:00,17859.0,18233.0,178597.0,181503.0,4425.34,4425.09,4425.585,True,1.2667,1.267101,1.2662,True,180.22,180216.24,-1619.24,-0.9,-2906.0,-1.63,False,181.32,178.59,1.51,4421.68,4426.91,4392.68,34.23,182186.0,182186.0,180484.0,1702.0,182.0,182.0,180.3,1.7,4420.44,4404.54,4388.64,0.722,4404.54,4418.96,4417.14,4410.14,4410.45,4411.58,4416.32,4420.72,-1.44,0.0749,-0.5734,0.0749,-0.0874,1,0,1,1,1,4,DOMINANT,3810.53,3273.52,691135.98,6140.97,6120.59,3584.02,29735.6,418403.88,34699.15,5607.35,67.06,15.3,99.176,7718.6001,92.59,79170.0,1841.4,3.757,4.784,5.246,2026-09-01,260485,32361,228124,61450,326168,-264718
2026-09-08T01:06:34.817991+00:00,17853.0,18226.0,178537.0,181441.0,4419.44,4418.88,4419.995,True,1.266,1.265814,1.2662,True,179.88,179884.54,-1347.54,-0.75,-2904.0,-1.63,False,181.26,178.53,1.51,4392.68,4425.34,4392.68,32.66,181575.0,181575.0,180484.0,1091.0,181.39,181.39,180.3,1.09,4423.57,4406.17,4388.77,0.7898,4406.17,4418.88,4417.01,4412.48,4411.87,4412.6,4416.67,4420.81,-0.12,0.7435,-0.4978,-0.0355,-0.0795,1,0,1,0,1,3,DOMINANT,3802.32,3264.33,682426.31,6122.35,6103.97,3576.4,29735.86,417831.67,34649.57,5594.19,67.135,15.3,99.176,7718.6001,92.33,79250.6719,1847.2,3.757,4.784,5.246,2026-09-01,260485,32361,228124,61450,326168,-264718
2026-09-08T01:29:50.943304+00:00,17897.0,18271.0,178984.0,181889.0,4432.94,4432.87,4433.015,True,1.266,1.265814,1.2662,True,180.43,180434.24,-1450.24,-0.8,-2905.0,-1.62,False,181.71,178.98,1.5,4402.35,4425.34,4394.65,30.69,181228.0,181503.0,180484.0,1019.0,181.05,181.32,180.3,1.02,4425.3,4407.03,4388.76,0.8291,4407.03,4418.7,4416.86,4413.55,4412.59,4413.1,4416.78,4420.79,0.45,0.3882,-0.5412,0.6092,-0.2127,0,0,1,1,1,3,DOMINANT,3813.94,3274.31,684511.68,6141.06,6122.63,3587.33,29826.73,419108.49,34755.46,5611.28,67.44,15.3,99.176,7718.6001,92.53,79378.6484,1848.0,3.757,4.784,5.246,2026-09-01,260485,32361,228124,61450,326168,-264718
2026-09-08T04:45:30.609434+00:00,17883.0,18257.0,178845.0,181748.0,4436.49,4436.37,4436.62,True,1.266,1.265814,1.2662,True,180.58,180578.83,-1733.83,-0.96,-2903.0,-1.62,False,181.57,178.84,1.5,4395.82,4432.94,4394.65,38.29,181228.0,181889.0,180484.0,1405.0,181.05,181.71,180.3,1.41,4429.72,4408.88,4388.04,0.9454,4408.88,4418.78,4416.79,4416.53,4414.53,4414.57,4417.41,4421.03,1.96,0.8444,-0.0117,0.6949,0.0921,1,0,1,1,1,4,DOMINANT,3817.0,3276.93,685060.24,6145.98,6127.53,3590.21,29850.63,419444.36,34783.31,5615.78,67.605,15.3,98.842,7718.6001,93.02,78774.0078,1844.7,3.757,4.784,5.246,2026-09-01,260485,32361,228124,61450,326168,-264718
2026-09-08T05:10:42.668971+00:00,17883.0,18257.0,178845.0,181748.0,4433.62,4436.49,4430.76,True,1.266,1.265814,1.2662,True,180.46,180462.02,-1617.02,-0.9,-2903.0,-1.62,False,181.57,178.84,1.5,4401.1,4436.49,4394.65,41.84,180831.0,181889.0,180484.0,1405.0,180.65,181.71,180.3,1.41,4434.5,4410.65,4386.8,1.0815,4410.65,4418.93,4416.74,4419.6,4416.62,4416.2,4418.16,4421.33,3.4,0.8041,0.0683,0.9252,0.1723,1,0,1,1,1,4,DOMINANT,3814.53,3274.81,684617.06,6142.0,6123.57,3587.88,29831.32,419173.01,34760.81,5612.14,67.675,15.3,98.829,7718.6001,93.08,78711.3672,1845.8,3.757,4.784,5.246,2026-09-01,260485,32361,228124,61450,326168,-264718
2026-09-08T05:53:39.411265+00:00,17854.0,18227.0,178548.0,181451.0,4422.17,4422.14,4422.195,True,1.266,1.265814,1.2662,True,180.0,179995.66,-1447.66,-0.8,-2903.0,-1.63,False,181.27,178.55,1.5,4394.65,4436.49,4394.65,41.84,180749.0,181889.0,180484.0,1405.0,180.57,181.71,180.3,1.41,4437.3,4412.6,4387.9,1.1195,4412.6,4419.03,4416.67,4421.76,4418.24,4417.49,4418.77,4421.58,4.27,0.8868,0.0036,0.7389,0.1075,1,0,1,1,1,4,DOMINANT,3804.67,3266.35,682847.86,6126.13,6107.74,3578.61,29754.23,418089.78,34670.98,5597.64,67.385,15.3,98.806,7718.6001,93.35,78596.6172,1838.0,3.757,4.784,5.246,2026-09-01,260485,32361,228124,61450,326168,-264718
2026-09-08T06:34:07.934932+00:00,17776.0,18150.0,177776.0,180678.0,4401.81,4401.69,4401.92,True,1.266,1.265814,1.2662,True,179.17,179166.84,-1390.84,-0.78,-2902.0,-1.63,False,180.5,177.77,1.51,4394.65,4436.49,4394.65,41.84,180749.0,181889.0,180484.0,1405.0,180.57,181.71,180.3,1.41,4438.2,4413.52,4388.84,1.1184,4413.52,4418.89,4416.54,4421.82,4418.61,4417.83,4418.9,4421.59,3.99,0.6262,-0.2547,0.6262,-0.1511,1,0,1,1,1,4,DOMINANT,3787.15,3251.31,679703.59,6097.92,6079.62,3562.13,29617.22,416164.62,34511.33,5571.87,66.735,15.3,98.84,7718.6001,93.86,78374.9531,1830.3,3.757,4.784,5.246,2026-09-01,260485,32361,228124,61450,326168,-264718
2026-09-08T09:46:32.882782+00:00,17795.0,18169.0,177959.0,180863.0,4401.63,4401.15,4402.105,True,1.266,1.265814,1.2662,True,179.16,179159.62,-1200.62,-0.67,-2904.0,-1.63,False,180.68,177.96,1.51,4403.78,4436.49,4395.03,41.46,180985.0,181889.0,180484.0,1405.0,180.8,181.71,180.3,1.41,4437.97,4413.7,4389.43,1.0998,4413.7,4418.35,4416.3,4418.74,4417.01,4416.65,4418.23,4421.2,2.09,-0.0447,0.6987,-0.0447,-0.6108,0,0,1,0,1,2,EMERGING,3787.0,3251.18,679676.18,6097.68,6079.37,3561.99,29616.02,416147.84,34509.94,5571.64,66.58,15.7,98.964,7718.6001,94.03,78720.4219,1836.9,3.757,4.784,5.246,2026-09-01,260485,32361,228124,61450,326168,-264718
2026-09-08T10:03:49.375554+00:00,17795.0,18169.0,177959.0,180863.0,4400.23,4399.69,4400.765,True,1.266,1.265814,1.2662,True,179.1,179102.64,-1143.64,-0.64,-2904.0,-1.63,False,180.68,177.96,1.51,4403.78,4436.49,4395.03,41.46,180985.0,181889.0,180484.0,1405.0,180.8,181.71,180.3,1.41,4437.39,4414.03,4390.67,1.0584,4414.03,4417.81,4416.07,4416.11,4415.55,4415.53,4417.58,4420.81,0.58,-0.0488,0.6945,0.0764,-0.6148,0,0,1,1,1,3,DOMINANT,3785.8,3250.14,679460.0,6095.74,6077.44,3560.86,29606.61,416015.48,34498.96,5569.87,66.74,15.58,98.941,7718.6001,93.72,78716.0,1838.4,3.757,4.784,5.246,2026-09-01,260485,32361,228124,61450,326168,-264718
2026-09-08T11:06:44.373245+00:00,17795.0,18169.0,177959.0,180863.0,4395.53,4395.34,4395.72,True,1.266,1.265814,1.2662,True,178.91,178911.43,-952.43,-0.53,-2904.0,-1.63,False,180.68,177.96,1.51,4397.62,4436.49,4397.62,38.87,180484.0,181889.0,180484.0,1405.0,180.3,181.71,180.3,1.41,4437.16,4414.16,4391.16,1.0421,4414.16,4417.23,4415.83,4413.67,4414.09,4414.4,4416.9,4420.4,-0.73,0.0594,0.6625,0.1183,-0.6464,0,0,0,1,1,2,EMERGING,3781.76,3246.67,678734.64,6089.23,6070.95,3557.06,29575.0,415571.36,34462.13,5563.92,66.67,15.73,98.975,7718.6001,93.91,78412.0,1836.6,3.757,4.784,5.246,2026-09-01,260485,32361,228124,61450,326168,-264718
2026-09-08T11:46:40.998265+00:00,17795.0,18169.0,177959.0,180863.0,4403.86,4403.86,4403.865,True,1.266,1.265814,1.2662,True,179.25,179250.59,-1291.59,-0.72,-2904.0,-1.63,False,180.68,177.96,1.51,4397.62,4436.49,4395.53,40.96,180484.0,181889.0,180484.0,1405.0,180.3,181.71,180.3,1.41,4437.78,4413.32,4388.86,1.1085,4413.32,4416.57,4415.56,4410.88,4412.32,4413.0,4416.06,4419.91,-2.12,-0.0475,0.555,-0.0475,-0.7526,0,0,0,0,1,1,NO_TREND,3788.92,3252.83,680021.3,6100.77,6082.46,3563.8,29631.06,416359.15,34527.46,5574.47,66.82,15.75,98.949,7718.6001,93.94,78382.3672,1839.8,3.757,4.784,5.246,2026-09-01,260485,32361,228124,61450,326168,-264718
2026-09-08T14:36:37.605497+00:00,17801.0,18175.0,178021.0,180924.0,4397.38,4395.79,4398.96,True,1.2658,1.265814,1.2658,True,178.96,178958.25,-937.25,-0.52,-2903.0,-1.63,False,180.74,178.02,1.5,4412.25,4436.49,4395.53,40.96,181503.0,181889.0,180678.0,1211.0,181.32,181.71,180.5,1.21,4437.66,4412.83,4388.0,1.1254,4412.83,4416.07,4415.34,4409.8,4411.52,4412.33,4415.58,4419.59,-2.53,-0.1902,1.1324,-0.1902,-0.5645,0,0,0,0,1,1,NO_TREND,3783.34,3248.04,679019.53,6091.78,6073.5,3558.55,29587.41,415745.79,34476.6,5566.26,66.76,15.56,98.829,7684.2998,93.36,78326.9609,1852.5,3.763,4.796,5.249,2026-09-01,260485,32361,228124,61450,326168,-264718
2026-09-08T14:45:43.158858+00:00,17801.0,18175.0,178021.0,180924.0,4395.41,4393.07,4397.745,True,1.2658,1.265814,1.2658,True,178.88,178878.18,-857.18,-0.48,-2903.0,-1.63,False,180.74,178.02,1.5,4412.25,4436.49,4395.53,40.96,181503.0,181889.0,180678.0,1211.0,181.32,181.71,180.5,1.21,4437.85,4412.08,4386.31,1.1682,4412.08,4415.44,4415.08,4407.89,4410.17,4411.22,4414.87,4419.15,-3.33,-0.337,0.9836,-0.3693,-0.7108,0,0,0,0,1,1,NO_TREND,3781.65,3246.58,678715.72,6089.06,6070.78,3556.96,29574.17,415559.78,34461.17,5563.77,66.64,15.53,98.8,7683.75,93.01,78368.4531,1849.5,3.763,4.792,5.246,2026-09-01,260485,32361,228124,61450,326168,-264718
2026-09-08T15:02:56.376280+00:00,17756.0,18130.0,177573.0,180474.0,4400.81,4398.21,4403.405,True,1.2658,1.265814,1.2658,True,179.1,179097.95,-1524.95,-0.85,-2901.0,-1.63,False,180.29,177.57,1.51,4412.25,4436.49,4395.41,41.08,181503.0,181889.0,180678.0,1211.0,181.32,181.71,180.5,1.21,4438.28,4411.63,4384.98,1.2082,4411.63,4414.77,4414.83,4405.97,4408.76,4410.05,4414.11,4418.68,-4.08,-0.3817,0.9383,-0.3832,-0.7553,0,0,0,0,1,1,NO_TREND,3786.3,3250.57,679549.56,6096.54,6078.24,3561.33,29610.51,416070.31,34503.51,5570.6,66.58,15.45,98.819,7690.0898,92.74,78565.1875,1848.1,3.763,4.788,5.243,2026-09-01,260485,32361,228124,61450,326168,-264718
2026-09-08T15:23:40.903631+00:00,17756.0,18130.0,177573.0,180474.0,4400.06,4403.28,4396.835,True,1.2658,1.265814,1.2658,True,179.07,179067.42,-1494.42,-0.83,-2901.0,-1.63,False,180.29,177.57,1.51,4412.25,4436.49,4395.41,41.08,181503.0,181889.0,180474.0,1415.0,181.32,181.71,180.29,1.42,4438.34,4411.39,4384.44,1.2218,4411.39,4414.21,4414.61,4405.17,4408.01,4409.36,4413.59,4418.33,-4.19,-0.2593,1.0623,-0.086,-0.6333,0,0,0,0,1,1,NO_TREND,3785.65,3250.02,679433.75,6095.5,6077.21,3560.72,29605.46,415999.41,34497.63,5569.65,67.06,15.4,98.808,7692.1001,92.77,78488.0078,1856.1,3.763,4.784,5.242,2026-09-01,260485,32361,228124,61450,326168,-264718
2026-09-08T18:30:44.416654+00:00,17756.0,18130.0,177573.0,180474.0,4384.51,4384.63,4384.385,True,1.2658,1.265814,1.2658,True,178.43,178434.59,-861.59,-0.48,-2901.0,-1.63,False,180.29,177.57,1.51,4405.45,4436.49,4395.41,41.08,181503.0,181889.0,180474.0,1415.0,181.32,181.71,180.29,1.42,4438.43,4411.12,4383.81,1.2382,4411.12,4413.63,4414.4,4404.39,4407.25,4408.67,4413.05,4417.97,-4.28,-0.1223,1.6518,-0.1223,-0.6503,0,0,0,0,1,1,NO_TREND,3772.27,3238.53,677032.6,6073.96,6055.73,3548.14,29500.83,414529.25,34375.71,5549.97,66.99,15.28,98.875,7691.9902,92.73,78728.0469,1853.7,3.775,4.796,5.255,2026-09-01,260485,32361,228124,61450,326168,-264718
2026-09-08T18:44:49.838749+00:00,17756.0,18130.0,177573.0,180474.0,4383.97,4383.51,4384.435,True,1.2658,1.265814,1.2658,True,178.41,178412.82,-839.82,-0.47,-2901.0,-1.63,False,180.29,177.57,1.51,4405.45,4436.49,4384.51,51.98,181503.0,181889.0,180474.0,1415.0,181.32,181.71,180.29,1.42,4439.8,4410.08,4380.36,1.3478,4410.08,4412.74,4414.1,4401.33,4405.08,4406.88,4411.94,4417.3,-5.55,-0.4753,1.2926,-0.4753,-1.0014,0,0,0,0,1,1,NO_TREND,3771.81,3238.14,676949.99,6073.22,6054.99,3547.7,29497.23,414478.66,34371.52,5549.29,66.875,15.3,98.833,7689.79,92.8,78591.5938,1847.4,3.775,4.802,5.26,2026-09-01,260485,32361,228124,61450,326168,-264718
2026-09-08T18:57:21.068334+00:00,17756.0,18130.0,177573.0,180474.0,4373.3,4371.19,4375.415,True,1.2658,1.265814,1.2658,True,177.98,177978.58,-405.58,-0.23,-2901.0,-1.63,False,180.29,177.57,1.51,4405.45,4436.49,4383.97,52.52,181503.0,181889.0,180474.0,1415.0,181.32,181.71,180.29,1.42,4440.9,4409.0,4377.1,1.447,4409.0,4411.85,4413.76,4398.66,4403.07,4405.19,4410.84,4416.64,-6.53,-0.4876,1.2801,-0.4876,-1.0136,0,0,0,0,1,1,NO_TREND,3762.63,3230.26,675302.38,6058.44,6040.25,3539.07,29425.44,413469.88,34287.86,5535.79,66.92,15.4,98.813,7685.1401,92.86,78381.7969,1848.1,3.775,4.8,5.258,2026-09-01,260485,32361,228124,61450,326168,-264718
2026-09-08T19:00:16.022666+00:00,17756.0,18130.0,177573.0,180474.0,4373.96,4373.95,4373.965,True,1.2658,1.265814,1.2658,True,178.01,178005.24,-432.24,-0.24,-2901.0,-1.63,False,180.29,177.57,1.51,4405.45,4436.49,4373.3,63.19,181503.0,181889.0,180474.0,1415.0,181.32,181.71,180.29,1.42,4442.95,4407.27,4371.59,1.6191,4407.27,4410.74,4413.38,4394.76,4400.24,4402.82,4409.37,4415.78,-8.06,-0.7298,1.0336,-0.7298,-1.2545,0,0,0,0,1,1,NO_TREND,3763.2,3230.74,675403.52,6059.34,6041.16,3539.6,29429.85,413531.81,34293.0,5536.62,66.445,15.34,98.881,7684.1699,93.39,78455.3906,1838.3,3.775,4.8,5.259,2026-09-01,260485,32361,228124,61450,326168,-264718
2026-09-08T21:45:59.867081+00:00,17756.0,18130.0,177573.0,180474.0,4355.36,4355.15,4355.575,True,1.2658,1.265814,1.2658,True,177.25,177248.49,324.51,0.18,-2901.0,-1.63,False,180.29,177.57,1.51,4405.45,4436.49,4373.3,63.19,181503.0,181889.0,180474.0,1415.0,181.32,181.71,180.29,1.42,4443.93,4405.37,4366.81,1.7506,4405.37,4409.64,4413.01,4391.56,4397.73,4400.69,4407.98,4414.96,-9.13,-0.7148,1.072,-0.7716,-1.2396,0,0,0,0,1,1,NO_TREND,3747.2,3217.01,672532.18,6033.58,6015.47,3524.55,29304.73,411773.76,34147.21,5513.08,66.375,15.72,98.852,7673.52,94.25,78509.3438,1822.9,3.775,4.806,5.264,2026-09-01,260485,32361,228124,61450,326168,-264718
2026-09-08T21:54:13.394562+00:00,17756.0,18130.0,177573.0,180474.0,4355.36,4355.15,4355.575,True,1.2658,1.265814,1.2658,True,177.25,177248.49,324.51,0.18,-2901.0,-1.63,False,180.29,177.57,1.51,4407.97,4436.49,4355.36,81.13,181503.0,181889.0,180474.0,1415.0,181.32,181.71,180.29,1.42,4445.27,4401.89,4358.51,1.971,4401.89,4408.17,4412.56,4385.99,4393.7,4397.33,4405.91,4413.78,-11.34,-1.1935,0.6422,-1.2813,-1.6596,0,0,0,0,1,1,NO_TREND,3747.2,3217.01,672532.18,6033.58,6015.47,3524.55,29304.73,411773.76,34147.21,5513.08,66.375,15.72,98.849,7673.52,94.25,78406.2891,1822.9,3.775,4.806,5.264,2026-09-01,260485,32361,228124,61450,326168,-264718
2026-09-08T22:00:38.049389+00:00,17756.0,18130.0,177573.0,180474.0,4356.19,4356.8,4355.575,True,1.2658,1.265814,1.2658,True,177.28,177282.06,290.94,0.16,-2901.0,-1.63,False,180.29,177.57,1.51,4407.97,4436.49,4355.36,81.13,181503.0,181889.0,180474.0,1415.0,181.32,181.71,180.29,1.42,4444.97,4398.39,4351.81,2.118,4398.39,4406.7,4412.12,4381.28,4390.05,4394.22,4403.93,4412.62,-12.94,-1.1935,0.6422,-1.5736,-1.6596,0,0,0,0,1,1,NO_TREND,3747.91,3217.62,672659.57,6034.73,6016.61,3525.22,29310.29,411851.76,34153.68,5514.12,66.375,15.72,98.839,7673.52,94.25,78520.4219,1822.9,3.775,4.806,5.264,2026-09-01,260485,32361,228124,61450,326168,-264718
2026-09-08T22:02:51.551016+00:00,17756.0,18130.0,177573.0,180474.0,4355.98,4356.39,4355.575,True,1.2658,1.265814,1.2658,True,177.27,177273.72,299.28,0.17,-2901.0,-1.63,False,180.29,177.57,1.51,4407.97,4436.49,4355.36,81.13,181503.0,181889.0,180474.0,1415.0,181.32,181.71,180.29,1.42,4444.32,4395.23,4346.14,2.2338,4395.23,4405.24,4411.68,4377.42,4386.82,4391.4,4402.06,4411.5,-13.98,-1.1747,0.6613,-1.5626,-1.6408,0,0,0,0,1,1,NO_TREND,3747.73,3217.46,672627.92,6034.44,6016.33,3525.05,29308.91,411832.38,34152.07,5513.86,66.375,15.72,98.839,7673.52,94.25,78586.7578,1822.9,3.775,4.806,5.264,2026-09-01,260485,32361,228124,61450,326168,-264718
2026-09-09T00:01:24.675953+00:00,17566.0,17939.0,175675.0,178572.0,4347.04,4346.69,4347.395,True,1.2658,1.265814,1.2658,True,176.91,176909.89,-1234.89,-0.7,-2897.0,-1.65,False,178.39,175.67,1.52,4419.44,4436.49,4355.36,81.13,181441.0,181889.0,180474.0,1415.0,181.26,181.71,180.29,1.42,4440.08,4391.38,4342.68,2.218,4391.38,4403.79,4411.24,4374.12,4383.89,4388.78,4400.25,4410.4,-14.66,-1.4359,0.6786,-1.4359,-1.6456,0,0,0,0,1,1,NO_TREND,3740.04,3210.86,671247.45,6022.06,6003.98,3517.82,29248.75,410987.15,34081.98,5502.55,66.225,15.72,98.784,7673.52,94.61,78475.7578,1826.0,3.775,4.806,5.264,2026-09-01,260485,32361,228124,61450,326168,-264718
2026-09-09T00:19:33.631635+00:00,17566.0,17939.0,175675.0,178572.0,4347.25,4347.02,4347.47,True,1.2658,1.265814,1.2658,True,176.92,176918.13,-1243.13,-0.7,-2897.0,-1.65,False,178.39,175.67,1.52,4419.44,4436.49,4347.04,89.45,181441.0,181889.0,178572.0,3317.0,181.26,181.71,178.39,3.32,4434.59,4386.91,4339.23,2.1737,4386.91,4402.15,4410.81,4369.95,4380.38,4385.69,4398.17,4409.15,-15.74,-1.6382,0.472,-1.9378,-1.8474,0,0,0,0,0,0,NO_TREND,3740.21,3211.01,671278.72,6022.34,6004.26,3517.98,29250.12,411006.3,34083.57,5502.8,66.43,15.72,98.76,7673.52,94.43,78689.0078,1828.3,3.775,4.806,5.264,2026-09-01,260485,32361,228124,61450,326168,-264718
2026-09-09T00:33:35.039860+00:00,17566.0,17939.0,175675.0,178572.0,4346.26,4346.11,4346.405,True,1.2658,1.265814,1.2658,True,176.88,176877.95,-1202.95,-0.68,-2897.0,-1.65,False,178.39,175.67,1.52,4419.44,4436.49,4347.04,89.45,181441.0,181889.0,178572.0,3317.0,181.26,181.71,178.39,3.32,4428.05,4382.59,4337.13,2.0746,4382.59,4400.52,4410.39,4366.46,4377.22,4382.84,4396.17,4407.92,-16.38,-1.6335,0.4768,-2.0115,-1.8427,0,0,0,0,0,0,NO_TREND,3739.36,3210.28,671126.23,6020.97,6002.9,3517.18,29243.47,410912.93,34075.82,5501.55,66.34,15.72,98.754,7673.52,94.62,78588.0469,1826.0,3.775,4.806,5.264,2026-09-01,260485,32361,228124,61450,326168,-264718
2026-09-09T00:43:46.181413+00:00,17546.0,17919.0,175472.0,178369.0,4349.13,4348.59,4349.67,True,1.2654,1.264905,1.2658,True,176.93,176931.29,-1459.29,-0.82,-2897.0,-1.65,False,178.19,175.47,1.53,4419.44,4436.49,4346.26,90.23,181441.0,181889.0,178572.0,3317.0,181.26,181.71,178.39,3.32,4423.01,4378.8,4334.59,2.0193,4378.8,4398.87,4410.04,4363.35,4374.27,4380.13,4394.21,4406.7,-16.78,-1.6559,0.9218,-1.9704,-1.865,0,0,0,0,0,0,NO_TREND,3741.47,3211.62,668972.33,6025.38,5995.13,3521.1,29262.03,412485.27,34102.8,5501.24,66.36,15.72,98.766,7673.52,94.57,78648.5391,1827.7,3.775,4.806,5.264,2026-09-01,260485,32361,228124,61450,326168,-264718
2026-09-09T04:27:01.450605+00:00,17688.0,18062.0,176893.0,179793.0,4377.23,4377.33,4377.13,True,1.2654,1.264905,1.2658,True,178.07,178074.46,-1181.46,-0.66,-2900.0,-1.64,False,179.61,176.89,1.51,4436.49,4436.49,4346.26,90.23,181748.0,181748.0,178369.0,3379.0,181.57,181.57,178.19,3.38,4420.87,4376.16,4331.45,2.0433,4376.16,4397.26,4409.68,4361.16,4371.88,4377.83,4392.44,4405.56,-16.67,-1.9691,1.0173,-1.6517,-1.8002,0,0,0,0,1,1,NO_TREND,3765.64,3232.37,673294.6,6064.31,6033.86,3543.85,29451.1,415150.36,34323.14,5536.78,66.755,15.72,98.756,7673.52,94.16,78884.5312,1835.4,3.775,4.806,5.264,2026-09-01,260485,32361,228124,61450,326168,-264718
2026-09-09T04:51:38.762536+00:00,17688.0,18062.0,176893.0,179793.0,4377.81,4377.76,4377.85,True,1.2654,1.264905,1.2658,True,178.1,178097.85,-1204.85,-0.68,-2900.0,-1.64,False,179.61,176.89,1.51,4433.62,4433.62,4346.26,87.36,181748.0,181748.0,178369.0,3379.0,181.57,181.57,178.19,3.38,4418.02,4374.94,4331.86,1.9694,4374.94,4396.23,4409.71,4363.64,4372.39,4377.79,4391.85,4405.0,-14.15,-1.2719,1.67,-0.5584,-1.1658,0,0,0,0,1,1,NO_TREND,3766.13,3232.8,673383.05,6065.1,6034.66,3544.31,29454.97,415204.9,34327.65,5537.51,66.84,15.72,98.758,7673.52,94.06,79163.2891,1835.8,3.775,4.806,5.264,2026-09-01,260485,32361,228124,61450,326168,-264718
2026-09-09T05:13:21.119272+00:00,17688.0,18062.0,176893.0,179793.0,4385.11,4383.19,4387.04,True,1.2654,1.264905,1.2658,True,178.4,178395.24,-1502.24,-0.84,-2900.0,-1.64,False,179.61,176.89,1.51,4422.17,4422.17,4346.26,75.91,181451.0,181451.0,178369.0,3082.0,181.27,181.27,178.19,3.08,4415.27,4373.82,4332.37,1.8954,4373.82,4395.36,4409.82,4365.82,4372.9,4377.79,4391.3,4404.46,-11.97,-1.0031,1.2761,-0.5412,-1.1527,0,0,0,0,1,1,NO_TREND,3772.42,3238.2,674507.45,6075.23,6044.73,3550.23,29504.15,415898.2,34384.97,5546.75,66.92,15.72,98.755,7673.52,94.03,79169.9219,1839.1,3.775,4.806,5.264,2026-09-01,260485,32361,228124,61450,326168,-264718
2026-09-09T05:23:54.950699+00:00,17708.0,18082.0,177096.0,179996.0,4383.64,4383.61,4383.66,True,1.2654,1.264905,1.2658,True,178.34,178335.03,-1239.03,-0.69,-2900.0,-1.64,False,179.82,177.09,1.52,4422.17,4422.17,4346.26,75.91,181451.0,181451.0,178369.0,3082.0,181.27,181.27,178.19,3.08,4413.85,4373.3,4332.75,1.8544,4373.3,4394.52,4410.06,4368.78,4374.07,4378.33,4391.05,4404.08,-9.55,-0.8381,1.4449,-0.3436,-0.9878,0,0,1,0,1,2,EMERGING,3771.15,3237.1,674279.8,6073.18,6042.69,3549.03,29494.19,415757.84,34373.36,5544.88,67.185,15.72,98.737,7673.52,93.95,79174.6719,1844.1,3.775,4.806,5.264,2026-09-01,260485,32361,228124,61450,326168,-264718
2026-09-09T09:34:35.606747+00:00,17769.0,18143.0,177706.0,180606.0,4397.78,4397.6,4397.96,True,1.2654,1.264905,1.2658,True,178.91,178910.47,-1204.47,-0.67,-2900.0,-1.63,False,180.43,177.7,1.51,4401.63,4403.86,4346.26,57.6,180863.0,180924.0,178369.0,2555.0,180.68,180.74,178.19,2.55,4410.58,4372.29,4334.0,1.7515,4372.29,4394.34,4410.23,4371.07,4374.98,4378.73,4390.76,4403.67,-7.66,-0.4087,1.7473,-0.2705,-1.021,0,0,1,0,1,2,EMERGING,3783.32,3247.55,676455.55,6092.78,6062.19,3560.49,29589.36,417099.39,34484.28,5562.77,67.2,15.85,98.767,7673.52,95.04,79392.4922,1856.3,3.775,4.806,5.264,2026-09-01,260485,32361,228124,61450,326168,-264718
2026-09-09T09:50:52.454827+00:00,17749.0,18123.0,177502.0,180403.0,4394.23,4394.74,4393.71,True,1.2654,1.264905,1.2658,True,178.77,178765.85,-1263.85,-0.71,-2901.0,-1.63,False,180.22,177.5,1.51,4400.23,4403.86,4346.26,57.6,180863.0,180924.0,178369.0,2555.0,180.68,180.74,178.19,2.55,4410.65,4372.31,4333.97,1.7538,4372.31,4394.25,4410.45,4375.18,4377.15,4380.14,4391.04,4403.56,-4.96,-0.0557,2.0755,-0.1381,-0.7018,0,0,1,0,1,2,EMERGING,3780.26,3244.92,675908.73,6087.85,6057.29,3557.61,29565.44,416762.22,34456.4,5558.28,67.17,15.94,98.766,7673.52,95.11,79011.3906,1860.1,3.775,4.806,5.264,2026-09-01,260485,32361,228124,61450,326168,-264718
2026-09-09T10:04:54.336257+00:00,17749.0,18123.0,177502.0,180403.0,4390.96,4390.52,4391.405,True,1.2654,1.264905,1.2658,True,178.63,178633.12,-1131.12,-0.63,-2901.0,-1.63,False,180.22,177.5,1.51,4395.53,4403.86,4346.26,57.6,180863.0,180924.0,178369.0,2555.0,180.68,180.74,178.19,2.55,4410.45,4372.25,4334.05,1.7474,4372.25,4394.22,4410.69,4378.11,4378.78,4381.18,4391.16,4403.37,-3.07,-0.0296,1.744,-0.0716,-0.7819,0,0,1,0,1,2,EMERGING,3777.45,3242.52,675406.9,6083.33,6052.79,3554.97,29543.49,416452.8,34430.82,5554.15,66.945,16.03,98.836,7673.52,95.25,79025.5938,1854.7,3.775,4.806,5.264,2026-09-01,260485,32361,228124,61450,326168,-264718
2026-09-09T10:09:05.322703+00:00,17749.0,18123.0,177502.0,180403.0,4392.73,4392.7,4392.755,True,1.2654,1.264905,1.2658,True,178.7,178704.93,-1202.93,-0.67,-2901.0,-1.63,False,180.22,177.5,1.51,4395.53,4403.86,4346.26,57.6,180863.0,180924.0,178369.0,2555.0,180.68,180.74,178.19,2.55,4408.64,4371.76,4334.88,1.6872,4371.76,4394.01,4410.92,4380.09,4379.94,4381.91,4391.16,4403.13,-1.82,-0.104,1.6682,-0.1012,-0.8558,0,0,1,0,1,2,EMERGING,3778.97,3243.82,675678.39,6085.78,6055.23,3556.4,29555.37,416620.2,34444.66,5556.38,66.835,16.1,98.85,7673.52,95.55,78956.8672,1852.0,3.775,4.806,5.264,2026-09-01,260485,32361,228124,61450,326168,-264718
2026-09-09T14:23:30.060014+00:00,17830.0,18204.0,178315.0,181217.0,4413.88,4414.1,4413.655,True,1.2654,1.264905,1.2658,True,179.57,179565.35,-1250.35,-0.7,-2902.0,-1.63,False,181.04,178.31,1.51,4397.38,4400.81,4346.26,54.55,180924.0,180924.0,178369.0,2555.0,180.74,180.74,178.19,2.55,4407.21,4371.39,4335.57,1.6388,4371.39,4393.97,4411.17,4382.03,4381.16,4382.71,4391.22,4402.92,-0.68,-0.1057,0.1923,-0.1836,-0.8158,0,0,1,0,1,2,EMERGING,3797.17,3259.44,678931.63,6115.08,6084.38,3573.52,29697.67,418626.13,34610.5,5583.14,68.54,16.01,98.636,7642.9902,95.7,78928.7188,1915.1,3.8,4.798,5.245,2026-09-01,260485,32361,228124,61450,326168,-264718
2026-09-09T14:39:02.036308+00:00,17830.0,18204.0,178315.0,181217.0,4424.07,4424.19,4423.955,True,1.2642,1.264905,1.2634,True,179.81,179809.42,-1494.42,-0.83,-2902.0,-1.63,False,181.04,178.31,1.51,4395.41,4413.88,4346.26,67.62,180924.0,181217.0,178369.0,2848.0,180.74,181.04,178.19,2.85,4413.09,4372.86,4332.63,1.84,4372.86,4394.18,4411.6,4386.93,4384.27,4385.02,4392.11,4403.14,1.91,0.4202,0.6747,0.3141,-0.3382,1,0,1,1,1,4,DOMINANT,3805.94,3266.97,680499.8,6129.2,6098.43,3581.77,29766.27,419593.06,34690.44,5596.03,68.75,16.26,98.658,7647.54,95.96,79230.0078,1925.3,3.795,4.81,5.258,2026-09-01,260485,32361,228124,61450,326168,-264718
2026-09-09T14:47:18.373889+00:00,17830.0,18204.0,178315.0,181217.0,4419.77,4418.49,4421.05,True,1.2642,1.264905,1.2634,True,179.63,179634.55,-1319.55,-0.73,-2902.0,-1.63,False,181.04,178.31,1.51,4400.81,4424.07,4346.26,77.81,180474.0,181217.0,178369.0,2848.0,180.29,181.04,178.19,2.85,4420.98,4374.86,4328.74,2.1084,4374.86,4394.69,4412.07,4392.65,4388.06,4387.91,4393.36,4403.55,4.74,0.5285,1.286,0.9023,-0.1082,1,0,1,1,1,4,DOMINANT,3802.24,3263.79,679838.0,6123.24,6092.5,3578.29,29737.32,419184.99,34656.71,5590.59,68.825,16.03,98.658,7649.8701,96.03,79047.3203,1928.2,3.797,4.808,5.255,2026-09-01,260485,32361,228124,61450,326168,-264718
2026-09-09T14:49:24.257746+00:00,17830.0,18204.0,178315.0,181217.0,4420.98,4420.19,4421.775,True,1.2642,1.264905,1.2634,True,179.68,179683.83,-1368.83,-0.76,-2902.0,-1.63,False,181.04,178.31,1.51,4400.81,4424.07,4346.26,77.81,180474.0,181217.0,178369.0,2848.0,180.29,181.04,178.19,2.85,4427.48,4377.19,4326.9,2.2978,4377.19,4395.19,4412.53,4396.82,4391.08,4390.27,4394.4,4403.87,6.55,0.4308,1.1875,0.8166,-0.2052,1,0,1,1,1,4,DOMINANT,3803.28,3264.68,680024.5,6124.92,6094.17,3579.27,29745.48,419299.99,34666.21,5592.12,68.88,16.06,98.657,7650.6201,95.99,79014.7031,1930.2,3.797,4.808,5.254,2026-09-01,260485,32361,228124,61450,326168,-264718
2026-09-09T18:02:43.616470+00:00,17830.0,18204.0,178315.0,181217.0,4417.69,4417.61,4417.775,True,1.2642,1.264905,1.2634,True,179.55,179550.12,-1235.12,-0.69,-2902.0,-1.63,False,181.04,178.31,1.51,4384.51,4424.07,4346.26,77.81,180474.0,181217.0,178369.0,2848.0,180.29,181.04,178.19,2.85,4433.46,4379.54,4325.62,2.4624,4379.54,4395.65,4412.99,4400.54,4393.93,4392.54,4395.44,4404.21,8.0,0.8318,1.0745,1.0903,-0.1779,1,0,1,1,1,4,DOMINANT,3800.45,3262.25,679518.44,6120.36,6089.64,3576.61,29723.34,418987.96,34640.42,5587.96,68.57,16.2,98.747,7645.9102,95.69,78738.9766,1916.0,3.81,4.829,5.284,2026-09-01,260485,32361,228124,61450,326168,-264718
2026-09-09T18:28:55.239413+00:00,17830.0,18204.0,178315.0,181217.0,4417.45,4417.53,4417.375,True,1.2642,1.264905,1.2634,True,179.54,179540.36,-1225.36,-0.68,-2902.0,-1.63,False,181.04,178.31,1.51,4384.51,4424.07,4346.26,77.81,180474.0,181217.0,178369.0,2848.0,180.29,181.04,178.19,2.85,4437.87,4382.65,4327.43,2.5199,4382.65,4395.76,4413.44,4403.17,4396.19,4394.41,4396.31,4404.48,8.76,0.7568,0.9788,0.9998,-0.2655,1,0,1,1,1,4,DOMINANT,3800.24,3262.08,679481.53,6120.03,6089.31,3576.41,29721.72,418965.19,34638.53,5587.66,68.58,16.26,98.759,7643.6602,96.08,78600.6719,1916.2,3.805,4.83,5.285,2026-09-01,260485,32361,228124,61450,326168,-264718
2026-09-09T18:40:30.850738+00:00,17830.0,18204.0,178315.0,181217.0,4415.39,4414.65,4416.135,True,1.2642,1.264905,1.2634,True,179.46,179456.64,-1141.64,-0.64,-2902.0,-1.63,False,181.04,178.31,1.51,4383.97,4424.07,4346.26,77.81,180474.0,181217.0,178369.0,2848.0,180.29,181.04,178.19,2.85,4441.5,4385.76,4330.02,2.5419,4385.76,4395.84,4413.88,4405.37,4398.22,4396.11,4397.14,4404.74,9.26,0.7637,0.7205,1.4256,-0.2509,1,0,1,1,1,4,DOMINANT,3798.47,3260.56,679164.66,6117.18,6086.47,3574.75,29707.86,418769.82,34622.38,5585.05,68.525,16.2,98.763,7645.3101,96.02,78541.9609,1915.9,3.805,4.835,5.286,2026-09-01,260485,32361,228124,61450,326168,-264718
2026-09-09T18:49:55.887870+00:00,17830.0,18204.0,178315.0,181217.0,4407.25,4407.21,4407.29,True,1.2642,1.264905,1.2634,True,179.13,179125.7,-810.7,-0.45,-2902.0,-1.63,False,181.04,178.31,1.51,4373.3,4424.07,4346.26,77.81,180474.0,181217.0,178369.0,2848.0,180.29,181.04,178.19,2.85,4444.13,4388.72,4333.31,2.5251,4388.72,4395.9,4414.3,4406.91,4399.85,4397.54,4397.86,4404.95,9.37,0.9624,0.6735,1.3783,-0.1423,1,0,1,1,1,4,DOMINANT,3791.46,3254.54,677912.2,6105.9,6075.24,3568.15,29653.08,417997.56,34558.53,5574.75,68.415,16.23,98.781,7644.7798,96.02,78519.6719,1913.6,3.805,4.837,5.287,2026-09-01,260485,32361,228124,61450,326168,-264718
2026-09-09T21:16:34.687205+00:00,17830.0,18204.0,178315.0,181217.0,4401.68,4401.49,4401.87,True,1.2642,1.264905,1.2634,True,178.9,178899.31,-584.31,-0.33,-2902.0,-1.63,False,181.04,178.31,1.51,4355.36,4424.07,4346.26,77.81,180474.0,181217.0,178369.0,2848.0,180.29,181.04,178.19,2.85,4445.04,4391.28,4337.52,2.4485,4391.28,4395.95,4414.69,4406.96,4400.56,4398.26,4398.22,4404.99,8.7,1.1914,0.4579,1.1721,-0.4441,1,0,1,1,1,4,DOMINANT,3786.67,3250.43,677055.44,6098.18,6067.57,3563.64,29615.6,417469.28,34514.86,5567.71,67.925,16.46,98.791,7636.3599,96.67,78209.7266,1904.0,3.805,4.837,5.286,2026-09-01,260485,32361,228124,61450,326168,-264718
2026-09-09T21:37:48.465127+00:00,17830.0,18204.0,178315.0,181217.0,4401.68,4401.49,4401.87,True,1.2642,1.264905,1.2634,True,178.9,178899.31,-584.31,-0.33,-2902.0,-1.63,False,181.04,178.31,1.51,4355.36,4424.07,4346.26,77.81,180474.0,181217.0,178369.0,2848.0,180.29,181.04,178.19,2.85,4443.7,4394.01,4344.32,2.2617,4394.01,4395.88,4415.06,4406.15,4400.66,4398.51,4398.36,4404.93,7.64,1.0635,0.331,1.0491,0.2049,0,0,1,1,1,3,DOMINANT,3786.67,3250.43,677055.44,6098.18,6067.57,3563.64,29615.6,417469.28,34514.86,5567.71,67.925,16.46,98.767,7636.3599,96.67,78158.0078,1904.0,3.805,4.837,5.286,2026-09-01,260485,32361,228124,61450,326168,-264718
2026-09-09T21:44:22.289658+00:00,17830.0,18204.0,178315.0,181217.0,4401.68,4401.49,4401.87,True,1.2642,1.264905,1.2634,True,178.9,178899.31,-584.31,-0.33,-2902.0,-1.63,True,181.04,178.31,1.51,4355.36,4424.07,4346.26,77.81,180474.0,181217.0,178369.0,2848.0,180.29,181.04,178.19,2.85,4441.35,4396.74,4352.13,2.0292,4396.74,4395.8,4415.54,4405.46,4400.76,4398.75,4398.49,4404.86,6.71,1.0635,0.3268,1.2569,-0.0152,0,0,1,1,1,3,DOMINANT,3786.67,3250.43,677055.44,6098.18,6067.57,3563.64,29615.6,417469.28,34514.86,5567.71,67.925,16.46,98.769,7636.3599,96.67,78227.1484,1904.0,3.805,4.837,5.286,2026-09-01,260485,32361,228124,61450,326168,-264718
2026-09-09T21:56:32.669912+00:00,17830.0,18204.0,178315.0,181217.0,4401.68,4401.49,4401.87,True,1.2642,1.264905,1.2634,True,178.9,178899.31,-584.31,-0.33,-2902.0,-1.63,True,181.04,178.31,1.51,4356.19,4424.07,4346.26,77.81,180474.0,181217.0,178369.0,2848.0,180.29,181.04,178.19,2.85,4437.27,4399.51,4361.75,1.7166,4399.51,4395.73,4415.94,4404.88,4400.85,4398.97,4398.61,4404.8,5.91,1.0443,0.3268,1.2521,0.1333,0,0,1,1,1,3,DOMINANT,3786.67,3250.43,677055.44,6098.18,6067.57,3563.64,29615.6,417469.28,34514.86,5567.71,67.925,16.46,98.769,7636.3599,96.67,78090.4531,1904.0,3.805,4.837,5.286,2026-09-01,260485,32361,228124,61450,326168,-264718
2026-09-09T23:33:08.884256+00:00,17830.0,18204.0,178315.0,181217.0,4395.86,4396.56,4395.165,True,1.2642,1.264905,1.2634,True,178.66,178662.87,-347.87,-0.19,-2902.0,-1.63,False,181.04,178.31,1.51,4347.04,4424.07,4346.26,77.81,178572.0,181217.0,178369.0,2848.0,178.39,181.04,178.19,2.85,4431.52,4402.13,4372.74,1.3353,4402.13,4395.65,4416.43,4404.39,4400.93,4399.17,4398.73,4404.74,5.22,1.2569,0.4603,1.2751,0.0132,0,0,0,1,1,2,EMERGING,3781.67,3246.13,676160.61,6090.12,6059.55,3558.93,29576.46,416917.53,34469.24,5560.35,67.925,16.46,98.783,7636.3599,97.12,78200.0,1912.0,3.805,4.837,5.286,2026-09-01,260485,32361,228124,61450,326168,-264718
2026-09-10T00:03:33.089843+00:00,17737.0,18110.0,177379.0,180279.0,4389.91,4389.51,4390.31,True,1.2642,1.264905,1.2634,True,178.42,178420.94,-1041.94,-0.58,-2900.0,-1.63,False,180.1,177.38,1.51,4347.25,4424.07,4346.26,77.81,178572.0,181217.0,178369.0,2848.0,178.39,181.04,178.19,2.85,4430.23,4403.07,4375.91,1.2337,4403.07,4395.41,4416.88,4403.08,4400.44,4398.92,4398.62,4404.56,4.16,1.1182,-0.0846,1.0745,0.0275,0,0,0,1,1,2,EMERGING,3776.55,3241.74,675245.01,6081.87,6051.34,3554.12,29536.41,416352.98,34422.57,5552.82,67.825,16.46,98.777,7636.3599,97.12,78317.1484,1903.8,3.805,4.837,5.286,2026-09-01,260485,32361,228124,61450,326168,-264718
2026-09-10T00:17:46.470966+00:00,17737.0,18110.0,177379.0,180279.0,4396.9,4396.52,4397.28,True,1.2642,1.264905,1.2634,True,178.71,178705.04,-1326.04,-0.74,-2900.0,-1.63,False,180.1,177.38,1.51,4347.25,4424.07,4346.26,77.81,178572.0,181217.0,178369.0,2848.0,178.39,181.04,178.19,2.85,4428.94,4403.67,4378.4,1.1477,4403.67,4394.97,4417.22,4401.05,4399.44,4398.25,4398.28,4404.27,2.8,0.9813,-0.2198,0.2897,-0.315,0,0,0,1,1,2,EMERGING,3782.56,3246.9,676320.19,6091.56,6060.98,3559.77,29583.44,417015.93,34477.38,5561.66,67.88,16.46,98.797,7636.3599,96.93,78235.1406,1902.0,3.805,4.837,5.286,2026-09-01,260485,32361,228124,61450,326168,-264718
2026-09-10T00:33:19.481808+00:00,17710.0,18083.0,177107.0,180006.0,4392.87,4392.64,4393.105,True,1.2642,1.264905,1.2634,True,178.54,178541.35,-1434.35,-0.8,-2899.0,-1.64,False,179.83,177.1,1.52,4346.26,4424.07,4346.26,77.81,178572.0,181217.0,178369.0,2848.0,178.39,181.04,178.19,2.85,4428.22,4404.26,4380.3,1.088,4404.26,4394.41,4417.59,4400.41,4399.2,4398.15,4398.23,4404.13,2.26,1.1651,-0.0609,0.4361,-0.0311,0,0,0,1,1,2,EMERGING,3779.1,3243.93,675700.69,6085.98,6055.43,3556.51,29556.34,416633.95,34445.8,5556.57,67.905,16.46,98.805,7636.3599,96.62,78186.7891,1903.7,3.805,4.837,5.286,2026-09-01,260485,32361,228124,61450,326168,-264718
2026-09-10T01:31:37.962254+00:00,17791.0,18164.0,177921.0,180822.0,4408.0,4407.62,4408.38,True,1.2638,1.264231,1.2634,True,179.11,179108.42,-1187.42,-0.66,-2901.0,-1.63,False,180.64,177.92,1.51,4377.23,4424.07,4377.23,46.84,179793.0,181217.0,179793.0,1424.0,179.61,181.04,179.61,1.43,4427.33,4404.72,4382.11,1.0266,4404.72,4393.76,4418.03,4399.25,4398.6,4397.76,4398.02,4403.9,1.49,0.3573,-0.8905,0.177,-0.0491,0,0,0,1,1,2,EMERGING,3789.04,3253.28,677042.36,6103.94,6080.67,3568.35,29646.07,419293.52,34569.22,5572.73,68.06,16.46,98.788,7636.3599,96.77,78144.6016,1888.9,3.805,4.837,5.286,2026-09-01,260485,32361,228124,61450,326168,-264718
2026-09-10T04:26:30.731021+00:00,17762.0,18136.0,177635.0,180535.0,4414.11,4413.91,4414.32,True,1.2638,1.264231,1.2634,True,179.36,179356.89,-1721.89,-0.96,-2900.0,-1.63,False,180.35,177.63,1.51,4377.23,4424.07,4377.23,46.84,179793.0,181217.0,179793.0,1424.0,179.61,181.04,179.61,1.43,4427.64,4405.23,4382.82,1.0174,4405.23,4393.53,4418.52,4400.6,4399.49,4398.52,4398.41,4403.98,2.08,0.703,-0.6558,0.5557,0.236,1,0,0,1,1,3,DOMINANT,3794.29,3257.8,677981.58,6112.41,6089.11,3573.3,29687.2,419875.18,34617.18,5580.46,68.13,16.46,98.721,7636.3599,96.11,78340.3438,1896.4,3.805,4.837,5.286,2026-09-01,260485,32361,228124,61450,326168,-264718
2026-09-10T04:51:01.646931+00:00,17762.0,18136.0,177635.0,180535.0,4410.24,4409.1,4411.37,True,1.2638,1.264231,1.2634,True,179.2,179199.23,-1564.23,-0.87,-2900.0,-1.63,False,180.35,177.63,1.51,4377.81,4424.07,4377.81,46.26,179793.0,181217.0,179793.0,1424.0,179.61,181.04,179.61,1.43,4428.34,4406.23,4384.12,1.0036,4406.23,4393.15,4419.0,4402.68,4400.88,4399.68,4399.02,4404.18,3.0,0.8292,-0.5181,0.3713,0.0422,1,0,0,1,1,3,DOMINANT,3790.96,3254.93,677385.64,6107.03,6083.76,3570.16,29661.1,419506.11,34586.75,5575.56,68.01,16.46,98.732,7636.3599,96.11,78307.8203,1891.8,3.805,4.837,5.286,2026-09-01,260485,32361,228124,61450,326168,-264718
2026-09-10T05:13:39.213783+00:00,17762.0,18136.0,177635.0,180535.0,4413.9,4410.96,4416.83,True,1.2638,1.264231,1.2634,True,179.35,179347.95,-1712.95,-0.96,-2900.0,-1.63,False,180.35,177.63,1.51,4383.64,4424.07,4383.64,40.43,179996.0,181217.0,179996.0,1221.0,179.82,181.04,179.82,1.22,4428.15,4407.19,4386.23,0.9512,4407.19,4392.63,4419.4,4403.84,4401.78,4400.46,4399.46,4404.3,3.38,0.6068,-0.6054,0.3643,-0.0779,1,0,0,1,1,3,DOMINANT,3794.1,3257.64,677947.79,6112.1,6088.8,3573.12,29685.72,419854.26,34615.46,5580.18,68.125,16.46,98.749,7636.3599,96.15,78402.7578,1893.4,3.805,4.837,5.286,2026-09-01,260485,32361,228124,61450,326168,-264718
2026-09-10T06:40:15.007825+00:00,17826.0,18200.0,178273.0,181174.0,4418.07,4416.36,4419.77,True,1.2638,1.264231,1.2634,True,179.52,179517.39,-1244.39,-0.69,-2901.0,-1.63,False,180.99,178.27,1.5,4397.78,4424.07,4389.91,34.16,180606.0,181217.0,180006.0,1211.0,180.43,181.04,179.83,1.21,4428.25,4408.25,4388.25,0.9074,4408.25,4392.23,4419.53,4405.39,4402.93,4401.45,4400.03,4404.49,3.94,0.3665,-0.5031,0.5224,0.0358,1,0,0,1,1,3,DOMINANT,3797.69,3260.71,678588.28,6117.88,6094.56,3576.49,29713.76,420250.91,34648.16,5585.45,68.27,16.46,98.739,7636.3599,95.44,78189.4297,1893.6,3.805,4.837,5.286,2026-09-01,260485,32361,228124,61450,326168,-264718
2026-09-10T09:34:39.458769+00:00,17748.0,18122.0,177491.0,180393.0,4391.77,4391.4,4392.15,True,1.2638,1.264231,1.2634,True,178.45,178449.16,-958.16,-0.54,-2902.0,-1.64,False,180.21,177.49,1.51,4394.23,4424.07,4389.91,34.16,180403.0,181217.0,180006.0,1211.0,180.22,181.04,179.83,1.21,4428.8,4408.46,4388.12,0.9228,4408.46,4392.15,4419.7,4407.34,4404.37,4402.68,4400.74,4404.76,4.66,0.5425,-0.4091,0.5769,0.3058,1,0,0,1,1,3,DOMINANT,3775.09,3241.31,674550.29,6081.47,6058.29,3555.21,29536.95,417750.18,34441.98,5552.22,67.225,16.46,98.786,7636.3599,97.24,78073.2578,1872.8,3.805,4.837,5.286,2026-09-01,260485,32361,228124,61450,326168,-264718
2026-09-10T09:48:51.899429+00:00,17747.0,18121.0,177482.0,180385.0,4394.74,4394.21,4395.265,True,1.2642,1.264231,No Data,False,178.63,178628.24,-1146.24,-0.64,-2903.0,-1.64,False,180.2,177.48,1.51,4394.23,4424.07,4389.91,34.16,180403.0,181217.0,180006.0,1211.0,180.22,181.04,179.83,1.21,4427.09,4406.84,4386.59,0.919,4406.84,4391.95,4419.82,4404.94,4403.17,4401.88,4400.39,4404.51,3.06,-0.056,-0.9057,-0.5009,-0.3105,0,0,0,0,0,0,NO_TREND,3777.64,3243.5,675005.32,6085.57,6062.38,3557.61,29556.87,418031.98,34465.21,5555.96,67.175,16.55,98.815,7636.3599,97.67,77957.2891,1870.8,3.805,4.837,5.286,2026-09-01,260485,32361,228124,61450,326168,-264718
2026-09-10T10:01:25.242339+00:00,17747.0,18121.0,177482.0,180385.0,4393.37,4393.78,4392.965,True,1.2638,1.264231,1.2634,True,178.51,178514.07,-1032.07,-0.58,-2903.0,-1.64,False,180.2,177.48,1.51,4390.96,4424.07,4389.91,34.16,180403.0,181217.0,180006.0,1211.0,180.22,181.04,179.83,1.21,4425.57,4405.59,4385.61,0.907,4405.59,4391.81,4419.97,4403.37,4402.37,4401.35,4400.16,4404.31,2.02,0.0861,-0.8387,-0.663,-0.2431,0,0,0,0,0,0,NO_TREND,3776.46,3242.49,674795.66,6083.68,6060.49,3556.51,29547.69,417902.13,34454.51,5554.24,67.205,16.51,98.827,7636.3599,97.58,77941.9688,1873.7,3.805,4.837,5.286,2026-09-01,260485,32361,228124,61450,326168,-264718
2026-09-10T11:52:39.644254+00:00,17726.0,18099.0,177267.0,180171.0,4377.14,4376.89,4377.395,True,1.2638,1.264231,1.2634,True,177.85,177854.6,-587.6,-0.33,-2904.0,-1.64,False,179.99,177.26,1.52,4413.88,4424.07,4389.91,34.16,181217.0,181217.0,180006.0,1211.0,181.04,181.04,179.83,1.21,4423.51,4404.21,4384.91,0.8764,4404.21,4391.68,4420.07,4401.83,4401.51,4400.76,4399.9,4404.1,1.07,-0.4647,-1.8292,-0.5973,-0.2742,0,0,0,0,0,0,NO_TREND,3762.51,3230.51,672302.83,6061.21,6038.11,3543.37,29438.54,416358.32,34327.23,5533.72,66.525,16.62,98.904,7636.3599,97.29,77855.8594,1843.9,3.805,4.837,5.286,2026-09-01,260485,32361,228124,61450,326168,-264718
2026-09-10T14:16:18.343295+00:00,17689.0,18064.0,176906.0,179811.0,4360.18,4360.33,4360.02,True,1.2638,1.264231,1.2634,True,177.17,177165.17,-259.17,-0.15,-2905.0,-1.64,False,179.63,176.9,1.52,4413.88,4424.07,4377.14,46.93,181217.0,181217.0,180006.0,1211.0,181.04,181.04,179.83,1.21,4423.89,4402.18,4380.47,0.9863,4402.18,4391.31,4420.08,4398.04,4399.19,4399.01,4399.01,4403.56,-0.97,-0.8324,-2.1918,-0.9916,-0.6426,0,0,0,0,0,0,NO_TREND,3747.93,3217.99,669696.72,6037.71,6014.7,3529.63,29324.42,414744.35,34194.16,5512.27,65.105,17.93,98.95,7587.0298,99.57,76967.7266,1818.6,3.835,4.92,5.348,2026-09-01,260485,32361,228124,61450,326168,-264718
2026-09-10T14:29:26.636540+00:00,17641.0,18015.0,176417.0,179322.0,4367.47,4368.26,4366.67,True,1.2638,1.264231,1.2634,True,177.46,177461.38,-1044.38,-0.59,-2905.0,-1.65,False,179.14,176.42,1.52,4424.07,4424.07,4360.18,63.89,181217.0,181217.0,179811.0,1406.0,181.04,181.04,179.63,1.41,4426.87,4399.32,4371.77,1.2525,4399.32,4390.43,4419.95,4392.21,4395.48,4396.13,4397.48,4402.7,-3.92,-1.4441,-2.8751,-1.3018,-1.0842,0,0,0,0,0,0,NO_TREND,3754.19,3223.37,670816.42,6047.81,6024.76,3535.53,29373.45,415437.79,34251.33,5521.48,65.03,17.77,98.981,7599.3799,99.29,77350.6797,1817.7,3.835,4.918,5.341,2026-09-01,260485,32361,228124,61450,326168,-264718
2026-09-10T14:37:26.974052+00:00,17641.0,18015.0,176417.0,179322.0,4366.55,4364.73,4368.365,True,1.2653,1.264231,1.2664,True,177.63,177634.68,-1217.68,-0.69,-2905.0,-1.65,False,179.14,176.42,1.52,4424.07,4424.07,4360.18,63.89,181217.0,181217.0,179322.0,1895.0,181.04,181.04,179.14,1.9,4426.83,4396.93,4367.03,1.36,4396.93,4389.84,4419.84,4388.41,4392.81,4394.01,4396.31,4402.01,-5.6,-1.2794,-2.7127,-1.1314,-1.0068,0,0,0,0,0,0,NO_TREND,3753.41,3222.69,670675.5,6046.54,6023.49,3534.79,29367.28,415350.51,34244.14,5520.32,65.185,17.59,98.97,7605.9902,98.9,77298.6875,1821.0,3.84,4.91,5.332,2026-09-01,260485,32361,228124,61450,326168,-264718
2026-09-10T16:42:39.145608+00:00,17641.0,18015.0,176417.0,179322.0,4360.07,4360.15,4359.995,True,1.2653,1.264231,1.2664,True,177.37,177371.27,-954.27,-0.54,-2905.0,-1.65,False,179.14,176.42,1.52,4417.69,4418.07,4360.18,57.89,181217.0,181217.0,179322.0,1895.0,181.04,181.04,179.14,1.9,4427.27,4394.89,4362.51,1.4735,4394.89,4389.26,4419.73,4385.04,4390.31,4391.97,4395.14,4401.3,-6.93,-1.1576,-2.5474,-1.1061,-1.3207,0,0,0,0,1,1,NO_TREND,3747.84,3217.91,669680.98,6037.57,6014.56,3529.55,29323.73,414734.6,34193.36,5512.14,64.855,17.73,98.942,7598.54,101.49,76992.8984,1802.2,3.843,4.924,5.345,2026-09-01,260485,32361,228124,61450,326168,-264718
2026-09-10T18:17:53.386926+00:00,17641.0,18015.0,176417.0,179322.0,4341.29,4340.43,4342.145,True,1.2653,1.264231,1.2664,True,176.61,176607.08,-190.08,-0.11,-2905.0,-1.65,False,179.14,176.42,1.52,4417.45,4418.07,4360.07,58.0,181217.0,181217.0,179322.0,1895.0,181.04,181.04,179.14,1.9,4428.53,4392.81,4357.09,1.6263,4392.81,4388.44,4419.6,4381.2,4387.43,4389.61,4393.76,4400.49,-8.41,-1.2989,-2.692,-1.0705,-1.4749,0,0,0,0,1,1,NO_TREND,3731.69,3204.05,666795.72,6011.56,5988.65,3514.34,29197.39,412947.76,34046.04,5488.39,64.6,17.59,99.013,7588.6401,102.38,76971.1016,1794.9,3.843,4.944,5.355,2026-09-01,260485,32361,228124,61450,326168,-264718
2026-09-10T18:31:20.837150+00:00,17641.0,18015.0,176417.0,179322.0,4337.37,4338.37,4336.37,True,1.2653,1.264231,1.2664,True,176.45,176447.71,-30.71,-0.02,-2905.0,-1.65,False,179.14,176.42,1.52,4415.39,4418.07,4341.29,76.78,181217.0,181217.0,179322.0,1895.0,181.04,181.04,179.14,1.9,4431.98,4389.79,4347.6,1.9222,4389.79,4387.27,4419.37,4375.06,4383.03,4386.03,4391.71,4399.31,-10.97,-1.6782,-3.1319,-1.372,-1.7683,0,0,0,0,1,1,NO_TREND,3728.33,3201.16,666194.01,6006.13,5983.24,3511.17,29171.05,412575.12,34015.32,5483.44,64.475,17.73,99.036,7588.5098,102.87,77030.4609,1791.6,3.843,4.946,5.356,2026-09-01,260485,32361,228124,61450,326168,-264718
2026-09-10T18:40:11.323604+00:00,17641.0,18015.0,176417.0,179322.0,4334.11,4334.31,4333.915,True,1.2653,1.264231,1.2664,True,176.32,176315.2,101.8,0.06,-2905.0,-1.65,False,179.14,176.42,1.52,4415.39,4418.07,4337.37,80.7,181217.0,181217.0,179322.0,1895.0,181.04,181.04,179.14,1.9,4434.37,4386.57,4338.77,2.1794,4386.57,4386.33,4419.13,4369.26,4378.68,4382.43,4389.57,4398.09,-13.17,-1.767,-3.2194,-1.461,-2.1559,0,0,0,0,1,1,NO_TREND,3725.53,3198.75,665693.68,6001.62,5978.75,3508.53,29149.14,412265.26,33989.77,5479.32,64.395,17.71,99.04,7591.73,102.38,77121.7812,1789.8,3.843,4.942,5.355,2026-09-01,260485,32361,228124,61450,326168,-264718
2026-09-10T19:18:42.289629+00:00,17641.0,18015.0,176417.0,179322.0,4320.87,4321.0,4320.735,True,1.2653,1.264231,1.2664,True,175.78,175776.38,640.62,0.36,-2905.0,-1.65,False,179.14,176.42,1.52,4401.68,4418.07,4334.11,83.96,181217.0,181217.0,179322.0,1895.0,181.04,181.04,179.14,1.9,4435.81,4383.2,4330.59,2.4005,4383.2,4385.33,4418.9,4363.85,4374.44,4378.85,4387.4,4396.82,-15.0,-1.5351,-3.0912,-1.5351,-2.3077,0,0,0,0,1,1,NO_TREND,3714.14,3188.98,663659.33,5983.28,5960.48,3497.81,29060.06,411005.38,33885.9,5462.57,64.15,18.0,99.066,7588.3501,102.21,77110.2578,1785.5,3.845,4.944,5.361,2026-09-01,260485,32361,228124,61450,326168,-264718
2026-09-10T21:33:10.627160+00:00,17641.0,18015.0,176417.0,179322.0,4316.48,4316.29,4316.675,True,1.2653,1.264231,1.2664,True,175.6,175597.99,819.01,0.47,-2905.0,-1.65,False,179.14,176.42,1.52,4401.68,4418.07,4320.87,97.2,181217.0,181217.0,179322.0,1895.0,181.04,181.04,179.14,1.9,4438.55,4379.45,4320.35,2.699,4379.45,4384.28,4418.57,4357.24,4369.34,4374.55,4384.79,4395.32,-17.31,-1.8359,-3.4017,-1.8359,-2.5431,0,0,0,0,1,1,NO_TREND,3710.37,3185.74,662985.82,5977.21,5954.43,3494.26,29030.57,410588.28,33851.51,5457.03,64.09,17.84,99.082,7591.7002,103.93,77184.9375,1784.1,3.845,4.944,5.361,2026-09-01,260485,32361,228124,61450,326168,-264718
2026-09-10T21:40:33.647548+00:00,17641.0,18015.0,176417.0,179322.0,4316.48,4316.29,4316.675,True,1.2653,1.264231,1.2664,True,175.6,175597.99,819.01,0.47,-2905.0,-1.65,False,179.14,176.42,1.52,4401.68,4418.07,4316.48,101.59,181217.0,181217.0,179322.0,1895.0,181.04,181.04,179.14,1.9,4440.95,4375.77,4310.59,2.9791,4375.77,4383.13,4418.15,4350.97,4364.3,4370.25,4382.11,4393.76,-19.28,-1.9356,-3.4999,-1.8058,-2.39,0,0,0,0,1,1,NO_TREND,3710.37,3185.74,662985.82,5977.21,5954.43,3494.26,29030.57,410588.28,33851.51,5457.03,64.09,17.84,99.084,7591.7002,103.93,77164.7969,1784.1,3.845,4.944,5.361,2026-09-01,260485,32361,228124,61450,326168,-264718
2026-09-10T21:51:03.656540+00:00,17641.0,18015.0,176417.0,179322.0,4316.48,4316.29,4316.675,True,1.2653,1.264231,1.2664,True,175.6,175597.99,819.01,0.47,-2905.0,-1.65,True,179.14,176.42,1.52,4401.68,4418.07,4316.48,101.59,181217.0,181217.0,179322.0,1895.0,181.04,181.04,179.14,1.9,4441.22,4371.75,4302.28,3.1781,4371.75,4382.35,4417.76,4345.66,4359.75,4366.27,4379.54,4392.23,-20.61,-1.9356,-3.4999,-1.6727,-1.9385,0,0,0,0,1,1,NO_TREND,3710.37,3185.74,662985.82,5977.21,5954.43,3494.26,29030.57,410588.28,33851.51,5457.03,64.09,17.84,99.078,7591.7002,103.93,77145.1172,1784.1,3.845,4.944,5.361,2026-09-01,260485,32361,228124,61450,326168,-264718
2026-09-10T21:58:43.965452+00:00,17641.0,18015.0,176417.0,179322.0,4316.48,4316.29,4316.675,True,1.2653,1.264231,1.2664,True,175.6,175597.99,819.01,0.47,-2905.0,-1.65,True,179.14,176.42,1.52,4395.86,4418.07,4316.48,101.59,181217.0,181217.0,179322.0,1895.0,181.04,181.04,179.14,1.9,4440.83,4367.93,4295.03,3.338,4367.93,4381.58,4417.31,4341.17,4355.63,4362.58,4377.07,4390.73,-21.41,-1.8058,-3.5078,-1.829,-1.9345,0,0,0,0,1,1,NO_TREND,3710.37,3185.74,662985.82,5977.21,5954.43,3494.26,29030.57,410588.28,33851.51,5457.03,64.09,17.84,99.073,7591.7002,103.93,77116.4297,1784.1,3.845,4.944,5.361,2026-09-01,260485,32361,228124,61450,326168,-264718
2026-09-10T23:59:19.602531+00:00,17641.0,18015.0,176417.0,179322.0,4314.35,4314.02,4314.685,True,1.2653,1.264231,1.2664,True,175.51,175511.34,905.66,0.52,-2905.0,-1.65,False,179.14,176.42,1.52,4389.91,4418.07,4316.48,101.59,180279.0,181174.0,179322.0,1852.0,180.1,180.99,179.14,1.85,4437.15,4363.36,4289.57,3.3823,4363.36,4380.78,4416.73,4337.38,4351.9,4359.17,4374.69,4389.26,-21.79,-1.6727,-3.6614,-1.739,-1.9033,0,0,0,0,1,1,NO_TREND,3708.54,3184.17,662658.66,5974.26,5951.49,3492.54,29016.24,410385.67,33834.8,5454.34,63.985,17.84,99.095,7591.7002,104.16,76537.6484,1782.8,3.845,4.944,5.361,2026-09-01,260485,32361,228124,61450,326168,-264718
2026-09-11T00:13:30.765540+00:00,17459.0,17833.0,174600.0,177503.0,4316.74,4315.29,4318.2,True,1.2667,1.267085,1.2664,True,175.81,175806.72,-1206.72,-0.69,-2903.0,-1.66,False,177.32,174.6,1.53,4396.9,4418.07,4314.35,103.72,180279.0,181174.0,179322.0,1852.0,180.1,180.99,179.14,1.85,4431.2,4358.37,4285.54,3.3421,4358.37,4379.95,4416.12,4333.83,4348.32,4355.85,4372.32,4387.77,-22.02,-1.8775,-3.6227,-2.1245,-1.8469,0,0,0,0,0,0,NO_TREND,3715.59,3193.27,665858.17,6020.65,5967.74,3507.22,29043.21,412308.3,33848.61,5469.68,64.05,17.84,99.056,7591.7002,103.47,76821.7031,1781.6,3.845,4.944,5.361,2026-09-01,260485,32361,228124,61450,326168,-264718
2026-09-11T00:30:28.540493+00:00,17483.0,17857.0,174845.0,177748.0,4323.64,4323.39,4323.88,True,1.2667,1.267085,1.2664,True,176.09,176087.33,-1242.33,-0.71,-2903.0,-1.66,False,177.57,174.84,1.54,4392.87,4418.07,4314.35,103.72,180006.0,181174.0,177503.0,3671.0,179.83,180.99,177.32,3.67,4424.48,4353.7,4282.92,3.2515,4353.7,4379.34,4415.58,4331.2,4345.32,4352.95,4370.14,4386.37,-21.75,-1.733,-3.5443,-2.2059,-1.9783,0,0,0,0,0,0,NO_TREND,3721.52,3198.37,666920.95,6030.26,5977.27,3512.82,29089.56,412966.38,33902.63,5478.41,64.045,17.84,99.051,7591.7002,103.08,76792.2422,1783.6,3.845,4.944,5.361,2026-09-01,260485,32361,228124,61450,326168,-264718
2026-09-11T00:37:04.806575+00:00,17483.0,17857.0,174845.0,177748.0,4321.74,4321.19,4322.295,True,1.2667,1.267085,1.2664,True,176.01,176010.25,-1165.25,-0.66,-2903.0,-1.66,False,177.57,174.84,1.54,4408.0,4418.07,4314.35,103.72,180822.0,181174.0,177503.0,3671.0,180.64,180.99,177.32,3.67,4415.15,4349.18,4283.21,3.0337,4349.18,4378.87,4415.09,4330.04,4343.25,4350.78,4368.32,4385.12,-20.74,-1.9138,-3.3901,-1.9636,-1.6769,0,0,0,0,0,0,NO_TREND,3719.89,3196.97,666629.03,6027.62,5974.65,3511.28,29076.83,412785.63,33887.79,5476.02,64.075,17.84,99.079,7591.7002,103.24,76780.2188,1781.2,3.845,4.944,5.361,2026-09-01,260485,32361,228124,61450,326168,-264718
2026-09-11T04:24:10.136423+00:00,17471.0,17845.0,174723.0,177627.0,4325.03,4324.26,4325.795,True,1.2667,1.267085,1.2664,True,176.14,176144.04,-1421.04,-0.81,-2904.0,-1.66,False,177.45,174.72,1.54,4414.11,4418.07,4314.35,103.72,180535.0,181174.0,177503.0,3671.0,180.35,180.99,177.32,3.67,4402.8,4344.37,4285.94,2.6899,4344.37,4378.38,4414.52,4328.76,4341.2,4348.63,4366.49,4383.87,-19.87,-2.0926,-3.4039,-2.0879,-1.6761,0,0,0,0,0,0,NO_TREND,3722.72,3199.4,667135.74,6032.2,5979.19,3513.95,29098.93,413099.39,33913.55,5480.18,63.885,17.84,99.1,7591.7002,102.34,77003.5625,1784.0,3.845,4.944,5.361,2026-09-01,260485,32361,228124,61450,326168,-264718
2026-09-11T04:47:27.203158+00:00,17505.0,17879.0,175062.0,177965.0,4332.19,4331.69,4332.685,True,1.2667,1.267085,1.2664,True,176.44,176435.64,-1373.64,-0.78,-2903.0,-1.66,False,177.78,175.06,1.53,4410.24,4418.07,4314.35,103.72,180535.0,181174.0,177503.0,3671.0,180.35,180.99,177.32,3.67,4395.55,4341.03,4286.51,2.5118,4341.03,4377.9,4413.99,4328.19,4339.66,4346.88,4364.87,4382.7,-18.69,-1.9321,-3.2577,-2.1059,-1.722,0,0,0,0,0,0,NO_TREND,3728.88,3204.7,668240.17,6042.19,5989.09,3519.77,29147.1,413783.27,33969.7,5489.25,63.97,17.84,99.115,7591.7002,102.53,77073.9609,1786.3,3.845,4.944,5.361,2026-09-01,260485,32361,228124,61450,326168,-264718
2026-09-11T05:12:07.696876+00:00,17525.0,17899.0,175265.0,178169.0,4331.84,4328.67,4335.015,True,1.2667,1.267085,1.2664,True,176.42,176421.59,-1156.59,-0.66,-2904.0,-1.66,False,177.99,175.26,1.53,4413.9,4418.07,4314.35,103.72,180535.0,181174.0,177503.0,3671.0,180.35,180.99,177.32,3.67,4386.28,4337.9,4289.52,2.2306,4337.9,4377.0,4413.46,4328.8,4338.95,4345.79,4363.59,4381.7,-16.99,-1.8512,-3.05,-1.3566,-1.5425,0,0,1,0,1,2,EMERGING,3728.58,3204.44,668186.96,6041.71,5988.61,3519.49,29144.78,413750.31,33966.99,5488.81,64.055,17.84,99.113,7591.7002,102.29,77108.7969,1784.8,3.845,4.944,5.361,2026-09-01,260485,32361,228124,61450,326168,-264718
2026-09-11T05:20:26.564984+00:00,17525.0,17899.0,175265.0,178169.0,4333.66,4328.67,4338.64,True,1.2667,1.267085,1.2664,True,176.5,176495.41,-1230.41,-0.7,-2904.0,-1.66,False,177.99,175.26,1.53,4418.07,4418.07,4314.35,103.72,181174.0,181174.0,177503.0,3671.0,180.99,180.99,177.32,3.67,4375.57,4334.82,4294.07,1.8801,4334.82,4376.08,4412.92,4329.27,4338.27,4344.76,4362.34,4380.72,-15.49,-1.9518,-3.0579,-1.4313,-1.2013,0,0,1,0,0,1,NO_TREND,3730.14,3205.78,668466.54,6044.24,5991.12,3520.96,29156.98,413923.43,33981.2,5491.11,64.165,17.84,99.084,7591.7002,102.17,77095.0,1787.4,3.845,4.944,5.361,2026-09-01,260485,32361,228124,61450,326168,-264718
2026-09-11T09:31:21.676637+00:00,17578.0,17953.0,175796.0,178700.0,4342.97,4343.04,4342.905,True,1.2667,1.267085,1.2664,True,176.87,176874.88,-1078.88,-0.61,-2904.0,-1.65,False,178.52,175.79,1.53,4391.77,4394.74,4314.35,80.39,180393.0,180393.0,177503.0,2890.0,180.21,180.21,177.32,2.89,4368.2,4332.65,4297.1,1.641,4332.65,4375.05,4412.22,4329.95,4337.83,4343.94,4361.22,4379.78,-13.99,-1.3232,-2.9798,-1.3591,-1.1476,0,0,1,0,0,1,NO_TREND,3738.16,3212.67,669903.76,6057.23,6004.0,3528.53,29219.67,414813.38,34054.26,5502.92,64.52,17.3,99.122,7591.7002,100.26,77106.1172,1802.6,3.845,4.944,5.361,2026-09-01,260485,32361,228124,61450,326168,-264718
2026-09-11T09:47:29.753407+00:00,17578.0,17953.0,175796.0,178700.0,4343.05,4342.99,4343.105,True,1.2667,1.267085,1.2664,True,176.88,176877.93,-1081.93,-0.61,-2904.0,-1.65,False,178.52,175.79,1.53,4394.74,4394.74,4314.35,80.39,180385.0,180385.0,177503.0,2882.0,180.2,180.2,177.32,2.88,4365.31,4331.79,4298.27,1.5476,4331.79,4374.24,4411.48,4331.95,4338.32,4343.86,4360.5,4379.05,-11.91,-1.178,-2.7899,-0.7806,-0.6935,0,0,1,0,0,1,NO_TREND,3738.23,3212.73,669915.33,6057.34,6004.1,3528.59,29220.17,414820.54,34054.85,5503.01,64.455,17.25,99.129,7591.7002,99.75,76976.8594,1801.4,3.845,4.944,5.361,2026-09-01,260485,32361,228124,61450,326168,-264718
2026-09-11T09:59:06.672275+00:00,17578.0,17953.0,175796.0,178700.0,4344.6,4343.39,4345.82,True,1.2667,1.267085,1.2664,True,176.94,176941.37,-1145.37,-0.65,-2904.0,-1.65,False,178.52,175.79,1.53,4393.37,4393.37,4314.35,79.02,180385.0,180385.0,177503.0,2882.0,180.2,180.2,177.32,2.88,4360.17,4330.57,4300.97,1.367,4330.57,4373.14,4410.7,4333.66,4338.77,4343.8,4359.82,4378.34,-10.14,-1.1454,-2.7881,-0.3929,-0.7067,0,0,1,0,1,2,EMERGING,3739.57,3213.88,670155.57,6059.51,6006.26,3529.86,29230.65,414969.31,34067.06,5504.98,64.43,17.21,99.143,7591.7002,99.81,77038.7734,1802.5,3.845,4.944,5.361,2026-09-01,260485,32361,228124,61450,326168,-264718
2026-09-11T10:02:03.600237+00:00,17578.0,17953.0,175796.0,178700.0,4347.59,4346.93,4348.245,True,1.2667,1.267085,1.2664,True,177.06,177062.83,-1266.83,-0.72,-2904.0,-1.65,False,178.52,175.79,1.53,4377.14,4377.14,4314.35,62.79,180171.0,180171.0,177503.0,2668.0,179.99,179.99,177.32,2.67,4354.76,4329.47,4304.18,1.1683,4329.47,4372.15,4409.96,4335.34,4339.33,4343.86,4359.22,4377.67,-8.52,-0.7434,-2.7777,-0.5236,-0.2471,0,0,1,0,0,1,NO_TREND,3742.13,3216.09,670615.62,6063.67,6010.38,3532.28,29250.72,415254.18,34090.45,5508.76,64.445,17.21,99.135,7591.7002,99.65,77049.6016,1804.0,3.845,4.944,5.361,2026-09-01,260485,32361,228124,61450,326168,-264718
2026-09-11T14:16:52.932738+00:00,17764.0,18138.0,177650.0,180555.0,4382.81,4383.25,4382.375,True,1.2675,1.267085,1.2679,True,178.6,178603.11,-953.11,-0.53,-2905.0,-1.64,False,180.37,177.65,1.51,4367.47,4367.47,4314.35,53.12,179322.0,179322.0,177503.0,1819.0,179.14,179.14,177.32,1.82,4351.44,4328.85,4306.26,1.0437,4328.85,4371.28,4409.3,4337.23,4340.12,4344.14,4358.76,4377.08,-6.91,-0.4552,-1.8975,-0.4342,-0.1784,0,0,1,0,0,1,NO_TREND,3772.45,3242.15,676049.08,6112.8,6059.08,3560.9,29487.71,418618.65,34366.66,5553.4,65.49,15.92,98.983,7662.7798,99.05,79019.0781,1816.7,3.878,4.93,5.326,2026-09-01,260485,32361,228124,61450,326168,-264718
2026-09-11T14:28:33.981269+00:00,17764.0,18138.0,177650.0,180555.0,4376.1,4375.09,4377.1,True,1.2675,1.267085,1.2679,True,178.33,178329.37,-679.37,-0.38,-2905.0,-1.64,False,180.37,177.65,1.51,4367.47,4382.81,4314.35,68.46,179322.0,180555.0,177503.0,3052.0,179.14,180.37,177.32,3.05,4363.67,4330.92,4298.17,1.5124,4330.92,4371.08,4408.8,4344.24,4344.18,4347.0,4359.71,4377.19,-2.76,0.3512,-1.2329,0.5216,0.6111,1,0,1,1,0,3,DOMINANT,3766.67,3237.18,675012.91,6103.43,6049.79,3555.44,29442.52,417977.03,34313.98,5544.88,65.29,15.98,99.016,7673.4102,99.63,79094.4922,1810.4,3.878,4.93,5.327,2026-09-01,260485,32361,228124,61450,326168,-264718
2026-09-11T14:36:06.690387+00:00,17695.0,18069.0,176958.0,179862.0,4372.15,4373.49,4370.82,True,1.2675,1.267085,1.2679,True,178.17,178168.81,-1210.81,-0.68,-2904.0,-1.64,False,179.68,176.96,1.51,4366.55,4382.81,4314.35,68.46,179322.0,180555.0,177503.0,3052.0,179.14,180.37,177.32,3.05,4371.3,4332.86,4294.42,1.7743,4332.86,4370.33,4408.3,4349.14,4347.22,4349.16,4360.35,4377.17,-0.02,0.2187,-1.3692,0.8018,0.4619,0,0,1,1,1,3,DOMINANT,3763.28,3234.26,674405.16,6097.93,6044.34,3552.24,29416.01,417600.71,34283.09,5539.89,65.29,15.8,99.031,7658.7202,99.64,78638.6719,1807.0,3.882,4.928,5.326,2026-09-01,260485,32361,228124,61450,326168,-264718
2026-09-11T14:39:05.283601+00:00,17695.0,18069.0,176958.0,179862.0,4368.37,4369.79,4366.945,True,1.2675,1.267085,1.2679,True,178.01,178014.47,-1056.47,-0.59,-2904.0,-1.64,False,179.68,176.96,1.51,4360.07,4382.81,4314.35,68.46,179322.0,180555.0,177503.0,3052.0,179.14,180.37,177.32,3.05,4377.03,4334.76,4292.49,1.9503,4334.76,4369.29,4407.79,4352.68,4349.6,4350.86,4360.81,4377.07,1.82,0.2771,-1.4582,0.8019,0.5776,0,0,1,1,1,3,DOMINANT,3760.02,3231.46,673820.94,6092.65,6039.11,3549.16,29390.53,417238.95,34253.39,5535.09,65.29,15.8,99.043,7655.71,99.66,78671.7734,1804.9,3.882,4.928,5.326,2026-09-01,260485,32361,228124,61450,326168,-264718
2026-09-11T17:55:08.950041+00:00,17695.0,18069.0,176958.0,179862.0,4362.86,4362.7,4363.03,True,1.2675,1.267085,1.2679,True,177.79,177790.24,-832.24,-0.47,-2904.0,-1.64,False,179.68,176.96,1.51,4341.29,4382.81,4314.35,68.46,179322.0,180555.0,177503.0,3052.0,179.14,180.37,177.32,3.05,4381.42,4337.14,4292.86,2.0419,4337.14,4368.26,4407.27,4355.09,4351.38,4352.16,4361.11,4376.9,2.93,0.6238,-1.1873,0.7905,0.4858,0,0,1,1,1,3,DOMINANT,3755.28,3227.39,672972.18,6084.98,6031.5,3544.69,29353.5,416713.39,34210.25,5528.12,65.0,15.64,99.1,7671.9902,99.94,77478.0938,1798.1,3.91,4.949,5.339,2026-09-01,260485,32361,228124,61450,326168,-264718
2026-09-11T17:56:53.278579+00:00,17695.0,18069.0,176958.0,179862.0,4361.22,4362.12,4360.325,True,1.2675,1.267085,1.2679,True,177.72,177723.3,-765.3,-0.43,-2904.0,-1.64,False,179.68,176.96,1.51,4341.29,4382.81,4314.35,68.46,179322.0,180555.0,177503.0,3052.0,179.14,180.37,177.32,3.05,4384.04,4339.46,4294.88,2.0546,4339.46,4367.1,4406.72,4356.29,4352.48,4352.95,4361.18,4376.62,3.34,0.4969,-1.312,0.9718,0.3819,0,0,1,1,1,3,DOMINANT,3753.87,3226.18,672718.82,6082.68,6029.23,3543.36,29342.45,416556.51,34197.37,5526.04,65.01,15.64,99.101,7671.5,99.86,77489.6016,1797.2,3.91,4.95,5.343,2026-09-01,260485,32361,228124,61450,326168,-264718
2026-09-11T18:22:16.809999+00:00,17695.0,18069.0,176958.0,179862.0,4345.68,4345.96,4345.41,True,1.2675,1.267085,1.2679,True,177.09,177090.14,-132.14,-0.07,-2904.0,-1.64,False,179.68,176.96,1.51,4337.37,4382.81,4314.35,68.46,179322.0,180555.0,177503.0,3052.0,179.14,180.37,177.32,3.05,4385.9,4341.69,4297.48,2.0365,4341.69,4365.97,4406.16,4357.05,4353.31,4353.56,4361.18,4376.32,3.49,0.5499,-1.463,1.0365,0.278,0,0,1,1,1,3,DOMINANT,3740.5,3214.68,670322.16,6061.01,6007.75,3530.73,29237.92,415072.46,34075.53,5506.35,64.95,15.61,99.098,7667.0298,99.67,77145.6016,1798.1,3.913,4.959,5.346,2026-09-01,260485,32361,228124,61450,326168,-264718
2026-09-11T18:37:50.848824+00:00,17695.0,18069.0,176958.0,179862.0,4348.25,4347.18,4349.32,True,1.2675,1.267085,1.2679,True,177.19,177194.67,-236.67,-0.13,-2904.0,-1.64,False,179.68,176.96,1.51,4334.11,4382.81,4314.35,68.46,179322.0,180555.0,177503.0,3052.0,179.14,180.37,177.32,3.05,4385.76,4343.15,4300.54,1.9622,4343.15,4364.53,4405.52,4355.3,4352.58,4352.98,4360.57,4375.71,2.32,0.267,-1.7588,0.6765,-0.7208,0,0,1,1,1,3,DOMINANT,3742.7,3216.58,670717.81,6064.59,6011.29,3532.82,29255.17,415317.45,34095.65,5509.6,64.87,15.65,99.121,7667.8501,100.17,77235.3125,1796.9,3.913,4.965,5.35,2026-09-01,260485,32361,228124,61450,326168,-264718
2026-09-11T21:15:39.530724+00:00,17695.0,18069.0,176958.0,179862.0,4348.4,4348.03,4348.78,True,1.2675,1.267085,1.2679,True,177.2,177200.98,-242.98,-0.14,-2904.0,-1.64,False,179.68,176.96,1.51,4316.48,4382.81,4314.35,68.46,179322.0,180555.0,177503.0,3052.0,179.14,180.37,177.32,3.05,4385.49,4344.74,4303.99,1.8758,4344.74,4363.19,4404.87,4354.21,4352.17,4352.63,4360.09,4375.16,1.58,0.736,-1.8403,0.736,-0.6752,0,0,1,1,1,3,DOMINANT,3742.84,3216.69,670741.72,6064.81,6011.51,3532.94,29256.22,415332.26,34096.86,5509.8,65.02,15.84,99.095,7656.98,99.99,77360.7188,1801.6,3.913,4.975,5.354,2026-09-08,261007,29047,231960,54403,324677,-270274
2026-09-11T21:21:49.339065+00:00,17695.0,18069.0,176958.0,179862.0,4348.4,4348.03,4348.78,True,1.2675,1.267085,1.2679,True,177.2,177200.98,-242.98,-0.14,-2904.0,-1.64,False,179.68,176.96,1.51,4316.48,4382.81,4314.35,68.46,179322.0,180555.0,177503.0,3052.0,179.14,180.37,177.32,3.05,4384.6,4346.44,4308.28,1.7559,4346.44,4362.01,4404.21,4353.32,4351.81,4352.32,4359.63,4374.63,1.0,0.7395,-1.8369,0.7395,-0.8372,0,0,1,1,1,3,DOMINANT,3742.84,3216.69,670741.72,6064.81,6011.51,3532.94,29256.22,415332.26,34096.86,5509.8,65.02,15.84,99.095,7656.98,99.99,77388.0703,1801.6,3.913,4.975,5.354,2026-09-08,261007,29047,231960,54403,324677,-270274
2026-09-11T21:40:04.571409+00:00,17695.0,18069.0,176958.0,179862.0,4348.4,4348.03,4348.78,True,1.2675,1.267085,1.2679,True,177.2,177200.98,-242.98,-0.14,-2904.0,-1.64,True,179.68,176.96,1.51,4316.48,4382.81,4314.35,68.46,179322.0,180555.0,177503.0,3052.0,179.14,180.37,177.32,3.05,4383.54,4348.03,4312.52,1.6334,4348.03,4360.95,4403.57,4352.56,4351.49,4352.03,4359.19,4374.12,0.53,0.7395,-1.8369,0.7892,-0.8039,0,0,1,1,1,3,DOMINANT,3742.84,3216.69,670741.72,6064.81,6011.51,3532.94,29256.22,415332.26,34096.86,5509.8,65.02,15.84,99.095,7656.98,99.99,77381.9922,1801.6,3.913,4.975,5.354,2026-09-08,261007,29047,231960,54403,324677,-270274
2026-09-11T21:45:27.421164+00:00,17695.0,18069.0,176958.0,179862.0,4348.4,4348.03,4348.78,True,1.2675,1.267085,1.2679,True,177.2,177200.98,-242.98,-0.14,-2904.0,-1.64,True,179.68,176.96,1.51,4316.48,4382.81,4314.35,68.46,179322.0,180555.0,177503.0,3052.0,179.14,180.37,177.32,3.05,4382.88,4349.27,4315.66,1.5455,4349.27,4359.88,4402.94,4351.92,4351.19,4351.76,4358.77,4373.61,0.16,0.7395,-1.8369,0.7334,-1.1228,0,0,1,1,1,3,DOMINANT,3742.84,3216.69,670741.72,6064.81,6011.51,3532.94,29256.22,415332.26,34096.86,5509.8,65.02,15.84,99.095,7656.98,99.99,77340.6094,1801.6,3.913,4.975,5.354,2026-09-08,261007,29047,231960,54403,324677,-270274
2026-09-11T23:30:56.741846+00:00,17695.0,18069.0,176958.0,179862.0,4348.4,4348.03,4348.78,True,1.2675,1.267085,1.2679,True,177.2,177200.98,-242.98,-0.14,-2904.0,-1.64,True,179.68,176.96,1.51,4314.35,4382.81,4314.35,68.46,179322.0,180555.0,177503.0,3052.0,179.14,180.37,177.32,3.05,4381.62,4350.6,4319.58,1.426,4350.6,4358.82,4402.34,4351.38,4350.93,4351.51,4358.36,4373.11,-0.13,0.7892,-1.8369,0.5727,-1.043,0,0,1,1,1,3,DOMINANT,3742.84,3216.69,670741.72,6064.81,6011.51,3532.94,29256.22,415332.26,34096.86,5509.8,65.02,15.84,99.095,7656.98,99.99,77189.1562,1801.6,3.913,4.975,5.354,2026-09-08,261007,29047,231960,54403,324677,-270274
2026-09-11T23:34:06.496842+00:00,17695.0,18069.0,176958.0,179862.0,4348.4,4348.03,4348.78,True,1.2675,1.267085,1.2679,True,177.2,177200.98,-242.98,-0.14,-2904.0,-1.64,True,179.68,176.96,1.51,4314.35,4382.81,4314.35,68.46,179322.0,180555.0,177503.0,3052.0,179.14,180.37,177.32,3.05,4380.41,4351.77,4323.13,1.3162,4351.77,4357.75,4401.71,4350.92,4350.69,4351.28,4357.97,4372.62,-0.36,0.7892,-1.8369,0.6169,-0.9693,0,0,0,1,1,2,EMERGING,3742.84,3216.69,670741.72,6064.81,6011.51,3532.94,29256.22,415332.26,34096.86,5509.8,65.02,15.84,99.095,7656.98,99.99,77184.8281,1801.6,3.913,4.975,5.354,2026-09-08,261007,29047,231960,54403,324677,-270274
2026-09-12T00:06:07.315528+00:00,17695.0,18069.0,176958.0,179862.0,4348.4,4348.03,4348.78,True,1.2675,1.267085,1.2679,True,177.2,177200.98,-242.98,-0.14,-2904.0,-1.64,True,179.68,176.96,1.51,4316.74,4382.81,4316.74,66.07,177503.0,180555.0,177503.0,3052.0,177.32,180.37,177.32,3.05,4379.77,4352.58,4325.39,1.2494,4352.58,4356.8,4401.1,4350.53,4350.47,4351.07,4357.59,4372.14,-0.54,0.7334,-1.8369,0.5403,-1.0092,0,0,0,1,1,2,EMERGING,3742.84,3216.69,670741.72,6064.81,6011.51,3532.94,29256.22,415332.26,34096.86,5509.8,65.02,15.84,99.095,7656.98,99.99,77260.1562,1801.6,3.913,4.975,5.354,2026-09-08,261007,29047,231960,54403,324677,-270274
2026-09-12T00:21:22.800907+00:00,17695.0,18069.0,176958.0,179862.0,4348.4,4348.03,4348.78,True,1.2675,1.267085,1.2679,True,177.2,177200.98,-242.98,-0.14,-2904.0,-1.64,True,179.68,176.96,1.51,4323.64,4382.81,4321.74,61.07,177748.0,180555.0,177627.0,2928.0,177.57,180.37,177.45,2.92,4378.89,4353.41,4327.93,1.1706,4353.41,4355.97,4400.5,4350.21,4350.27,4350.87,4357.23,4371.67,-0.66,0.5727,-1.8369,0.3742,-1.4835,0,0,0,1,1,2,EMERGING,3742.84,3216.69,670741.72,6064.81,6011.51,3532.94,29256.22,415332.26,34096.86,5509.8,65.02,15.84,99.095,7656.98,99.99,77273.3672,1801.6,3.913,4.975,5.354,2026-09-08,261007,29047,231960,54403,324677,-270274
2026-09-12T01:31:02.541027+00:00,17695.0,18069.0,176958.0,179862.0,4348.4,4348.03,4348.78,True,1.2675,1.267129,1.2679,True,177.2,177204.06,-246.06,-0.14,-2904.0,-1.64,True,179.68,176.96,1.51,4325.03,4382.81,4325.03,57.78,177627.0,180555.0,177627.0,2928.0,177.45,180.37,177.45,2.92,4378.02,4354.14,4330.26,1.0969,4354.14,4355.0,4399.92,4349.93,4350.09,4350.69,4356.89,4371.21,-0.76,0.5403,-1.8369,0.3823,-1.7104,0,0,0,1,1,2,EMERGING,3748.41,3215.72,668609.01,6064.77,6027.38,3548.55,29244.39,415715.19,34102.19,5509.99,65.02,15.84,99.095,7656.98,99.99,77299.5,1801.6,3.913,4.975,5.354,2026-09-08,261007,29047,231960,54403,324677,-270274
2026-09-12T01:37:12.596001+00:00,17695.0,18069.0,176958.0,179862.0,4348.4,4348.03,4348.78,True,1.2675,1.267129,1.2679,True,177.2,177204.06,-246.06,-0.14,-2904.0,-1.64,True,179.68,176.96,1.51,4325.03,4382.81,4325.03,57.78,177627.0,180555.0,177627.0,2928.0,177.45,180.37,177.45,2.92,4377.88,4354.41,4330.94,1.078,4354.41,4354.11,4399.33,4349.69,4349.93,4350.52,4356.55,4370.76,-0.83,0.5403,-1.8369,0.3401,-1.6148,0,0,0,1,1,2,EMERGING,3748.41,3215.72,668609.01,6064.77,6027.38,3548.55,29244.39,415715.19,34102.19,5509.99,65.02,15.84,99.095,7656.98,99.99,77304.2031,1801.6,3.913,4.975,5.354,2026-09-08,261007,29047,231960,54403,324677,-270274
2026-09-12T04:26:35.511735+00:00,17695.0,18069.0,176958.0,179862.0,4348.4,4348.03,4348.78,True,1.2675,1.267129,1.2679,True,177.2,177204.06,-246.06,-0.14,-2904.0,-1.64,True,179.68,176.96,1.51,4332.19,4382.81,4331.84,50.97,177965.0,180555.0,177965.0,2590.0,177.78,180.37,177.78,2.59,4377.72,4354.68,4331.64,1.0582,4354.68,4352.92,4398.73,4349.49,4349.79,4350.36,4356.23,4370.31,-0.87,0.3742,-1.8369,0.125,-1.6417,0,0,0,1,1,2,EMERGING,3748.41,3215.72,668609.01,6064.77,6027.38,3548.55,29244.39,415715.19,34102.19,5509.99,64.554,15.84,99.12,7656.98,100.05,77218.7422,1793.5,3.913,4.975,5.354,2026-09-08,261007,29047,231960,54403,324677,-270274
2026-09-12T04:44:41.489609+00:00,17695.0,18069.0,176958.0,179862.0,4348.4,4348.03,4348.78,True,1.2675,1.267129,1.2679,True,177.2,177204.06,-246.06,-0.14,-2904.0,-1.64,True,179.68,176.96,1.51,4332.19,4382.81,4331.84,50.97,177965.0,180555.0,177965.0,2590.0,177.78,180.37,177.78,2.59,4377.62,4354.87,4332.12,1.0448,4354.87,4351.61,4398.13,4349.33,4349.65,4350.21,4355.93,4369.88,-0.88,0.3742,-1.8369,0.1232,-1.5685,0,0,0,1,1,2,EMERGING,3748.41,3215.72,668609.01,6064.77,6027.38,3548.55,29244.39,415715.19,34102.19,5509.99,64.554,15.84,99.12,7656.98,100.05,77241.5938,1793.5,3.913,4.975,5.354,2026-09-08,261007,29047,231960,54403,324677,-270274
2026-09-12T06:28:20.921115+00:00,17695.0,18069.0,176958.0,179862.0,4348.05,4347.32,4348.78,True,1.2675,1.267129,1.2679,True,177.19,177189.59,-231.59,-0.13,-2904.0,-1.64,False,179.68,176.96,1.51,4342.97,4382.81,4342.97,39.84,178700.0,180555.0,178700.0,1855.0,178.52,180.37,178.52,1.85,4377.61,4354.91,4332.21,1.0425,4354.91,4350.37,4397.75,4349.18,4349.53,4350.08,4355.63,4369.45,-0.9,0.125,-1.8167,0.0875,-1.5631,0,0,0,1,1,2,EMERGING,3748.1,3215.46,668554.43,6064.28,6026.88,3548.26,29242.0,415681.25,34099.41,5509.54,64.554,15.84,99.12,7656.98,100.05,77227.0703,1793.5,3.913,4.975,5.354,2026-09-08,261007,29047,231960,54403,324677,-270274
2026-09-12T06:33:00.828272+00:00,17695.0,18069.0,176958.0,179862.0,4348.05,4347.32,4348.78,True,1.2675,1.267129,1.2679,True,177.19,177189.59,-231.59,-0.13,-2904.0,-1.64,False,179.68,176.96,1.51,4342.97,4382.81,4342.97,39.84,178700.0,180555.0,178700.0,1855.0,178.52,180.37,178.52,1.85,4371.84,4353.17,4334.5,0.8578,4353.17,4349.05,4397.33,4349.01,4349.39,4349.93,4355.33,4369.03,-0.92,0.117,-1.8246,0.0106,-1.5251,0,0,0,1,1,2,EMERGING,3748.1,3215.46,668554.43,6064.28,6026.88,3548.26,29242.0,415681.25,34099.41,5509.54,64.554,15.84,99.12,7656.98,100.05,77271.2969,1793.5,3.913,4.975,5.354,2026-09-08,261007,29047,231960,54403,324677,-270274
2026-09-12T09:10:48.148491+00:00,17695.0,18069.0,176958.0,179862.0,4348.05,4347.32,4348.78,True,1.2675,1.267129,1.2679,True,177.19,177189.59,-231.59,-0.13,-2904.0,-1.64,True,179.68,176.96,1.51,4342.97,4382.81,4342.97,39.84,178700.0,180555.0,178700.0,1855.0,178.52,180.37,178.52,1.85,4367.1,4351.77,4336.44,0.7045,4351.77,4347.65,4396.88,4348.86,4349.27,4349.79,4355.05,4368.61,-0.93,0.117,-1.8246,-0.7931,-1.3432,0,0,0,0,1,1,NO_TREND,3748.1,3215.46,668554.43,6064.28,6026.88,3548.26,29242.0,415681.25,34099.41,5509.54,64.554,15.84,99.12,7656.98,100.05,77328.0469,1793.5,3.913,4.975,5.354,2026-09-08,261007,29047,231960,54403,324677,-270274
2026-09-12T09:25:11.403945+00:00,17695.0,18069.0,176958.0,179862.0,4348.05,4347.32,4348.78,True,1.2675,1.267129,1.2679,True,177.19,177189.59,-231.59,-0.13,-2904.0,-1.64,True,179.68,176.96,1.51,4342.97,4382.81,4342.97,39.84,178700.0,180555.0,178700.0,1855.0,178.52,180.37,178.52,1.85,4362.59,4350.57,4338.55,0.5526,4350.57,4346.78,4396.44,4348.74,4349.15,4349.66,4354.77,4368.21,-0.92,0.117,-1.8246,-0.641,-1.2184,0,0,0,0,1,1,NO_TREND,3748.1,3215.46,668554.43,6064.28,6026.88,3548.26,29242.0,415681.25,34099.41,5509.54,64.554,15.84,99.12,7656.98,100.05,77360.8984,1793.5,3.913,4.975,5.354,2026-09-08,261007,29047,231960,54403,324677,-270274
2026-09-12T11:14:09.376229+00:00,,,,,4348.05,4347.32,4348.78,True,1.2675,1.267129,1.2679,True,177.19,177189.59,,,,,True,,,,4382.81,4382.81,4345.68,37.13,180555.0,180555.0,179862.0,693.0,180.37,180.37,179.68,0.69,4358.19,4349.55,4340.91,0.3973,4349.55,4345.84,4396.08,4348.63,4349.04,4349.54,4354.51,4367.81,-0.91,-0.7931,-1.8246,-0.5512,-1.2184,0,0,0,0,1,1,NO_TREND,3748.1,3215.46,668554.43,6064.28,6026.88,3548.26,29242.0,415681.25,34099.41,5509.54,64.554,15.84,99.12,7656.98,100.05,77303.0234,1793.5,3.913,4.975,5.354,2026-09-08,261007,29047,231960,54403,324677,-270274
2026-09-12T11:18:49.570821+00:00,,,,,4348.05,4347.32,4348.78,True,1.2675,1.267129,1.2679,True,177.19,177189.59,,,,,True,,,,4382.81,4382.81,4345.68,37.13,180555.0,180555.0,179862.0,693.0,180.37,180.37,179.68,0.69,4354.78,4348.81,4342.84,0.2746,4348.81,4344.94,4395.72,4348.54,4348.95,4349.43,4354.26,4367.42,-0.89,-0.7931,-1.8246,-0.4652,-1.2184,0,0,1,0,1,2,EMERGING,3748.1,3215.46,668554.43,6064.28,6026.88,3548.26,29242.0,415681.25,34099.41,5509.54,64.554,15.84,99.12,7656.98,100.05,77280.0,1793.5,3.913,4.975,5.354,2026-09-08,261007,29047,231960,54403,324677,-270274
2026-09-12T13:31:19.533468+00:00,17695.0,18069.0,176958.0,179862.0,4348.05,4347.32,4348.78,True,1.2675,1.267129,1.2679,True,177.19,177189.59,-231.59,-0.13,-2904.0,-1.64,True,179.68,176.96,1.51,4382.81,4382.81,4345.68,37.13,180555.0,180555.0,179862.0,693.0,180.37,180.37,179.68,0.69,4349.36,4348.15,4346.94,0.0557,4348.15,4344.36,4395.33,4348.47,4348.86,4349.33,4354.01,4367.03,-0.86,-0.7931,-1.8246,-0.3395,-1.2184,0,0,1,0,1,2,EMERGING,3748.1,3215.46,668554.43,6064.28,6026.88,3548.26,29242.0,415681.25,34099.41,5509.54,64.554,15.84,99.12,7656.98,100.05,77284.8438,1793.5,3.913,4.975,5.354,2026-09-08,261007,29047,231960,54403,324677,-270274
2026-09-12T13:37:46.089896+00:00,17695.0,18069.0,176958.0,179862.0,4348.05,4347.32,4348.78,True,1.2675,1.267129,1.2679,True,177.19,177189.59,-231.59,-0.13,-2904.0,-1.64,True,179.68,176.96,1.51,4382.81,4382.81,4345.68,37.13,180555.0,180555.0,179862.0,693.0,180.37,180.37,179.68,0.69,4348.61,4348.27,4347.93,0.0156,4348.27,4344.11,4394.95,4348.4,4348.79,4349.23,4353.78,4366.66,-0.83,-0.7931,-1.8246,-0.302,-1.0876,0,0,1,0,1,2,EMERGING,3748.1,3215.46,668554.43,6064.28,6026.88,3548.26,29242.0,415681.25,34099.41,5509.54,64.554,15.84,99.12,7656.98,100.05,77283.8828,1793.5,3.913,4.975,5.354,2026-09-08,261007,29047,231960,54403,324677,-270274
2026-09-12T14:20:58.351491+00:00,17695.0,18069.0,176958.0,179862.0,4348.05,4347.32,4348.78,True,1.2675,1.267129,1.2679,True,177.19,177189.59,-231.59,-0.13,-2904.0,-1.64,True,179.68,176.96,1.51,4376.1,4376.1,4345.68,30.42,180555.0,180555.0,179862.0,693.0,180.37,180.37,179.68,0.69,4348.61,4348.26,4347.91,0.0161,4348.26,4343.72,4394.52,4348.35,4348.72,4349.15,4353.56,4366.29,-0.8,-0.641,-1.8246,0.0545,-0.9536,0,0,1,1,1,3,DOMINANT,3748.1,3215.46,668554.43,6064.28,6026.88,3548.26,29242.0,415681.25,34099.41,5509.54,64.554,15.84,99.12,7656.98,100.05,77370.9766,1793.5,3.913,4.975,5.354,2026-09-08,261007,29047,231960,54403,324677,-270274
2026-09-12T14:24:53.299113+00:00,17695.0,18069.0,176958.0,179862.0,4348.05,4347.32,4348.78,True,1.2671,1.267129,No Data,False,177.14,177135.7,-177.7,-0.1,-2904.0,-1.64,True,179.68,176.96,1.51,4376.1,4376.1,4345.68,30.42,180555.0,180555.0,179862.0,693.0,180.37,180.37,179.68,0.69,4348.6,4348.24,4347.88,0.0166,4348.24,4343.35,4394.11,4348.3,4348.65,4349.07,4353.34,4365.93,-0.77,-0.641,-1.8246,-0.0046,-1.111,0,0,1,0,1,2,EMERGING,3748.1,3215.46,668554.43,6064.28,6026.88,3548.26,29242.0,415681.25,34099.41,5509.54,64.554,15.84,99.12,7656.98,100.05,77369.9922,1793.5,3.913,4.975,5.354,2026-09-08,261007,29047,231960,54403,324677,-270274
2026-09-12T16:56:04.679998+00:00,17695.0,18069.0,176958.0,179862.0,4348.05,4347.32,4348.78,True,1.2675,1.267129,1.2679,True,177.19,177189.59,-231.59,-0.13,-2904.0,-1.64,True,179.68,176.96,1.51,4362.86,4362.86,4345.68,17.18,179862.0,179862.0,179862.0,0.0,179.68,179.68,179.68,0.0,4348.59,4348.23,4347.87,0.0166,4348.23,4343.11,4393.7,4348.26,4348.6,4348.99,4353.13,4365.57,-0.73,-0.3395,-1.8246,-0.008,-1.0203,0,0,1,0,1,2,EMERGING,3748.1,3215.46,668554.43,6064.28,6026.88,3548.26,29242.0,415681.25,34099.41,5509.54,64.554,15.84,99.12,7656.98,100.05,77333.5781,1793.5,3.913,4.975,5.354,2026-09-08,261007,29047,231960,54403,324677,-270274
2026-09-12T17:14:23.990267+00:00,17695.0,18069.0,176958.0,179862.0,4348.05,4347.32,4348.78,True,1.2675,1.267129,1.2679,True,177.19,177189.59,-231.59,-0.13,-2904.0,-1.64,True,179.68,176.96,1.51,4362.86,4362.86,4345.68,17.18,179862.0,179862.0,179862.0,0.0,179.68,179.68,179.68,0.0,4348.57,4348.21,4347.85,0.0166,4348.21,4343.25,4393.29,4348.23,4348.54,4348.92,4352.93,4365.23,-0.69,-0.3395,-1.8246,-0.008,-1.36,0,0,1,0,1,2,EMERGING,3748.1,3215.46,668554.43,6064.28,6026.88,3548.26,29242.0,415681.25,34099.41,5509.54,64.554,15.84,99.12,7656.98,100.05,77336.7734,1793.5,3.913,4.975,5.354,2026-09-08,261007,29047,231960,54403,324677,-270274
2026-09-12T17:25:34.066284+00:00,17695.0,18069.0,176958.0,179862.0,4348.05,4347.32,4348.78,True,1.2675,1.267129,1.2679,True,177.19,177189.59,-231.59,-0.13,-2904.0,-1.64,True,179.68,176.96,1.51,4362.86,4362.86,4345.68,17.18,179862.0,179862.0,179862.0,0.0,179.68,179.68,179.68,0.0,4348.54,4348.19,4347.84,0.0161,4348.19,4343.46,4392.88,4348.2,4348.5,4348.86,4352.74,4364.89,-0.66,-0.3395,-1.8246,-0.008,-1.4966,0,0,1,0,1,2,EMERGING,3748.1,3215.46,668554.43,6064.28,6026.88,3548.26,29242.0,415681.25,34099.41,5509.54,64.554,15.84,99.12,7656.98,100.05,77279.6797,1793.5,3.913,4.975,5.354,2026-09-08,261007,29047,231960,54403,324677,-270274
2026-09-12T17:27:29.782451+00:00,17695.0,18069.0,176958.0,179862.0,4348.05,4347.32,4348.78,True,1.2675,1.267129,1.2679,True,177.19,177189.59,-231.59,-0.13,-2904.0,-1.64,True,179.68,176.96,1.51,4362.86,4362.86,4345.68,17.18,179862.0,179862.0,179862.0,0.0,179.68,179.68,179.68,0.0,4348.51,4348.17,4347.83,0.0156,4348.17,4343.74,4392.48,4348.18,4348.45,4348.8,4352.56,4364.55,-0.62,-0.3395,-1.8246,-0.008,-1.4101,0,0,1,0,1,2,EMERGING,3748.1,3215.46,668554.43,6064.28,6026.88,3548.26,29242.0,415681.25,34099.41,5509.54,64.554,15.84,99.12,7656.98,100.05,77279.0938,1793.5,3.913,4.975,5.354,2026-09-08,261007,29047,231960,54403,324677,-270274
2026-09-12T19:08:46.090585+00:00,17695.0,18069.0,176958.0,179862.0,4348.05,4347.32,4348.78,True,1.2675,1.267129,1.2679,True,177.19,177189.59,-231.59,-0.13,-2904.0,-1.64,True,179.68,176.96,1.51,4348.4,4348.4,4348.05,0.35,179862.0,179862.0,179862.0,0.0,179.68,179.68,179.68,0.0,4348.49,4348.16,4347.83,0.0152,4348.16,4344.29,4392.07,4348.16,4348.42,4348.74,4352.38,4364.23,-0.58,-0.008,-1.8246,-0.008,-1.4919,0,0,1,0,1,2,EMERGING,3748.1,3215.46,668554.43,6064.28,6026.88,3548.26,29242.0,415681.25,34099.41,5509.54,64.554,15.84,99.12,7656.98,100.05,77118.0234,1793.5,3.913,4.975,5.354,2026-09-08,261007,29047,231960,54403,324677,-270274
2026-09-12T19:25:24.416626+00:00,17695.0,18069.0,176958.0,179862.0,4348.05,4347.32,4348.78,True,1.2675,1.267129,1.2679,True,177.19,177189.59,-231.59,-0.13,-2904.0,-1.64,True,179.68,176.96,1.51,4348.4,4348.4,4348.05,0.35,179862.0,179862.0,179862.0,0.0,179.68,179.68,179.68,0.0,4348.45,4348.14,4347.83,0.0143,4348.14,4344.92,4391.66,4348.14,4348.38,4348.69,4352.21,4363.91,-0.55,-0.008,-1.8246,-0.008,-1.5849,0,0,1,0,1,2,EMERGING,3748.1,3215.46,668554.43,6064.28,6026.88,3548.26,29242.0,415681.25,34099.41,5509.54,64.554,15.84,99.12,7656.98,100.05,77125.5625,1793.5,3.913,4.975,5.354,2026-09-08,261007,29047,231960,54403,324677,-270274
2026-09-12T19:37:32.974048+00:00,17695.0,18069.0,176958.0,179862.0,4348.05,4347.32,4348.78,True,1.2675,1.267129,1.2679,True,177.19,177189.59,-231.59,-0.13,-2904.0,-1.64,True,179.68,176.96,1.51,4348.4,4348.4,4348.05,0.35,179862.0,179862.0,179862.0,0.0,179.68,179.68,179.68,0.0,4348.41,4348.12,4347.83,0.0133,4348.12,4345.55,4391.25,4348.13,4348.35,4348.64,4352.05,4363.59,-0.51,-0.008,-1.8246,-0.008,-0.9955,0,0,1,0,1,2,EMERGING,3748.1,3215.46,668554.43,6064.28,6026.88,3548.26,29242.0,415681.25,34099.41,5509.54,64.554,15.84,99.12,7656.98,100.05,77096.4609,1793.5,3.913,4.975,5.354,2026-09-08,261007,29047,231960,54403,324677,-270274
2026-09-12T19:40:37.400744+00:00,17695.0,18069.0,176958.0,179862.0,4348.05,4347.32,4348.78,True,1.2675,1.267129,1.2679,True,177.19,177189.59,-231.59,-0.13,-2904.0,-1.64,True,179.68,176.96,1.51,4348.4,4348.4,4348.05,0.35,179862.0,179862.0,179862.0,0.0,179.68,179.68,179.68,0.0,4348.36,4348.1,4347.84,0.012,4348.1,4346.18,4390.84,4348.12,4348.32,4348.6,4351.89,4363.28,-0.48,-0.008,-1.8246,-0.008,-1.0624,0,0,1,0,1,2,EMERGING,3748.1,3215.46,668554.43,6064.28,6026.88,3548.26,29242.0,415681.25,34099.41,5509.54,64.554,15.84,99.12,7656.98,100.05,77086.7891,1793.5,3.913,4.975,5.354,2026-09-08,261007,29047,231960,54403,324677,-270274
2026-09-12T21:42:44.383126+00:00,17695.0,18069.0,176958.0,179862.0,4348.05,4347.32,4348.78,True,1.2675,1.267129,1.2679,True,177.19,177189.59,-231.59,-0.13,-2904.0,-1.64,True,179.68,176.96,1.51,4348.4,4348.4,4348.05,0.35,179862.0,179862.0,179862.0,0.0,179.68,179.68,179.68,0.0,4348.31,4348.09,4347.87,0.0101,4348.09,4346.81,4390.43,4348.11,4348.29,4348.56,4351.74,4362.98,-0.45,-0.008,-1.8246,-0.008,-1.0316,0,0,1,0,1,2,EMERGING,3748.1,3215.46,668554.43,6064.28,6026.88,3548.26,29242.0,415681.25,34099.41,5509.54,64.554,15.84,99.12,7656.98,100.05,77229.3672,1793.5,3.913,4.975,5.354,2026-09-08,261007,29047,231960,54403,324677,-270274
2026-09-12T22:10:12.379268+00:00,17695.0,18069.0,176958.0,179862.0,4348.05,4347.32,4348.78,True,1.2675,1.267129,1.2679,True,177.19,177189.59,-231.59,-0.13,-2904.0,-1.64,True,179.68,176.96,1.51,4348.4,4348.4,4348.05,0.35,179862.0,179862.0,179862.0,0.0,179.68,179.68,179.68,0.0,4348.23,4348.07,4347.91,0.0074,4348.07,4347.48,4390.02,4348.1,4348.27,4348.52,4351.6,4362.69,-0.42,-0.008,-1.8246,-0.008,-0.6646,0,0,1,0,1,2,EMERGING,3748.1,3215.46,668554.43,6064.28,6026.88,3548.26,29242.0,415681.25,34099.41,5509.54,64.554,15.84,99.12,7656.98,100.05,77247.6484,1793.5,3.913,4.975,5.354,2026-09-08,261007,29047,231960,54403,324677,-270274
2026-09-12T22:21:43.049777+00:00,17695.0,18069.0,176958.0,179862.0,4348.05,4347.32,4348.78,True,1.2675,1.267129,1.2679,True,177.19,177189.59,-231.59,-0.13,-2904.0,-1.64,True,179.68,176.96,1.51,4348.4,4348.4,4348.05,0.35,179862.0,179862.0,179862.0,0.0,179.68,179.68,179.68,0.0,4348.05,4348.05,4348.05,0.0,4348.05,4348.11,4389.62,4348.09,4348.25,4348.49,4351.46,4362.4,-0.4,-0.008,-1.8246,-0.008,-0.2782,0,0,1,0,1,2,EMERGING,3748.1,3215.46,668554.43,6064.28,6026.88,3548.26,29242.0,415681.25,34099.41,5509.54,64.554,15.84,99.12,7656.98,100.05,77250.8203,1793.5,3.913,4.975,5.354,2026-09-08,261007,29047,231960,54403,324677,-270274
2026-09-12T22:31:24.351866+00:00,17695.0,18069.0,176958.0,179862.0,4348.05,4347.32,4348.78,True,1.2675,1.267129,1.2679,True,177.19,177189.59,-231.59,-0.13,-2904.0,-1.64,True,179.68,176.96,1.51,4348.4,4348.4,4348.05,0.35,179862.0,179862.0,179862.0,0.0,179.68,179.68,179.68,0.0,4348.05,4348.05,4348.05,0.0,4348.05,4348.6,4389.21,4348.08,4348.23,4348.45,4351.32,4362.11,-0.37,-0.008,-1.8246,-0.008,-0.4447,0,0,1,0,1,2,EMERGING,3748.1,3215.46,668554.43,6064.28,6026.88,3548.26,29242.0,415681.25,34099.41,5509.54,64.554,15.84,99.12,7656.98,100.05,77214.3594,1793.5,3.913,4.975,5.354,2026-09-08,261007,29047,231960,54403,324677,-270274
2026-09-12T23:27:23.578742+00:00,17695.0,18069.0,176958.0,179862.0,4348.05,4347.32,4348.78,True,1.2675,1.267129,1.2679,True,177.19,177189.59,-231.59,-0.13,-2904.0,-1.64,True,179.68,176.96,1.51,4348.4,4348.4,4348.05,0.35,179862.0,179862.0,179862.0,0.0,179.68,179.68,179.68,0.0,4348.05,4348.05,4348.05,0.0,4348.05,4349.13,4388.81,4348.08,4348.21,4348.42,4351.19,4361.83,-0.34,-0.008,-1.8246,0.0,-0.4237,0,0,1,0,1,2,EMERGING,3748.1,3215.46,668554.43,6064.28,6026.88,3548.26,29242.0,415681.25,34099.41,5509.54,64.554,15.84,99.12,7656.98,100.05,77241.5234,1793.5,3.913,4.975,5.354,2026-09-08,261007,29047,231960,54403,324677,-270274
2026-09-13T00:03:30.948981+00:00,17695.0,18069.0,176958.0,179862.0,4348.05,4347.32,4348.78,True,1.2675,1.267129,1.2679,True,177.19,177189.59,-231.59,-0.13,-2904.0,-1.64,True,179.68,176.96,1.51,4348.4,4348.4,4348.05,0.35,179862.0,179862.0,179862.0,0.0,179.68,179.68,179.68,0.0,4348.05,4348.05,4348.05,0.0,4348.05,4349.59,4388.4,4348.07,4348.2,4348.4,4351.07,4361.56,-0.33,-0.008,-1.8246,0.0,-0.2757,0,0,1,0,1,2,EMERGING,3748.1,3215.46,668554.43,6064.28,6026.88,3548.26,29242.0,415681.25,34099.41,5509.54,64.554,15.84,99.12,7656.98,100.05,77273.0625,1793.5,3.913,4.975,5.354,2026-09-08,261007,29047,231960,54403,324677,-270274
2026-09-13T00:16:27.801680+00:00,17695.0,18069.0,176958.0,179862.0,4348.05,4347.32,4348.78,True,1.2675,1.267129,1.2679,True,177.19,177189.59,-231.59,-0.13,-2904.0,-1.64,True,179.68,176.96,1.51,4348.4,4348.4,4348.05,0.35,179862.0,179862.0,179862.0,0.0,179.68,179.68,179.68,0.0,4348.05,4348.05,4348.05,0.0,4348.05,4349.9,4388.0,4348.07,4348.18,4348.37,4350.95,4361.29,-0.3,-0.008,-1.8246,0.0,0.1557,0,0,1,0,0,1,NO_TREND,3748.1,3215.46,668554.43,6064.28,6026.88,3548.26,29242.0,415681.25,34099.41,5509.54,64.554,15.84,99.12,7656.98,100.05,77254.4062,1793.5,3.913,4.975,5.354,2026-09-08,261007,29047,231960,54403,324677,-270274
2026-09-13T00:48:49.600005+00:00,,,,,4348.05,4347.32,4348.78,True,1.2675,1.267105,1.2679,True,177.19,177187.91,,,,,True,,,,4348.4,4348.4,4348.05,0.35,179862.0,179862.0,179862.0,0.0,179.68,179.68,179.68,0.0,4348.05,4348.05,4348.05,0.0,4348.05,4350.23,4387.6,4348.07,4348.17,4348.35,4350.84,4361.03,-0.28,-0.008,-1.8246,0.0,0.2462,0,0,1,0,0,1,NO_TREND,3747.31,3215.16,668720.73,6066.3,6025.37,3548.15,29266.13,415582.93,34098.48,5509.44,64.554,15.84,99.12,7656.98,100.05,77225.6719,1793.5,3.913,4.975,5.354,2026-09-08,261007,29047,231960,54403,324677,-270274
2026-09-13T01:27:52.586837+00:00,17695.0,18069.0,176958.0,179862.0,4348.05,4347.32,4348.78,True,1.2675,1.267105,1.2679,True,177.19,177187.91,-229.91,-0.13,-2904.0,-1.64,True,179.68,176.96,1.51,4348.4,4348.4,4348.05,0.35,179862.0,179862.0,179862.0,0.0,179.68,179.68,179.68,0.0,4348.05,4348.05,4348.05,0.0,4348.05,4350.51,4387.19,4348.06,4348.16,4348.32,4350.73,4360.77,-0.26,-0.008,-1.8246,0.0,0.3216,0,0,1,0,0,1,NO_TREND,3747.31,3215.16,668720.73,6066.3,6025.37,3548.15,29266.13,415582.93,34098.48,5509.44,64.554,15.84,99.12,7656.98,100.05,77280.2188,1793.5,3.913,4.975,5.354,2026-09-08,261007,29047,231960,54403,324677,-270274
2026-09-13T04:54:43.207268+00:00,17695.0,18069.0,176958.0,179862.0,4348.05,4347.32,4348.78,True,1.2675,1.267105,1.2679,True,177.19,177187.91,-229.91,-0.13,-2904.0,-1.64,True,179.68,176.96,1.51,4348.05,4348.05,4348.05,0.0,179862.0,179862.0,179862.0,0.0,179.68,179.68,179.68,0.0,4348.05,4348.05,4348.05,0.0,4348.05,4350.62,4386.79,4348.06,4348.15,4348.3,4350.62,4360.52,-0.24,0.0,-1.8246,0.0,0.629,0,0,1,0,0,1,NO_TREND,3747.31,3215.16,668720.73,6066.3,6025.37,3548.15,29266.13,415582.93,34098.48,5509.44,65.188,15.84,99.095,7656.98,100.05,77197.9297,1797.6,3.913,4.975,5.354,2026-09-08,261007,29047,231960,54403,324677,-270274
2026-09-13T05:20:04.164151+00:00,17695.0,18069.0,176958.0,179862.0,4348.05,4347.32,4348.78,True,1.2675,1.267105,1.2679,True,177.19,177187.91,-229.91,-0.13,-2904.0,-1.64,True,179.68,176.96,1.51,4348.05,4348.05,4348.05,0.0,179862.0,179862.0,179862.0,0.0,179.68,179.68,179.68,0.0,4348.05,4348.05,4348.05,0.0,4348.05,4350.72,4386.38,4348.06,4348.14,4348.29,4350.52,4360.28,-0.23,0.0,-1.8246,0.0,0.7314,0,0,1,0,0,1,NO_TREND,3747.31,3215.16,668720.73,6066.3,6025.37,3548.15,29266.13,415582.93,34098.48,5509.44,65.188,15.84,99.095,7656.98,100.05,77235.1484,1797.6,3.913,4.975,5.354,2026-09-08,261007,29047,231960,54403,324677,-270274
2026-09-13T05:56:21.205068+00:00,17695.0,18069.0,176958.0,179862.0,4348.05,4347.32,4348.78,True,1.2675,1.267105,1.2679,True,177.19,177187.91,-229.91,-0.13,-2904.0,-1.64,True,179.68,176.96,1.51,4348.05,4348.05,4348.05,0.0,179862.0,179862.0,179862.0,0.0,179.68,179.68,179.68,0.0,4348.05,4348.05,4348.05,0.0,4348.05,4350.79,4385.98,4348.06,4348.13,4348.27,4350.43,4360.03,-0.21,0.0,-1.8246,0.0,0.7314,0,0,1,0,0,1,NO_TREND,3747.31,3215.16,668720.73,6066.3,6025.37,3548.15,29266.13,415582.93,34098.48,5509.44,65.188,15.84,99.095,7656.98,100.05,77299.0,1797.6,3.913,4.975,5.354,2026-09-08,261007,29047,231960,54403,324677,-270274
2026-09-13T06:48:35.652176+00:00,17695.0,18069.0,176958.0,179862.0,4348.05,4347.32,4348.78,True,1.2675,1.267105,1.2679,True,177.19,177187.91,-229.91,-0.13,-2904.0,-1.64,True,179.68,176.96,1.51,4348.05,4348.05,4348.05,0.0,179862.0,179862.0,179862.0,0.0,179.68,179.68,179.68,0.0,4348.05,4348.05,4348.05,0.0,4348.05,4350.79,4385.58,4348.06,4348.12,4348.25,4350.33,4359.8,-0.19,0.0,-1.8246,0.0,0.7314,0,0,1,0,0,1,NO_TREND,3747.31,3215.16,668720.73,6066.3,6025.37,3548.15,29266.13,415582.93,34098.48,5509.44,65.188,15.84,99.095,7656.98,100.05,77233.9297,1797.6,3.913,4.975,5.354,2026-09-08,261007,29047,231960,54403,324677,-270274
2026-09-13T10:20:59.202568+00:00,17695.0,18069.0,176958.0,179862.0,4348.05,4347.32,4348.78,True,1.2675,1.267105,1.2679,True,177.19,177187.91,-229.91,-0.13,-2904.0,-1.64,True,179.68,176.96,1.51,4348.05,4348.05,4348.05,0.0,179862.0,179862.0,179862.0,0.0,179.68,179.68,179.68,0.0,4348.05,4348.05,4348.05,0.0,4348.05,4350.1,4385.17,4348.06,4348.12,4348.24,4350.24,4359.56,-0.18,0.0,-1.8246,0.0,0.7314,0,0,1,0,0,1,NO_TREND,3747.31,3215.16,668720.73,6066.3,6025.37,3548.15,29266.13,415582.93,34098.48,5509.44,65.188,15.84,99.095,7656.98,100.05,76727.2266,1797.6,3.913,4.975,5.354,2026-09-08,261007,29047,231960,54403,324677,-270274
2026-09-13T10:35:48.174085+00:00,17695.0,18069.0,176958.0,179862.0,4348.05,4347.32,4348.78,True,1.2675,1.267105,1.2679,True,177.19,177187.91,-229.91,-0.13,-2904.0,-1.64,True,179.68,176.96,1.51,4348.05,4348.05,4348.05,0.0,179862.0,179862.0,179862.0,0.0,179.68,179.68,179.68,0.0,4348.05,4348.05,4348.05,0.0,4348.05,4349.54,4384.77,4348.06,4348.11,4348.22,4350.16,4359.34,-0.16,0.0,-1.8246,0.0,0.7811,0,0,1,0,0,1,NO_TREND,3747.31,3215.16,668720.73,6066.3,6025.37,3548.15,29266.13,415582.93,34098.48,5509.44,65.188,15.84,99.095,7656.98,100.05,76774.3984,1797.6,3.913,4.975,5.354,2026-09-08,261007,29047,231960,54403,324677,-270274
2026-09-13T11:38:56.411431+00:00,17695.0,18069.0,176958.0,179862.0,4348.05,4347.32,4348.78,True,1.2675,1.267105,1.2679,True,177.19,177187.91,-229.91,-0.13,-2904.0,-1.64,True,179.68,176.96,1.51,4348.05,4348.05,4348.05,0.0,179862.0,179862.0,179862.0,0.0,179.68,179.68,179.68,0.0,4348.05,4348.05,4348.05,0.0,4348.05,4349.06,4384.36,4348.05,4348.1,4348.21,4350.07,4359.11,-0.16,0.0,-1.8246,0.0,0.7253,0,0,1,0,0,1,NO_TREND,3747.31,3215.16,668720.73,6066.3,6025.37,3548.15,29266.13,415582.93,34098.48,5509.44,65.188,15.84,99.095,7656.98,100.05,76727.6484,1797.6,3.913,4.975,5.354,2026-09-08,261007,29047,231960,54403,324677,-270274
2026-09-13T12:20:35.570435+00:00,17695.0,18069.0,176958.0,179862.0,4348.05,4347.32,4348.78,True,1.2675,1.267105,1.2679,True,177.19,177187.91,-229.91,-0.13,-2904.0,-1.64,True,179.68,176.96,1.51,4348.05,4348.05,4348.05,0.0,179862.0,179862.0,179862.0,0.0,179.68,179.68,179.68,0.0,4348.05,4348.05,4348.05,0.0,4348.05,4348.65,4383.96,4348.05,4348.1,4348.2,4350.0,4358.89,-0.15,0.0,-1.8246,0.0,0.5646,0,0,1,0,0,1,NO_TREND,3747.31,3215.16,668720.73,6066.3,6025.37,3548.15,29266.13,415582.93,34098.48,5509.44,65.188,15.84,99.095,7656.98,100.05,76806.6172,1797.6,3.913,4.975,5.354,2026-09-08,261007,29047,231960,54403,324677,-270274
2026-09-13T14:28:26.627747+00:00,17695.0,18069.0,176958.0,179862.0,4348.05,4347.32,4348.78,True,1.2675,1.267105,1.2679,True,177.19,177187.91,-229.91,-0.13,-2904.0,-1.64,True,179.68,176.96,1.51,4348.05,4348.05,4348.05,0.0,179862.0,179862.0,179862.0,0.0,179.68,179.68,179.68,0.0,4348.05,4348.05,4348.05,0.0,4348.05,4348.35,4383.56,4348.05,4348.09,4348.19,4349.92,4358.68,-0.14,0.0,-1.8246,0.0,0.6088,0,0,1,0,0,1,NO_TREND,3747.31,3215.16,668720.73,6066.3,6025.37,3548.15,29266.13,415582.93,34098.48,5509.44,65.188,15.84,99.095,7656.98,100.05,77046.2188,1797.6,3.913,4.975,5.354,2026-09-08,261007,29047,231960,54403,324677,-270274
2026-09-13T14:40:53.856677+00:00,17695.0,18069.0,176958.0,179862.0,4348.05,4347.32,4348.78,True,1.2675,1.267105,1.2679,True,177.19,177187.91,-229.91,-0.13,-2904.0,-1.64,True,179.68,176.96,1.51,4348.05,4348.05,4348.05,0.0,179862.0,179862.0,179862.0,0.0,179.68,179.68,179.68,0.0,4348.05,4348.05,4348.05,0.0,4348.05,4348.09,4383.15,4348.05,4348.09,4348.18,4349.85,4358.47,-0.13,0.0,-1.8246,0.0,0.5323,0,0,1,0,0,1,NO_TREND,3747.31,3215.16,668720.73,6066.3,6025.37,3548.15,29266.13,415582.93,34098.48,5509.44,65.188,15.84,99.095,7656.98,100.05,77134.5625,1797.6,3.913,4.975,5.354,2026-09-08,261007,29047,231960,54403,324677,-270274
2026-09-13T16:07:04.995578+00:00,17695.0,18069.0,176958.0,179862.0,4348.05,4347.32,4348.78,True,1.2675,1.267105,1.2679,True,177.19,177187.91,-229.91,-0.13,-2904.0,-1.64,True,179.68,176.96,1.51,4348.05,4348.05,4348.05,0.0,179862.0,179862.0,179862.0,0.0,179.68,179.68,179.68,0.0,4348.05,4348.05,4348.05,0.0,4348.05,4348.14,4382.75,4348.05,4348.09,4348.17,4349.78,4358.26,-0.12,0.0,-1.8246,0.0,0.3661,0,0,1,0,0,1,NO_TREND,3747.31,3215.16,668720.73,6066.3,6025.37,3548.15,29266.13,415582.93,34098.48,5509.44,65.188,15.84,99.095,7656.98,100.05,77169.9922,1797.6,3.913,4.975,5.354,2026-09-08,261007,29047,231960,54403,324677,-270274
2026-09-13T16:40:07.404572+00:00,17695.0,18069.0,176958.0,179862.0,4348.05,4347.32,4348.78,True,1.2675,1.267105,1.2679,True,177.19,177187.91,-229.91,-0.13,-2904.0,-1.64,True,179.68,176.96,1.51,4348.05,4348.05,4348.05,0.0,179862.0,179862.0,179862.0,0.0,179.68,179.68,179.68,0.0,4348.05,4348.05,4348.05,0.0,4348.05,4348.13,4382.34,4348.05,4348.08,4348.16,4349.71,4358.06,-0.11,0.0,-1.8246,0.0,0.3742,0,0,1,0,0,1,NO_TREND,3747.31,3215.16,668720.73,6066.3,6025.37,3548.15,29266.13,415582.93,34098.48,5509.44,65.188,15.84,99.095,7656.98,100.05,77234.9688,1797.6,3.913,4.975,5.354,2026-09-08,261007,29047,231960,54403,324677,-270274
2026-09-13T18:14:14.489961+00:00,17695.0,18069.0,176958.0,179862.0,4348.05,4347.32,4348.78,True,1.2675,1.267105,1.2679,True,177.19,177187.91,-229.91,-0.13,-2904.0,-1.64,True,179.68,176.96,1.51,4348.05,4348.05,4348.05,0.0,179862.0,179862.0,179862.0,0.0,179.68,179.68,179.68,0.0,4348.05,4348.05,4348.05,0.0,4348.05,4348.13,4381.94,4348.05,4348.08,4348.15,4349.64,4357.86,-0.1,0.0,-1.8246,0.0,0.3321,0,0,1,0,0,1,NO_TREND,3747.31,3215.16,668720.73,6066.3,6025.37,3548.15,29266.13,415582.93,34098.48,5509.44,65.188,15.84,99.095,7656.98,100.05,77288.1328,1797.6,3.913,4.975,5.354,2026-09-08,261007,29047,231960,54403,324677,-270274
2026-09-13T18:19:36.259783+00:00,17695.0,18069.0,176958.0,179862.0,4348.05,4347.32,4348.78,True,1.2675,1.267105,1.2679,True,177.19,177187.91,-229.91,-0.13,-2904.0,-1.64,True,179.68,176.96,1.51,4348.05,4348.05,4348.05,0.0,179862.0,179862.0,179862.0,0.0,179.68,179.68,179.68,0.0,4348.05,4348.05,4348.05,0.0,4348.05,4348.12,4381.53,4348.05,4348.08,4348.14,4349.58,4357.67,-0.09,0.0,-1.8246,0.0,0.117,0,0,1,0,0,1,NO_TREND,3747.31,3215.16,668720.73,6066.3,6025.37,3548.15,29266.13,415582.93,34098.48,5509.44,65.188,15.84,99.095,7656.98,100.05,77333.7266,1797.6,3.913,4.975,5.354,2026-09-08,261007,29047,231960,54403,324677,-270274
2026-09-13T18:45:25.216812+00:00,17695.0,18069.0,176958.0,179862.0,4348.05,4347.32,4348.78,True,1.2675,1.267105,1.2679,True,177.19,177187.91,-229.91,-0.13,-2904.0,-1.64,True,179.68,176.96,1.51,4348.05,4348.05,4348.05,0.0,179862.0,179862.0,179862.0,0.0,179.68,179.68,179.68,0.0,4348.05,4348.05,4348.05,0.0,4348.05,4348.11,4381.13,4348.05,4348.07,4348.14,4349.52,4357.48,-0.09,0.0,-1.8246,0.0,0.1151,0,0,1,0,0,1,NO_TREND,3747.31,3215.16,668720.73,6066.3,6025.37,3548.15,29266.13,415582.93,34098.48,5509.44,65.188,15.84,99.095,7656.98,100.05,77348.8984,1797.6,3.913,4.975,5.354,2026-09-08,261007,29047,231960,54403,324677,-270274
2026-09-13T19:00:14.586668+00:00,17695.0,18069.0,176958.0,179862.0,4348.05,4347.32,4348.78,True,1.2675,1.267105,1.2679,True,177.19,177187.91,-229.91,-0.13,-2904.0,-1.64,True,179.68,176.96,1.51,4348.05,4348.05,4348.05,0.0,179862.0,179862.0,179862.0,0.0,179.68,179.68,179.68,0.0,4348.05,4348.05,4348.05,0.0,4348.05,4348.11,4380.73,4348.05,4348.07,4348.13,4349.46,4357.29,-0.08,0.0,-1.8246,0.0,0.0794,0,0,1,0,0,1,NO_TREND,3747.31,3215.16,668720.73,6066.3,6025.37,3548.15,29266.13,415582.93,34098.48,5509.44,65.188,15.84,99.095,7656.98,100.05,77312.3281,1797.6,3.913,4.975,5.354,2026-09-08,261007,29047,231960,54403,324677,-270274
2026-09-13T20:54:23.068054+00:00,17695.0,18069.0,176958.0,179862.0,4348.05,4347.32,4348.78,True,1.2675,1.267105,1.2679,True,177.19,177187.91,-229.91,-0.13,-2904.0,-1.64,True,179.68,176.96,1.51,4348.05,4348.05,4348.05,0.0,179862.0,179862.0,179862.0,0.0,179.68,179.68,179.68,0.0,4348.05,4348.05,4348.05,0.0,4348.05,4348.1,4380.32,4348.05,4348.07,4348.12,4349.41,4357.11,-0.07,0.0,-1.8246,0.0,0.0106,0,0,1,0,0,1,NO_TREND,3747.31,3215.16,668720.73,6066.3,6025.37,3548.15,29266.13,415582.93,34098.48,5509.44,65.188,15.84,99.095,7656.98,100.05,77316.9219,1797.6,3.913,4.975,5.354,2026-09-08,261007,29047,231960,54403,324677,-270274
2026-09-13T21:06:47.424992+00:00,17695.0,18069.0,176958.0,179862.0,4348.05,4347.32,4348.78,True,1.2675,1.267105,1.2679,True,177.19,177187.91,-229.91,-0.13,-2904.0,-1.64,True,179.68,176.96,1.51,4348.05,4348.05,4348.05,0.0,179862.0,179862.0,179862.0,0.0,179.68,179.68,179.68,0.0,4348.05,4348.05,4348.05,0.0,4348.05,4348.09,4379.92,4348.05,4348.07,4348.12,4349.35,4356.93,-0.07,0.0,-1.8246,0.0,-0.7931,0,0,1,0,1,2,EMERGING,3747.31,3215.16,668720.73,6066.3,6025.37,3548.15,29266.13,415582.93,34098.48,5509.44,65.188,15.84,99.095,7656.98,100.05,77277.0312,1797.6,3.913,4.975,5.354,2026-09-08,261007,29047,231960,54403,324677,-270274
2026-09-13T21:23:10.712240+00:00,17695.0,18069.0,176958.0,179862.0,4348.05,4347.32,4348.78,True,1.2675,1.267105,1.2679,True,177.19,177187.91,-229.91,-0.13,-2904.0,-1.64,True,179.68,176.96,1.51,4348.05,4348.05,4348.05,0.0,179862.0,179862.0,179862.0,0.0,179.68,179.68,179.68,0.0,4348.05,4348.05,4348.05,0.0,4348.05,4348.08,4379.51,4348.05,4348.07,4348.11,4349.3,4356.75,-0.06,0.0,-1.8246,0.0,-0.641,0,0,1,0,1,2,EMERGING,3747.31,3215.16,668720.73,6066.3,6025.37,3548.15,29266.13,415582.93,34098.48,5509.44,65.188,15.84,99.095,7656.98,100.05,77399.8438,1797.6,3.913,4.975,5.354,2026-09-08,261007,29047,231960,54403,324677,-270274
2026-09-13T21:48:03.254071+00:00,17695.0,18069.0,176958.0,179862.0,4348.05,4347.32,4348.78,True,1.2675,1.267105,1.2679,True,177.19,177187.91,-229.91,-0.13,-2904.0,-1.64,True,179.68,176.96,1.51,4348.05,4348.05,4348.05,0.0,179862.0,179862.0,179862.0,0.0,179.68,179.68,179.68,0.0,4348.05,4348.05,4348.05,0.0,4348.05,4348.08,4379.11,4348.05,4348.06,4348.11,4349.25,4356.58,-0.06,0.0,-1.8377,0.0,-0.5512,0,0,1,0,1,2,EMERGING,3747.31,3215.16,668720.73,6066.3,6025.37,3548.15,29266.13,415582.93,34098.48,5509.44,65.188,15.84,99.095,7656.98,100.05,77340.2031,1797.6,3.913,4.975,5.354,2026-09-08,261007,29047,231960,54403,324677,-270274
2026-09-13T23:12:30.427965+00:00,17695.0,18069.0,176958.0,179862.0,4341.72,4341.5,4341.93,True,1.2675,1.267105,1.2679,True,176.93,176929.75,28.25,0.02,-2904.0,-1.64,False,179.68,176.96,1.51,4348.05,4348.05,4348.05,0.0,179862.0,179862.0,179862.0,0.0,179.68,179.68,179.68,0.0,4348.05,4348.05,4348.05,0.0,4348.05,4348.07,4378.71,4348.05,4348.06,4348.1,4349.21,4356.41,-0.05,0.0,-1.8377,0.0,-0.4652,0,0,1,0,1,2,EMERGING,3741.85,3210.48,667746.42,6057.47,6016.59,3542.98,29223.49,414977.43,34048.8,5501.41,64.635,15.84,99.143,7656.98,102.35,76681.0938,1796.3,3.913,4.975,5.354,2026-09-08,261007,29047,231960,54403,324677,-270274
2026-09-13T23:28:09.217558+00:00,17695.0,18069.0,176958.0,179862.0,4337.58,4337.02,4338.145,True,1.2675,1.267105,1.2679,True,176.76,176761.35,196.65,0.11,-2904.0,-1.64,False,179.68,176.96,1.51,4348.05,4348.05,4341.72,6.33,179862.0,179862.0,179862.0,0.0,179.68,179.68,179.68,0.0,4350.56,4347.73,4344.9,0.1302,4347.73,4347.94,4378.27,4347.08,4347.46,4347.63,4348.91,4356.12,-0.55,-0.1456,-1.9609,-0.1456,-0.4845,0,0,0,0,1,1,NO_TREND,3738.29,3207.42,667110.85,6051.7,6010.86,3539.61,29195.67,414582.45,34016.39,5496.17,64.615,15.84,99.157,7656.98,102.3,76660.0,1796.3,3.913,4.975,5.354,2026-09-08,261007,29047,231960,54403,324677,-270274
2026-09-13T23:40:20.461207+00:00,17695.0,18069.0,176958.0,179862.0,4340.85,4341.24,4340.47,True,1.2675,1.267105,1.2679,True,176.89,176894.71,63.29,0.04,-2904.0,-1.64,False,179.68,176.96,1.51,4348.05,4348.05,4337.58,10.47,179862.0,179862.0,179862.0,0.0,179.68,179.68,179.68,0.0,4352.55,4347.21,4341.87,0.2457,4347.21,4347.72,4377.81,4345.62,4346.52,4346.89,4348.47,4355.75,-1.27,-0.2408,-2.0544,-0.2408,-0.5421,0,0,0,0,1,1,NO_TREND,3741.11,3209.84,667614.16,6056.27,6015.4,3542.28,29217.7,414895.24,34042.05,5500.32,64.595,15.84,99.145,7656.98,102.52,76735.1406,1795.9,3.913,4.975,5.354,2026-09-08,261007,29047,231960,54403,324677,-270274
2026-09-14T00:03:27.731045+00:00,17695.0,18069.0,176958.0,179862.0,4334.26,4333.89,4334.62,True,1.2675,1.267105,1.2679,True,176.63,176625.75,332.25,0.19,-2904.0,-1.64,False,179.68,176.96,1.51,4348.05,4348.05,4337.58,10.47,179862.0,179862.0,179862.0,0.0,179.68,179.68,179.68,0.0,4352.88,4346.85,4340.82,0.2774,4346.85,4347.57,4377.37,4344.88,4345.98,4346.44,4348.17,4355.46,-1.56,-0.1656,-1.944,-0.1656,-0.1111,0,0,0,0,0,0,NO_TREND,3735.43,3204.96,666599.09,6047.06,6006.25,3536.9,29173.28,414264.41,33990.29,5491.96,64.39,15.84,99.125,7656.98,102.43,76806.0,1789.2,3.913,4.975,5.354,2026-09-08,261007,29047,231960,54403,324677,-270274
2026-09-14T01:11:26.678504+00:00,17554.0,17928.0,175550.0,178454.0,4333.42,4332.46,4334.375,True,1.2675,1.267062,1.2679,True,176.59,176588.63,-1038.63,-0.59,-2904.0,-1.65,False,178.27,175.55,1.53,4348.05,4348.05,4334.26,13.79,179862.0,179862.0,179862.0,0.0,179.68,179.68,179.68,0.0,4354.37,4346.16,4337.95,0.3778,4346.16,4347.29,4376.9,4343.25,4344.86,4345.54,4347.62,4355.04,-2.29,-0.3172,-1.3299,-0.3172,-0.3217,0,0,0,0,1,1,NO_TREND,3736.47,3204.49,665663.75,6056.26,6007.46,3538.59,29101.43,414335.22,33984.0,5490.71,64.635,15.84,99.172,7656.98,102.9,76797.0078,1799.4,3.913,4.975,5.354,2026-09-08,261007,29047,231960,54403,324677,-270274
2026-09-14T01:36:35.988485+00:00,17554.0,17928.0,175550.0,178454.0,4336.62,4336.44,4336.8,True,1.2675,1.267062,1.2679,True,176.72,176719.13,-1169.13,-0.66,-2904.0,-1.65,False,178.27,175.55,1.53,4348.05,4348.05,4333.42,14.63,179862.0,179862.0,178454.0,1408.0,179.68,179.68,178.27,1.41,4355.36,4345.43,4335.5,0.457,4345.43,4347.0,4376.42,4341.74,4343.77,4344.64,4347.07,4354.61,-2.9,-0.3365,-1.5658,-0.3365,-0.3445,0,0,0,0,1,1,NO_TREND,3739.23,3206.86,666155.7,6060.74,6011.9,3541.21,29122.94,414641.43,34009.12,5494.77,64.48,15.84,99.188,7656.98,102.93,76677.1016,1793.2,3.913,4.975,5.354,2026-09-08,261007,29047,231960,54403,324677,-270274
2026-09-14T01:45:30.642683+00:00,17554.0,17928.0,175550.0,178454.0,4343.24,4342.12,4344.35,True,1.2675,1.267062,1.2679,True,176.99,176988.69,-1438.69,-0.81,-2904.0,-1.65,False,178.27,175.55,1.53,4348.05,4348.05,4333.42,14.63,179862.0,179862.0,178454.0,1408.0,179.68,179.68,178.27,1.41,4355.45,4344.86,4334.27,0.4875,4344.86,4346.77,4375.96,4340.95,4343.09,4344.05,4346.66,4354.25,-3.1,-0.2629,-1.4931,-0.2629,-0.2709,0,0,0,0,1,1,NO_TREND,3744.94,3211.75,667171.84,6069.98,6021.07,3546.61,29167.36,415273.91,34061.0,5503.15,64.59,15.84,99.187,7656.98,102.95,76761.4922,1797.6,3.913,4.975,5.354,2026-09-08,261007,29047,231960,54403,324677,-270274
2026-09-14T04:43:49.391040+00:00,17555.0,17930.0,175566.0,178471.0,4324.89,4324.49,4325.29,True,1.2675,1.267062,1.2679,True,176.24,176241.13,-675.13,-0.38,-2905.0,-1.65,False,178.29,175.56,1.53,4348.05,4348.05,4333.42,14.63,179862.0,179862.0,178454.0,1408.0,179.68,179.68,178.27,1.41,4355.12,4344.62,4334.12,0.4834,4344.62,4346.68,4375.53,4341.3,4343.11,4343.99,4346.52,4354.04,-2.69,-0.1106,-1.1961,-0.1106,-0.1187,0,0,0,0,1,1,NO_TREND,3729.12,3198.18,664353.83,6044.35,5995.64,3531.63,29044.16,413519.88,33917.13,5479.9,64.385,15.84,99.341,7656.98,103.15,77637.4219,1804.4,3.913,4.975,5.354,2026-09-08,261007,29047,231960,54403,324677,-270274
2026-09-14T06:23:21.874711+00:00,17547.0,17922.0,175485.0,178391.0,4328.17,4328.29,4328.055,True,1.2675,1.267062,1.2679,True,176.37,176374.89,-889.89,-0.5,-2906.0,-1.66,False,178.21,175.48,1.53,4348.05,4348.05,4324.89,23.16,179862.0,179862.0,178454.0,1408.0,179.68,179.68,178.27,1.41,4357.03,4343.46,4329.89,0.6248,4343.46,4346.21,4375.02,4338.78,4341.37,4342.57,4345.68,4353.46,-3.79,-0.5327,-1.5874,-0.5327,-0.5407,0,0,0,0,1,1,NO_TREND,3731.95,3200.61,664858.06,6048.93,6000.19,3534.31,29066.21,413833.73,33942.87,5484.06,64.37,15.84,99.385,7656.98,102.19,77639.4609,1805.6,3.913,4.975,5.354,2026-09-08,261007,29047,231960,54403,324677,-270274
2026-09-14T07:05:56.763143+00:00,17537.0,17911.0,175379.0,178286.0,4321.46,4321.02,4321.905,True,1.2675,1.267062,1.2679,True,176.1,176101.46,-722.46,-0.41,-2907.0,-1.66,False,178.1,175.38,1.53,4348.05,4348.05,4324.89,23.16,179862.0,179862.0,178391.0,1471.0,179.68,179.68,178.21,1.47,4357.46,4342.47,4327.48,0.6904,4342.47,4345.82,4374.51,4337.14,4340.11,4341.5,4344.99,4352.96,-4.36,-0.4572,-1.7169,-0.4572,-0.4652,0,0,0,0,1,1,NO_TREND,3726.16,3195.65,663827.33,6039.55,5990.89,3528.83,29021.14,413192.16,33890.25,5475.56,64.165,15.84,99.461,7656.98,102.63,77666.3984,1797.7,3.913,4.975,5.354,2026-09-08,261007,29047,231960,54403,324677,-270274
2026-09-14T07:12:29.934533+00:00,17537.0,17911.0,175379.0,178286.0,4321.2,4320.96,4321.45,True,1.2675,1.267062,1.2679,True,176.09,176090.96,-711.96,-0.4,-2907.0,-1.66,False,178.1,175.38,1.53,4348.05,4348.05,4321.46,26.59,179862.0,179862.0,178286.0,1576.0,179.68,179.68,178.1,1.58,4358.56,4341.14,4323.72,0.8026,4341.14,4345.28,4373.97,4334.73,4338.34,4340.02,4344.07,4352.33,-5.29,-0.6115,-1.8693,-0.6115,-0.6195,0,0,0,0,1,1,NO_TREND,3725.94,3195.46,663787.77,6039.2,5990.53,3528.62,29019.42,413167.54,33888.23,5475.23,64.11,15.84,99.449,7656.98,102.97,77616.4062,1795.9,3.913,4.975,5.354,2026-09-08,261007,29047,231960,54403,324677,-270274
2026-09-14T10:31:28.321000+00:00,17404.0,17778.0,174047.0,176954.0,4291.17,4290.79,4291.545,True,1.2675,1.267062,1.2679,True,174.87,174866.92,-819.92,-0.47,-2907.0,-1.67,False,176.77,174.04,1.54,4348.05,4348.05,4321.2,26.85,179862.0,179862.0,178286.0,1576.0,179.68,179.68,178.1,1.58,4359.01,4339.79,4320.57,0.8858,4339.79,4344.75,4373.44,4332.65,4336.7,4338.63,4343.17,4351.72,-5.98,-0.6175,-1.6799,-0.6175,-0.6255,0,0,0,0,1,1,NO_TREND,3700.04,3173.25,659173.66,5997.22,5948.89,3504.09,28817.7,410295.53,33652.67,5437.18,63.2,18.0,99.578,7656.98,102.65,77923.2969,1768.2,3.913,4.975,5.354,2026-09-08,261007,29047,231960,54403,324677,-270274
2026-09-14T14:10:14.158687+00:00,17356.0,17731.0,173571.0,176479.0,4271.14,4268.89,4273.39,True,1.2675,1.267062,1.2679,True,174.05,174050.79,-479.79,-0.28,-2908.0,-1.68,False,176.3,173.57,1.55,4348.05,4348.05,4291.17,56.88,179862.0,179862.0,176954.0,2908.0,179.68,179.68,176.77,2.91,4365.57,4336.95,4308.33,1.3198,4336.95,4343.61,4372.75,4326.27,4332.37,4335.11,4341.13,4350.52,-8.84,-1.3082,-2.7442,-1.3082,-1.3161,0,0,0,0,1,1,NO_TREND,3682.77,3158.44,656097.2,5969.23,5921.13,3487.74,28683.2,408380.63,33495.6,5411.8,63.395,17.34,99.716,7623.21,104.27,78344.5625,1758.1,3.922,4.992,5.364,2026-09-08,261007,29047,231960,54403,324677,-270274
2026-09-14T14:23:30.409650+00:00,17356.0,17731.0,173571.0,176479.0,4270.85,4273.03,4268.68,True,1.2675,1.267062,1.2679,True,174.04,174039.18,-468.18,-0.27,-2908.0,-1.68,False,176.3,173.57,1.55,4348.05,4348.05,4271.14,76.91,179862.0,179862.0,176479.0,3383.0,179.68,179.68,176.3,3.38,4373.63,4333.1,4292.57,1.8707,4333.1,4342.07,4371.96,4317.79,4326.54,4330.37,4338.39,4348.95,-12.58,-1.7688,-3.1981,-1.7688,-1.7767,0,0,0,0,1,1,NO_TREND,3682.53,3158.22,656053.42,5968.83,5920.73,3487.5,28681.29,408353.38,33493.37,5411.44,63.46,17.18,99.654,7605.6602,104.25,78342.1797,1762.3,3.928,4.996,5.368,2026-09-08,261007,29047,231960,54403,324677,-270274
2026-09-14T14:26:08.947565+00:00,17356.0,17731.0,173571.0,176479.0,4266.96,4268.25,4265.675,True,1.2675,1.267062,1.2679,True,173.88,173880.56,-309.56,-0.18,-2908.0,-1.68,False,176.3,173.57,1.55,4348.05,4348.05,4270.85,77.2,179862.0,179862.0,176479.0,3383.0,179.68,179.68,176.3,3.38,4377.7,4329.24,4280.78,2.2387,4329.24,4340.53,4371.17,4310.57,4321.23,4325.96,4335.74,4347.4,-15.39,-1.7755,-3.2047,-1.7755,-1.7834,0,0,0,0,1,1,NO_TREND,3679.17,3155.35,655455.49,5963.39,5915.34,3484.32,28655.15,407981.2,33462.84,5406.51,63.62,17.22,99.628,7598.6299,104.16,78325.4688,1767.3,3.928,4.998,5.37,2026-09-08,261007,29047,231960,54403,324677,-270274
2026-09-14T16:55:51.109371+00:00,17356.0,17731.0,173571.0,176479.0,4316.26,4315.98,4316.535,True,1.2688,1.267062,1.2705,True,176.07,176069.75,-2498.75,-1.42,-2908.0,-1.68,False,176.3,173.57,1.55,4348.05,4348.05,4266.96,81.09,179862.0,179862.0,176479.0,3383.0,179.68,179.68,176.3,3.38,4380.16,4325.19,4270.22,2.5419,4325.19,4338.91,4370.36,4303.86,4316.06,4321.59,4333.04,4345.81,-17.73,-1.865,-3.1249,-1.865,-1.8729,0,0,0,0,1,1,NO_TREND,3721.68,3191.8,663027.78,6032.28,5983.68,3524.58,28986.19,412694.49,33849.43,5468.97,64.055,16.75,99.429,7644.3198,102.48,78855.9375,1778.6,3.932,4.947,5.321,2026-09-08,261007,29047,231960,54403,324677,-270274
2026-09-14T19:26:25.959285+00:00,17356.0,17731.0,173571.0,176479.0,4297.38,4297.34,4297.415,True,1.2688,1.267062,1.2705,True,175.3,175299.59,-1728.59,-0.99,-2908.0,-1.68,False,176.3,173.57,1.55,4348.05,4348.05,4266.96,81.09,179862.0,179862.0,176479.0,3383.0,179.68,179.68,176.3,3.38,4377.62,4323.6,4269.58,2.4988,4323.6,4338.27,4369.8,4305.77,4316.08,4321.2,4332.38,4345.22,-15.43,-0.7311,-2.0245,-0.7311,-0.7391,0,0,0,0,1,1,NO_TREND,3705.4,3177.84,660127.59,6005.89,5957.5,3509.16,28859.4,410889.3,33701.37,5445.04,64.04,16.85,99.406,7630.1802,100.92,79195.8672,1776.0,3.935,4.961,5.329,2026-09-08,261007,29047,231960,54403,324677,-270274
2026-09-14T19:34:30.442603+00:00,17356.0,17731.0,173571.0,176479.0,4295.73,4296.76,4294.695,True,1.2688,1.267062,1.2705,True,175.23,175232.29,-1661.29,-0.95,-2908.0,-1.68,False,176.3,173.57,1.55,4348.05,4348.05,4266.96,81.09,179862.0,179862.0,176479.0,3383.0,179.68,179.68,176.3,3.38,4375.01,4321.07,4267.13,2.4966,4321.07,4337.26,4369.14,4304.48,4314.3,4319.43,4331.01,4344.27,-14.95,-1.1653,-2.4531,-1.1653,-1.1653,0,0,0,0,0,0,NO_TREND,3703.97,3176.62,659874.13,6003.59,5955.21,3507.81,28848.32,410731.53,33688.43,5442.95,63.89,16.85,99.434,7630.1299,101.32,79101.8125,1769.7,3.935,4.961,5.329,2026-09-08,261007,29047,231960,54403,324677,-270274
2026-09-14T19:37:38.929548+00:00,17356.0,17731.0,173571.0,176479.0,4293.42,4292.66,4294.185,True,1.2688,1.267062,1.2705,True,175.14,175138.26,-1567.26,-0.89,-2908.0,-1.68,False,176.3,173.57,1.55,4348.05,4348.05,4266.96,81.09,179862.0,179862.0,176479.0,3383.0,179.68,179.68,176.3,3.38,4371.95,4318.45,4264.95,2.4777,4318.45,4336.21,4368.47,4303.13,4312.53,4317.68,4329.63,4343.31,-14.55,-1.2033,-2.4906,-1.2033,-1.2033,0,0,0,0,0,0,NO_TREND,3701.99,3174.91,659520.05,6000.37,5952.02,3505.93,28832.84,410511.14,33670.35,5440.03,63.905,16.86,99.432,7628.5498,101.25,79036.3281,1770.5,3.935,4.961,5.329,2026-09-08,261007,29047,231960,54403,324677,-270274
2026-09-14T20:52:39.505047+00:00,17356.0,17731.0,173571.0,176479.0,4296.92,4296.65,4297.2,True,1.2688,1.267062,1.2705,True,175.28,175281.14,-1710.14,-0.98,-2908.0,-1.68,False,176.3,173.57,1.55,4348.05,4348.05,4266.96,81.09,179862.0,179862.0,176479.0,3383.0,179.68,179.68,176.3,3.38,4368.43,4315.72,4263.01,2.4427,4315.72,4335.12,4367.8,4301.64,4310.71,4315.88,4328.21,4342.33,-14.24,-1.2564,-2.543,-1.2564,-1.2564,0,0,0,0,0,0,NO_TREND,3705.01,3177.5,660058.08,6005.26,5956.87,3508.79,28856.36,410846.03,33697.82,5444.47,63.72,17.1,99.492,7619.98,102.01,79236.6094,1768.5,3.935,4.961,5.329,2026-09-08,261007,29047,231960,54403,324677,-270274
2026-09-14T22:44:17.614518+00:00,17356.0,17731.0,173571.0,176479.0,4295.41,4295.85,4294.965,True,1.2688,1.267062,1.2705,True,175.22,175219.23,-1648.23,-0.94,-2908.0,-1.68,False,176.3,173.57,1.55,4341.72,4343.24,4266.96,76.28,179862.0,179862.0,176479.0,3383.0,179.68,179.68,176.3,3.38,4364.2,4313.16,4262.12,2.3667,4313.16,4334.09,4367.14,4300.91,4309.4,4314.48,4326.98,4341.43,-13.57,-1.0318,-2.5193,-1.1759,-1.1759,0,0,0,0,0,0,NO_TREND,3703.7,3176.38,659824.97,6003.14,5954.77,3507.55,28846.17,410700.94,33685.92,5442.55,63.74,17.1,99.467,7619.98,101.87,78633.3906,1770.8,3.935,4.961,5.329,2026-09-08,261007,29047,231960,54403,324677,-270274
2026-09-14T22:46:54.634791+00:00,17356.0,17731.0,173571.0,176479.0,4295.71,4295.89,4295.535,True,1.2688,1.267062,1.2705,True,175.23,175231.67,-1660.67,-0.95,-2908.0,-1.68,False,176.3,173.57,1.55,4341.72,4343.24,4266.96,76.28,179862.0,179862.0,176479.0,3383.0,179.68,179.68,176.3,3.38,4360.62,4310.85,4261.08,2.3091,4310.85,4333.04,4366.47,4300.06,4308.07,4313.06,4325.74,4340.52,-13.0,-1.0666,-2.6401,-1.2107,-1.2107,0,0,0,0,0,0,NO_TREND,3703.96,3176.61,659871.82,6003.57,5955.19,3507.8,28848.22,410730.1,33688.31,5442.93,63.755,17.1,99.467,7619.98,101.88,78595.0,1770.8,3.935,4.961,5.329,2026-09-08,261007,29047,231960,54403,324677,-270274
2026-09-14T23:11:00.800377+00:00,17356.0,17731.0,173571.0,176479.0,4292.29,4293.09,4291.49,True,1.2688,1.267062,1.2705,True,175.09,175092.06,-1521.06,-0.87,-2908.0,-1.68,False,176.3,173.57,1.55,4341.72,4343.24,4266.96,76.28,179862.0,179862.0,176479.0,3383.0,179.68,179.68,176.3,3.38,4357.3,4308.75,4260.2,2.2536,4308.75,4332.0,4365.8,4299.39,4306.89,4311.78,4324.56,4339.63,-12.39,-1.0597,-2.6333,-1.0597,-1.2038,0,0,0,0,1,1,NO_TREND,3701.01,3174.08,659346.09,5998.78,5950.45,3505.01,28825.23,410402.86,33661.47,5438.6,63.735,17.1,99.467,7619.98,102.0,78411.7188,1770.9,3.935,4.961,5.329,2026-09-08,261007,29047,231960,54403,324677,-270274
2026-09-14T23:49:22.561977+00:00,17356.0,17731.0,173571.0,176479.0,4288.34,4288.0,4288.67,True,1.2688,1.267062,1.2705,True,174.93,174930.73,-1359.73,-0.78,-2908.0,-1.68,False,176.3,173.57,1.55,4334.26,4343.24,4266.96,76.28,179862.0,179862.0,176479.0,3383.0,179.68,179.68,176.3,3.38,4352.93,4306.32,4259.71,2.1647,4306.32,4330.88,4365.12,4298.3,4305.5,4310.33,4323.3,4338.69,-12.03,-0.9683,-2.8771,-1.0441,-1.2824,0,0,0,0,1,1,NO_TREND,3697.6,3171.15,658738.55,5993.26,5944.97,3501.78,28798.67,410024.71,33630.45,5433.59,63.655,17.1,99.467,7619.98,102.09,78294.5469,1763.7,3.935,4.961,5.329,2026-09-08,261007,29047,231960,54403,324677,-270274
2026-09-15T00:59:37.779296+00:00,17393.0,17767.0,173938.0,176844.0,4292.99,4292.59,4293.38,True,1.2705,1.270554,1.2705,True,175.36,175361.4,-1423.4,-0.81,-2906.0,-1.67,False,176.66,173.94,1.54,4333.42,4343.24,4266.96,76.28,178454.0,178471.0,176479.0,1992.0,178.27,178.29,176.3,1.99,4349.35,4304.03,4258.71,2.1059,4304.03,4329.69,4364.42,4296.77,4303.87,4308.71,4321.93,4337.69,-11.94,-1.0403,-2.9664,-1.2097,-1.3733,0,0,0,0,1,1,NO_TREND,3716.39,3180.94,662789.8,6017.16,5967.06,3509.28,28871.18,410729.34,33672.04,5454.47,63.58,17.1,99.526,7619.98,102.59,77943.6094,1755.3,3.935,4.961,5.329,2026-09-08,261007,29047,231960,54403,324677,-270274
2026-09-15T01:32:14.397184+00:00,17463.0,17838.0,174646.0,177553.0,4304.24,No Data,4304.24,False,1.2705,1.270554,1.2705,True,175.82,175821.15,-1175.15,-0.67,-2907.0,-1.66,False,177.37,174.64,1.54,4336.62,4343.24,4266.96,76.28,178454.0,178471.0,176479.0,1992.0,178.27,178.29,176.3,1.99,4345.37,4302.01,4258.65,2.0158,4302.01,4328.58,4363.74,4296.19,4302.83,4307.54,4320.79,4336.81,-11.35,-1.0061,-3.2345,-0.9522,-1.2663,0,0,1,0,1,2,EMERGING,3726.13,3189.28,664527.45,6032.93,5982.7,3518.48,28946.87,411806.16,33760.32,5468.77,63.99,17.1,99.555,7619.98,102.39,77932.7891,1767.9,3.935,4.961,5.329,2026-09-08,261007,29047,231960,54403,324677,-270274
2026-09-15T01:52:43.986752+00:00,17463.0,17838.0,174646.0,177553.0,4294.94,No Data,4294.94,False,1.2705,1.270554,1.2705,True,175.44,175441.26,-795.26,-0.45,-2907.0,-1.66,False,177.37,174.64,1.54,4324.89,4328.17,4266.96,61.21,178471.0,178471.0,176479.0,1992.0,178.29,178.29,176.3,1.99,4340.62,4300.39,4260.16,1.871,4300.39,4327.71,4363.11,4297.43,4302.96,4307.3,4320.14,4336.16,-9.87,-0.4775,-2.981,-0.6734,-1.0076,0,0,1,0,1,2,EMERGING,3718.08,3182.39,663091.63,6019.9,5969.78,3510.88,28884.33,410916.38,33687.37,5456.95,63.665,17.1,99.594,7619.98,102.77,77962.9219,1761.6,3.935,4.961,5.329,2026-09-08,261007,29047,231960,54403,324677,-270274
2026-09-15T04:42:51.007284+00:00,17483.0,17857.0,174837.0,177747.0,4305.91,4305.63,4306.19,True,1.2705,1.270554,1.2705,True,175.89,175889.37,-1052.37,-0.6,-2910.0,-1.66,False,177.57,174.83,1.54,4324.89,4328.17,4266.96,61.21,178471.0,178471.0,176479.0,1992.0,178.29,178.29,176.3,1.99,4332.8,4297.97,4263.14,1.6208,4297.97,4326.65,4362.44,4297.04,4302.2,4306.38,4319.15,4335.35,-9.34,-0.6925,-3.1906,-0.9611,-1.2215,0,0,1,0,1,2,EMERGING,3727.57,3190.52,664785.28,6035.28,5985.03,3519.85,28958.1,411965.93,33773.41,5470.89,63.81,17.1,99.615,7619.98,103.26,77614.5,1779.4,3.935,4.961,5.329,2026-09-08,261007,29047,231960,54403,324677,-270274
2026-09-15T06:47:14.245947+00:00,17421.0,17796.0,174225.0,177136.0,4291.42,No Data,4291.42,False,1.2705,1.270554,1.2705,True,175.3,175297.47,-1072.47,-0.61,-2911.0,-1.67,False,176.95,174.22,1.54,4321.46,4321.46,4266.96,54.5,178286.0,178286.0,176479.0,1807.0,178.1,178.1,176.3,1.8,4329.73,4297.02,4264.31,1.5225,4297.02,4325.8,4361.87,4298.41,4302.55,4306.35,4318.64,4334.76,-7.94,-0.3598,-2.1746,-0.8595,-0.9692,0,0,1,0,1,2,EMERGING,3715.03,3179.78,662548.18,6014.97,5964.88,3508.0,28860.65,410579.61,33659.76,5452.48,63.63,17.1,99.672,7619.98,103.2,77360.0,1773.0,3.935,4.961,5.329,2026-09-08,261007,29047,231960,54403,324677,-270274
2026-09-15T07:49:54.281294+00:00,17421.0,17796.0,174225.0,177136.0,4285.8,No Data,4285.8,False,1.2705,1.270554,1.2705,True,175.07,175067.91,-842.91,-0.48,-2911.0,-1.67,False,176.95,174.22,1.54,4291.17,4316.26,4266.96,49.3,176954.0,177747.0,176479.0,1268.0,176.77,177.57,176.3,1.27,4324.49,4295.19,4265.89,1.3643,4295.19,4324.67,4361.19,4297.33,4301.49,4305.24,4317.57,4333.91,-7.91,0.0058,-2.5038,-0.7739,-1.3024,0,0,1,0,1,2,EMERGING,3710.17,3175.62,661680.51,6007.09,5957.07,3503.41,28822.86,410041.92,33615.68,5445.34,63.4,17.48,99.624,7619.98,103.38,76991.1172,1760.1,3.935,4.961,5.329,2026-09-08,261007,29047,231960,54403,324677,-270274
2026-09-15T08:00:50.908585+00:00,17400.0,17774.0,174007.0,176916.0,4276.47,No Data,4276.47,False,1.2705,1.270554,1.2705,True,174.69,174686.79,-679.79,-0.39,-2909.0,-1.67,False,176.73,174.0,1.54,4291.17,4316.26,4266.96,49.3,176954.0,177747.0,176479.0,1268.0,176.77,177.57,176.3,1.27,4320.2,4293.4,4266.6,1.2484,4293.4,4323.43,4360.65,4295.56,4300.0,4303.8,4316.32,4332.95,-8.24,-0.1251,-2.6315,-0.9789,-1.4317,0,0,1,0,1,2,EMERGING,3702.09,3168.71,660240.06,5994.01,5944.11,3495.78,28760.11,409149.27,33542.5,5433.49,63.39,17.69,99.599,7619.98,103.47,76845.3125,1755.5,3.935,4.961,5.329,2026-09-08,261007,29047,231960,54403,324677,-270274
2026-09-15T09:58:19.989945+00:00,17326.0,17701.0,173272.0,176181.0,4268.65,No Data,4268.655,False,1.2705,1.270554,1.2705,True,174.37,174367.56,-1095.56,-0.63,-2909.0,-1.68,False,176.0,173.27,1.55,4291.17,4316.26,4266.96,49.3,176954.0,177747.0,176479.0,1268.0,176.77,177.57,176.3,1.27,4315.56,4291.17,4266.78,1.1368,4291.17,4321.99,4360.02,4292.62,4297.76,4301.78,4314.76,4331.83,-9.16,-0.3426,-2.8126,-1.0411,-1.6463,0,0,1,0,1,2,EMERGING,3695.32,3162.92,659033.51,5983.06,5933.24,3489.39,28707.55,408401.58,33481.2,5423.56,63.49,17.68,99.622,7619.98,104.06,76955.5703,1757.5,3.935,4.961,5.329,2026-09-08,261007,29047,231960,54403,324677,-270274
2026-09-15T12:14:01.959939+00:00,17389.0,17763.0,173898.0,176807.0,4277.42,4277.19,4277.66,True,1.2705,1.270554,1.2705,True,174.73,174725.8,-827.8,-0.47,-2909.0,-1.67,False,176.63,173.9,1.55,4271.14,4316.26,4266.96,49.3,176479.0,177747.0,176181.0,1566.0,176.3,177.57,176.0,1.57,4316.43,4290.04,4263.65,1.2303,4290.04,4320.41,4359.39,4288.93,4294.99,4299.32,4312.95,4330.58,-10.39,-0.0583,-2.9274,-1.2161,-1.8261,0,0,1,0,1,2,EMERGING,3702.92,3169.41,660387.51,5995.35,5945.43,3496.56,28766.53,409240.64,33549.99,5434.7,63.72,17.05,99.608,7619.98,102.42,76900.0078,1767.2,3.935,4.961,5.329,2026-09-08,261007,29047,231960,54403,324677,-270274
2026-09-15T13:37:53.014980+00:00,17425.0,17800.0,174266.0,177175.0,4290.9,4289.26,4292.54,True,1.2705,1.270554,1.2705,True,175.28,175276.23,-1010.23,-0.58,-2909.0,-1.67,False,176.99,174.26,1.54,4271.14,4316.26,4266.96,49.3,176479.0,177747.0,176181.0,1566.0,176.3,177.57,176.0,1.57,4315.94,4290.36,4264.78,1.1924,4290.36,4318.99,4358.77,4287.16,4293.31,4297.7,4311.56,4329.53,-10.54,0.147,-2.728,-0.3204,-1.6244,0,0,1,0,1,2,EMERGING,3714.58,3179.4,662467.9,6014.24,5964.16,3507.58,28857.16,410529.86,33655.68,5451.82,64.18,16.88,99.606,7607.6899,102.73,76517.9375,1779.6,3.953,4.998,5.372,2026-09-08,261007,29047,231960,54403,324677,-270274
2026-09-15T13:50:42.962228+00:00,17425.0,17800.0,174266.0,177175.0,4293.14,4291.89,4294.38,True,1.2705,1.270554,1.2705,True,175.37,175367.53,-1101.53,-0.63,-2909.0,-1.67,False,176.99,174.26,1.54,4271.14,4316.26,4266.96,49.3,176479.0,177747.0,176181.0,1566.0,176.3,177.57,176.0,1.57,4315.23,4291.36,4267.49,1.1125,4291.36,4317.85,4358.25,4287.74,4293.08,4297.2,4310.75,4328.77,-9.46,0.4626,-2.4214,0.4626,-1.3144,0,0,1,1,1,3,DOMINANT,3716.52,3181.05,662812.96,6017.37,5967.27,3509.41,28872.19,410743.69,33673.21,5454.66,64.12,17.1,99.617,7604.9702,103.57,76202.0,1778.0,3.955,5.006,5.374,2026-09-08,261007,29047,231960,54403,324677,-270274
2026-09-15T14:50:47.661221+00:00,17410.0,17786.0,174117.0,177027.0,4279.2,4280.54,4277.86,True,1.2715,1.270554,1.2725,True,174.94,174935.89,-818.89,-0.47,-2910.0,-1.67,False,176.85,174.11,1.55,4316.26,4316.26,4268.65,47.61,176479.0,177747.0,176181.0,1566.0,176.3,177.57,176.0,1.57,4313.6,4292.67,4271.74,0.9752,4292.67,4316.75,4357.7,4288.57,4293.09,4296.9,4310.06,4328.06,-8.33,-0.5356,-2.4466,0.5219,-1.2629,0,0,1,1,1,3,DOMINANT,3704.45,3170.73,660661.55,5997.84,5947.9,3498.01,28778.47,409410.47,33563.91,5436.95,63.695,17.47,99.613,7578.8398,104.27,75618.9062,1768.3,3.955,5.006,5.375,2026-09-08,261007,29047,231960,54403,324677,-270274
2026-09-15T17:19:20.841487+00:00,17410.0,17786.0,174117.0,177027.0,4295.03,4295.24,4294.815,True,1.2715,1.270554,1.2725,True,175.58,175582.92,-1465.92,-0.83,-2910.0,-1.67,False,176.85,174.11,1.55,4297.38,4305.91,4268.65,37.26,176479.0,177747.0,176181.0,1566.0,176.3,177.57,176.0,1.57,4309.37,4290.81,4272.25,0.8651,4290.81,4315.38,4357.1,4287.13,4291.77,4295.59,4308.85,4327.09,-8.46,-0.423,-2.4019,0.2869,-1.5835,0,0,1,1,1,3,DOMINANT,3718.15,3182.46,663105.14,6020.02,5969.9,3510.95,28884.91,410924.75,33688.06,5457.06,63.94,17.56,99.629,7580.25,106.32,76201.0,1776.7,3.96,5.008,5.381,2026-09-08,261007,29047,231960,54403,324677,-270274
2026-09-15T18:15:22.949079+00:00,17410.0,17786.0,174117.0,177027.0,4302.36,No Data,4302.365,False,1.2715,1.270554,1.2725,True,175.88,175882.88,-1765.88,-1.0,-2910.0,-1.67,False,176.85,174.11,1.55,4297.38,4305.91,4268.65,37.26,176479.0,177747.0,176181.0,1566.0,176.3,177.57,176.0,1.57,4309.12,4290.7,4272.28,0.8586,4290.7,4314.32,4356.6,4288.34,4292.08,4295.54,4308.31,4326.46,-7.2,-0.0547,-2.0408,-0.4919,-1.2194,0,0,1,0,1,2,EMERGING,3724.51,3187.89,664237.97,6030.31,5980.1,3516.95,28934.26,411626.77,33745.61,5466.39,63.985,17.54,99.664,7589.4902,106.15,76839.7969,1781.0,3.96,5.008,5.374,2026-09-08,261007,29047,231960,54403,324677,-270274
2026-09-15T18:27:03.251607+00:00,17410.0,17786.0,174117.0,177027.0,4305.4,4305.68,4305.115,True,1.2715,1.270554,1.2725,True,176.01,176006.85,-1889.85,-1.07,-2910.0,-1.67,False,176.85,174.11,1.55,4297.38,4305.91,4268.65,37.26,176479.0,177747.0,176181.0,1566.0,176.3,177.57,176.0,1.57,4310.06,4291.03,4272.0,0.887,4291.03,4313.4,4356.13,4290.5,4293.06,4296.05,4308.07,4325.98,-5.55,0.1159,-1.8736,0.1159,-1.0508,0,0,1,1,1,3,DOMINANT,3727.13,3190.14,664706.15,6034.56,5984.31,3519.43,28954.65,411916.9,33769.39,5470.24,64.215,17.43,99.637,7586.1401,105.93,76605.0469,1787.5,3.96,5.008,5.372,2026-09-08,261007,29047,231960,54403,324677,-270274
2026-09-15T18:53:01.597631+00:00,17410.0,17786.0,174117.0,177027.0,4309.86,No Data,4309.865,False,1.2715,1.270554,1.2725,True,176.19,176189.49,-2072.49,-1.18,-2910.0,-1.67,False,176.85,174.11,1.55,4297.38,4305.91,4268.65,37.26,176479.0,177747.0,176181.0,1566.0,176.3,177.57,176.0,1.57,4311.7,4291.63,4271.56,0.9353,4291.63,4312.55,4355.59,4292.79,4294.23,4296.74,4307.97,4325.57,-3.95,0.1866,-1.5526,0.2251,-0.9809,0,0,1,1,1,3,DOMINANT,3731.0,3193.45,665395.89,6040.82,5990.52,3523.08,28984.7,412344.33,33804.43,5475.92,64.265,17.5,99.638,7582.2202,105.88,75550.1562,1784.9,3.96,5.008,5.372,2026-09-08,261007,29047,231960,54403,324677,-270274
2026-09-15T20:28:47.179359+00:00,17410.0,17786.0,174117.0,177027.0,4294.24,4293.75,4294.735,True,1.2715,1.270554,1.2725,True,175.55,175550.83,-1433.83,-0.82,-2910.0,-1.67,False,176.85,174.11,1.55,4296.92,4309.86,4268.65,41.21,176479.0,177747.0,176181.0,1566.0,176.3,177.57,176.0,1.57,4313.84,4292.27,4270.7,1.0051,4292.27,4311.78,4355.07,4295.42,4295.72,4297.71,4308.04,4325.26,-2.29,0.3011,-1.0447,0.3829,-0.8783,0,0,1,1,1,3,DOMINANT,3717.47,3181.87,662983.94,6018.92,5968.81,3510.31,28879.64,410849.65,33681.9,5456.07,64.185,17.2,99.651,7585.73,105.91,75778.5469,1783.0,3.96,4.996,5.364,2026-09-08,261007,29047,231960,54403,324677,-270274
2026-09-15T21:26:10.981500+00:00,17410.0,17786.0,174117.0,177027.0,4293.93,4293.9,4293.96,True,1.2715,1.270554,1.2725,True,175.54,175538.06,-1421.06,-0.81,-2910.0,-1.67,False,176.85,174.11,1.55,4295.41,4309.86,4268.65,41.21,176479.0,177747.0,176181.0,1566.0,176.3,177.57,176.0,1.57,4313.76,4292.22,4270.68,1.0037,4292.22,4310.71,4354.48,4295.24,4295.58,4297.46,4307.5,4324.65,-2.22,-0.0272,-1.4033,-0.0624,-1.2376,0,0,1,0,1,2,EMERGING,3717.2,3181.64,662935.7,6018.48,5968.37,3510.06,28877.53,410819.75,33679.45,5455.67,64.185,17.2,99.647,7585.73,105.48,75741.7422,1783.7,3.96,4.996,5.364,2026-09-08,261007,29047,231960,54403,324677,-270274
2026-09-15T21:43:57.322255+00:00,17410.0,17786.0,174117.0,177027.0,4293.93,4293.9,4293.96,True,1.2715,1.270554,1.2725,True,175.54,175538.06,-1421.06,-0.81,-2910.0,-1.67,False,176.85,174.11,1.55,4295.41,4309.86,4268.65,41.21,176479.0,177747.0,176181.0,1566.0,176.3,177.57,176.0,1.57,4313.62,4292.13,4270.64,1.0014,4292.13,4309.63,4353.93,4295.04,4295.42,4297.19,4306.97,4324.04,-2.15,-0.0345,-1.4104,-0.0345,-1.2447,0,0,1,0,1,2,EMERGING,3717.2,3181.64,662935.7,6018.48,5968.37,3510.06,28877.53,410819.75,33679.45,5455.67,64.185,17.2,99.652,7585.73,105.48,75687.7109,1783.7,3.96,4.996,5.364,2026-09-08,261007,29047,231960,54403,324677,-270274
2026-09-15T22:05:27.083361+00:00,17410.0,17786.0,174117.0,177027.0,4294.14,4294.32,4293.96,True,1.2715,1.270554,1.2725,True,175.55,175546.64,-1429.64,-0.81,-2910.0,-1.67,False,176.85,174.11,1.55,4295.41,4309.86,4268.65,41.21,176479.0,177747.0,176181.0,1566.0,176.3,177.57,176.0,1.57,4313.72,4292.21,4270.7,1.0023,4292.21,4308.54,4353.37,4294.87,4295.28,4296.95,4306.46,4323.44,-2.08,-0.0345,-1.2218,-0.0414,-1.2447,0,0,1,0,1,2,EMERGING,3717.39,3181.8,662968.12,6018.78,5968.67,3510.23,28878.95,410839.84,33681.1,5455.94,64.185,17.2,99.647,7585.73,105.48,75424.5703,1783.7,3.96,4.996,5.364,2026-09-08,261007,29047,231960,54403,324677,-270274
2026-09-15T23:12:36.798555+00:00,17410.0,17786.0,174117.0,177027.0,4287.53,4287.09,4287.98,True,1.2715,1.270554,1.2725,True,175.28,175276.63,-1159.63,-0.66,-2910.0,-1.67,False,176.85,174.11,1.55,4288.34,4309.86,4268.65,41.21,176479.0,177747.0,176181.0,1566.0,176.3,177.57,176.0,1.57,4313.94,4292.5,4271.06,0.999,4292.5,4307.47,4352.82,4294.75,4295.17,4296.74,4305.97,4322.86,-1.99,0.1353,-1.2169,0.0431,-1.2399,0,0,1,1,1,3,DOMINANT,3711.67,3176.9,661948.38,6009.52,5959.48,3504.83,28834.53,410207.91,33629.29,5447.54,64.215,17.2,99.612,7585.73,105.32,75830.0234,1785.4,3.96,4.996,5.364,2026-09-08,261007,29047,231960,54403,324677,-270274
2026-09-16T00:11:42.411795+00:00,17402.0,17777.0,174035.0,176946.0,4281.26,No Data,4281.255,False,1.2715,1.270554,1.2725,True,175.02,175019.9,-984.9,-0.56,-2911.0,-1.67,False,176.76,174.03,1.54,4292.99,4309.86,4268.65,41.21,176844.0,177747.0,176181.0,1566.0,176.66,177.57,176.0,1.57,4313.79,4292.23,4270.67,1.0046,4292.23,4306.25,4352.23,4293.64,4294.44,4296.06,4305.25,4322.16,-2.42,-0.1272,-1.3737,-0.0189,-1.3919,0,0,1,0,1,2,EMERGING,3706.23,3172.25,660978.82,6000.72,5950.76,3499.69,28792.29,409607.08,33580.03,5439.57,64.16,17.2,99.678,7585.73,105.38,75688.5938,1778.2,3.96,4.996,5.364,2026-09-08,261007,29047,231960,54403,324677,-270274
2026-09-16T00:26:21.409603+00:00,17402.0,17777.0,174035.0,176946.0,4284.13,4283.66,4284.6,True,1.2715,1.270554,1.2725,True,175.14,175137.43,-1102.43,-0.63,-2911.0,-1.67,False,176.76,174.03,1.54,4292.99,4309.86,4268.65,41.21,176844.0,177747.0,176181.0,1566.0,176.66,177.57,176.0,1.57,4312.39,4291.08,4269.77,0.9932,4291.08,4304.92,4351.61,4291.74,4293.19,4294.97,4304.31,4321.35,-3.23,-0.2732,-1.4955,-0.2732,-1.5361,0,0,1,0,1,2,EMERGING,3708.72,3174.38,661422.68,6004.75,5954.75,3502.04,28811.63,409882.14,33602.58,5443.22,64.185,17.2,99.671,7585.73,104.96,75778.0312,1778.3,3.96,4.996,5.364,2026-09-08,261007,29047,231960,54403,324677,-270274
2026-09-16T00:46:10.272597+00:00,17402.0,17777.0,174035.0,176946.0,4284.16,4283.09,4285.22,True,1.2726,1.272718,1.2725,True,175.29,175287.48,-1252.48,-0.71,-2911.0,-1.67,False,176.76,174.03,1.54,4292.99,4309.86,4268.65,41.21,176844.0,177747.0,176181.0,1566.0,176.66,177.57,176.0,1.57,4311.98,4290.54,4269.1,0.9994,4290.54,4303.64,4350.99,4290.57,4292.33,4294.16,4303.52,4320.62,-3.59,-0.2064,-2.1269,-0.4672,-1.4701,0,0,1,0,1,2,EMERGING,3713.12,3178.98,664369.79,6011.3,5960.38,3508.51,28818.8,411232.97,33606.47,5452.52,64.15,17.2,99.691,7585.73,104.93,75720.8984,1778.3,3.96,4.996,5.364,2026-09-08,261007,29047,231960,54403,324677,-270274
2026-09-16T01:46:24.283843+00:00,17438.0,17813.0,174390.0,177302.0,4288.3,4288.18,4288.42,True,1.2726,1.272718,1.2725,True,175.46,175457.08,-1067.08,-0.61,-2912.0,-1.67,False,177.12,174.39,1.54,4294.94,4309.86,4268.65,41.21,177553.0,177747.0,176181.0,1566.0,177.37,177.57,176.0,1.57,4309.79,4289.45,4269.11,0.9484,4289.45,4302.36,4350.35,4289.58,4291.55,4293.42,4302.76,4319.89,-3.84,-0.251,-2.1262,-0.251,-1.4694,0,0,1,0,1,2,EMERGING,3716.71,3182.06,665012.58,6017.12,5966.14,3511.91,28846.68,411630.85,33638.99,5457.8,64.205,17.2,99.734,7585.73,105.12,75645.3906,1779.6,3.96,4.996,5.364,2026-09-08,261007,29047,231960,54403,324677,-270274
2026-09-16T05:53:33.724195+00:00,17597.0,17973.0,175985.0,178900.0,4331.63,No Data,4331.63,False,1.2726,1.272718,1.2725,True,177.23,177229.94,-1244.94,-0.7,-2915.0,-1.66,False,178.72,175.98,1.53,4291.42,4309.86,4268.65,41.21,177136.0,177302.0,176181.0,1121.0,176.95,177.12,176.0,1.12,4309.61,4289.29,4268.97,0.9475,4289.29,4301.17,4349.66,4289.38,4291.24,4293.04,4302.19,4319.27,-3.66,-0.0727,-2.4894,-0.409,-1.3742,0,0,1,0,1,2,EMERGING,3754.27,3214.21,671732.03,6077.92,6026.43,3547.39,29138.16,415790.06,33978.88,5512.94,65.26,17.2,99.618,7585.73,104.66,75829.2422,1800.6,3.96,4.996,5.364,2026-09-08,261007,29047,231960,54403,324677,-270274
2026-09-16T06:06:15.394050+00:00,17597.0,17973.0,175985.0,178900.0,4322.77,4322.79,4322.76,True,1.2726,1.272718,1.2725,True,176.87,176867.63,-882.63,-0.5,-2915.0,-1.66,False,178.72,175.98,1.53,4291.42,4331.63,4268.65,62.98,177136.0,178900.0,176181.0,2719.0,176.95,178.72,176.0,2.72,4319.25,4291.58,4263.91,1.2895,4291.58,4300.84,4349.2,4295.88,4295.09,4295.9,4303.35,4319.51,-0.02,0.937,-1.5042,0.937,-0.3776,1,0,1,1,1,4,DOMINANT,3746.59,3207.64,670358.83,6065.49,6014.11,3540.14,29078.59,414940.08,33909.42,5501.67,65.21,17.2,99.562,7585.73,104.89,75924.9922,1801.0,3.96,4.996,5.364,2026-09-08,261007,29047,231960,54403,324677,-270274
2026-09-16T06:42:05.763985+00:00,17597.0,17973.0,175985.0,178900.0,4325.98,No Data,4325.98,False,1.2726,1.272718,1.2725,True,177.0,176998.76,-1013.76,-0.57,-2915.0,-1.66,False,178.72,175.98,1.53,4291.42,4331.63,4268.65,62.98,177136.0,178900.0,176181.0,2719.0,176.95,178.72,176.0,2.72,4323.9,4293.9,4263.9,1.3973,4293.9,4300.46,4348.71,4300.02,4297.72,4297.89,4304.11,4319.58,2.13,0.7305,-1.7056,0.8626,-0.5814,1,0,1,1,1,4,DOMINANT,3749.37,3210.02,670855.85,6069.99,6018.57,3542.77,29100.15,415247.72,33934.56,5505.75,65.115,17.2,99.6,7585.73,104.82,75816.7031,1796.5,3.96,4.996,5.364,2026-09-08,261007,29047,231960,54403,324677,-270274
2026-09-16T06:52:21.163807+00:00,17597.0,17973.0,175985.0,178900.0,4328.34,4326.55,4330.13,True,1.2726,1.272718,1.2725,True,177.1,177095.32,-1110.32,-0.63,-2915.0,-1.66,False,178.72,175.98,1.53,4285.8,4331.63,4268.65,62.98,177136.0,178900.0,176181.0,2719.0,176.95,178.72,176.0,2.72,4327.55,4296.77,4265.99,1.4327,4296.77,4300.23,4348.18,4304.01,4300.41,4299.97,4304.97,4319.7,4.04,0.9375,-1.6326,1.1577,-0.5076,1,0,1,1,1,4,DOMINANT,3751.42,3211.77,671221.83,6073.3,6021.85,3544.7,29116.02,415474.26,33953.07,5508.76,65.105,17.2,99.611,7585.73,104.42,75886.0625,1797.2,3.96,4.996,5.364,2026-09-08,261007,29047,231960,54403,324677,-270274
2026-09-16T11:22:30.481839+00:00,17671.0,18047.0,176721.0,179637.0,4346.66,4346.46,4346.865,True,1.2726,1.272718,1.2725,True,177.84,177845.0,-1124.0,-0.63,-2916.0,-1.65,False,179.46,176.72,1.53,4277.42,4331.63,4277.42,54.21,176807.0,178900.0,176807.0,2093.0,176.63,178.72,176.63,2.09,4331.74,4299.31,4266.88,1.5086,4299.31,4299.98,4347.64,4307.76,4303.07,4302.07,4305.88,4319.88,5.69,1.1904,-1.938,1.3983,-0.4533,1,0,1,1,1,4,DOMINANT,3767.3,3225.36,674063.21,6099.01,6047.34,3559.7,29239.28,417233.02,34096.8,5532.08,65.27,16.91,99.702,7585.73,103.41,75869.9688,1792.4,3.96,4.996,5.364,2026-09-08,261007,29047,231960,54403,324677,-270274
2026-09-16T11:44:08.472655+00:00,17671.0,18047.0,176721.0,179637.0,4349.54,4348.67,4350.41,True,1.2726,1.272718,1.2725,True,177.96,177962.73,-1241.73,-0.7,-2916.0,-1.65,False,179.46,176.72,1.53,4277.42,4346.66,4277.42,69.24,176807.0,179637.0,176807.0,2830.0,176.63,179.46,176.63,2.83,4340.52,4302.1,4263.68,1.7861,4302.1,4300.23,4347.2,4313.74,4307.22,4305.38,4307.48,4320.41,8.36,1.6187,-1.5229,1.6187,-0.032,1,0,1,1,1,4,DOMINANT,3769.79,3227.5,674509.44,6103.05,6051.35,3562.06,29258.63,417509.23,34119.37,5535.74,65.36,16.89,99.642,7585.73,103.3,76147.25,1793.0,3.96,4.996,5.364,2026-09-08,261007,29047,231960,54403,324677,-270274
2026-09-16T12:20:35.149715+00:00,17671.0,18047.0,176721.0,179637.0,4340.66,4341.87,4339.45,True,1.2726,1.272718,1.2725,True,177.6,177599.4,-878.4,-0.49,-2916.0,-1.65,False,179.46,176.72,1.53,4290.9,4349.54,4279.2,70.34,177175.0,179637.0,176946.0,2691.0,176.99,179.46,176.76,2.7,4348.5,4304.92,4261.34,2.0247,4304.92,4300.55,4346.84,4319.25,4311.25,4308.65,4309.13,4320.98,10.6,1.3666,-1.4577,1.3666,0.0343,1,0,1,1,1,4,DOMINANT,3762.09,3220.91,673132.36,6090.59,6038.99,3554.79,29198.9,416656.85,34049.72,5524.44,65.26,16.78,99.686,7585.73,103.64,75988.4922,1792.6,3.96,4.996,5.364,2026-09-08,261007,29047,231960,54403,324677,-270274
2026-09-16T12:48:38.912459+00:00,17642.0,18018.0,176435.0,179350.0,4343.68,4343.31,4344.045,True,1.2726,1.272718,1.2725,True,177.72,177722.86,-1287.86,-0.72,-2915.0,-1.65,False,179.17,176.43,1.53,4290.9,4349.54,4279.2,70.34,177175.0,179637.0,176946.0,2691.0,176.99,179.46,176.76,2.7,4352.59,4307.99,4263.39,2.0706,4307.99,4300.63,4346.53,4322.54,4314.05,4311.02,4310.37,4321.37,11.52,1.1597,-1.6589,1.1069,-0.17,1,0,1,1,1,4,DOMINANT,3764.71,3223.15,673600.31,6094.82,6043.19,3557.26,29219.2,416946.49,34073.39,5528.28,65.09,16.82,99.713,7585.73,103.91,75926.4297,1789.1,3.95,4.979,5.352,2026-09-08,261007,29047,231960,54403,324677,-270274
2026-09-16T16:42:32.550352+00:00,17683.0,18059.0,176844.0,179760.0,4347.02,4346.72,4347.315,True,1.273,1.272718,1.2733,True,177.92,177915.42,-1071.42,-0.6,-2916.0,-1.65,False,179.58,176.84,1.53,4295.03,4349.54,4281.26,68.28,177027.0,179637.0,176946.0,2691.0,176.85,179.46,176.76,2.7,4357.3,4310.43,4263.56,2.1747,4310.43,4300.64,4346.24,4325.79,4316.88,4313.44,4311.67,4321.81,12.35,1.1327,-1.6753,1.5068,-0.1005,1,0,1,1,1,4,DOMINANT,3767.6,3225.63,674118.26,6099.51,6047.84,3559.99,29241.67,417267.1,34099.59,5532.53,65.04,16.86,99.708,7609.6899,102.53,75664.8906,1788.4,3.94,4.961,5.343,2026-09-08,261007,29047,231960,54403,324677,-270274
2026-09-16T17:04:47.539819+00:00,17683.0,18059.0,176844.0,179760.0,4344.26,4343.57,4344.96,True,1.273,1.272718,1.2733,True,177.8,177802.77,-958.77,-0.54,-2916.0,-1.65,False,179.58,176.84,1.53,4295.03,4349.54,4281.26,68.28,177027.0,179760.0,176946.0,2814.0,176.85,179.58,176.76,2.82,4362.1,4312.66,4263.22,2.2928,4312.66,4301.08,4345.98,4329.06,4319.75,4315.93,4313.06,4322.31,13.13,1.2105,-1.5997,1.2105,-0.0237,1,0,1,1,1,4,DOMINANT,3765.22,3223.58,673691.41,6095.65,6044.01,3557.74,29223.15,417002.89,34078.0,5529.02,64.975,16.75,99.697,7604.8599,102.64,75724.6719,1788.4,3.94,4.955,5.336,2026-09-08,261007,29047,231960,54403,324677,-270274
2026-09-16T17:18:42.845254+00:00,17683.0,18059.0,176844.0,179760.0,4344.49,4344.57,4344.42,True,1.273,1.272718,1.2733,True,177.81,177812.18,-968.18,-0.54,-2916.0,-1.65,False,179.58,176.84,1.53,4295.03,4349.54,4281.26,68.28,177027.0,179760.0,176946.0,2814.0,176.85,179.58,176.76,2.82,4365.86,4314.6,4263.34,2.3761,4314.6,4301.4,4345.72,4331.4,4322.08,4318.02,4314.28,4322.75,13.38,1.1462,-1.6622,0.9739,-0.0872,1,0,1,1,1,4,DOMINANT,3765.42,3223.75,673727.08,6095.97,6044.33,3557.93,29224.7,417024.96,34079.8,5529.32,64.865,16.86,99.718,7609.02,102.61,75657.3438,1786.5,3.94,4.957,5.336,2026-09-08,261007,29047,231960,54403,324677,-270274
2026-09-16T17:44:03.948222+00:00,17683.0,18059.0,176844.0,179760.0,4344.73,4345.05,4344.415,True,1.273,1.272718,1.2733,True,177.82,177821.9,-977.9,-0.55,-2916.0,-1.65,False,179.58,176.84,1.53,4302.36,4349.54,4281.26,68.28,177027.0,179760.0,176946.0,2814.0,176.85,179.58,176.76,2.82,4369.23,4316.33,4263.43,2.4512,4316.33,4301.86,4345.42,4333.41,4324.22,4319.98,4315.47,4323.18,13.43,0.9792,-1.657,0.9079,-0.0819,1,0,1,1,1,4,DOMINANT,3765.62,3223.93,673763.91,6096.3,6044.66,3558.12,29226.29,417047.76,34081.66,5529.62,65.02,16.81,99.713,7604.6299,102.56,75324.8984,1788.4,3.938,4.951,5.331,2026-09-08,261007,29047,231960,54403,324677,-270274
2026-09-16T19:59:11.144971+00:00,17683.0,18059.0,176844.0,179760.0,4270.47,4270.21,4270.725,True,1.273,1.272718,1.2733,True,174.78,174782.37,2061.63,1.18,-2916.0,-1.65,False,179.58,176.84,1.53,4294.24,4349.54,4281.26,68.28,177027.0,179760.0,176946.0,2814.0,176.85,179.58,176.76,2.82,4372.14,4318.86,4265.58,2.4673,4318.86,4302.33,4345.16,4335.15,4326.17,4321.82,4316.62,4323.61,13.33,1.1758,-1.2938,0.8091,-0.0764,1,0,1,1,1,4,DOMINANT,3701.26,3168.82,662247.19,5992.1,5941.33,3497.3,28726.73,409919.12,33499.1,5435.1,63.47,17.97,100.262,7551.4399,102.0,75991.7734,1753.3,3.97,5.006,5.349,2026-09-08,261007,29047,231960,54403,324677,-270274
2026-09-16T20:12:01.908551+00:00,17683.0,18059.0,176844.0,179760.0,4265.22,4265.29,4265.145,True,1.273,1.272718,1.2733,True,174.57,174567.5,2276.5,1.3,-2916.0,-1.65,False,179.58,176.84,1.53,4294.24,4349.54,4270.47,79.07,177027.0,179760.0,176946.0,2814.0,176.85,179.58,176.76,2.82,4374.2,4317.68,4261.16,2.6181,4317.68,4301.92,4344.54,4325.2,4320.86,4318.01,4314.81,4322.55,7.19,-0.5535,-2.9809,-0.5535,-1.7842,0,0,1,0,1,2,EMERGING,3696.71,3164.93,661433.04,5984.73,5934.03,3493.0,28691.41,409415.17,33457.92,5428.42,63.53,17.54,100.256,7551.8101,102.26,76081.1016,1755.6,3.97,5.006,5.349,2026-09-08,261007,29047,231960,54403,324677,-270274
2026-09-16T20:28:04.564574+00:00,17683.0,18059.0,176844.0,179760.0,4258.89,4258.94,4258.835,True,1.273,1.272718,1.2733,True,174.31,174308.43,2535.57,1.45,-2916.0,-1.65,False,179.58,176.84,1.53,4294.24,4349.54,4265.22,84.32,177027.0,179760.0,176946.0,2814.0,176.85,179.58,176.76,2.82,4376.64,4316.25,4255.86,2.7983,4316.25,4301.8,4343.86,4315.97,4315.57,4314.1,4312.86,4321.42,1.87,-0.6758,-3.1002,-0.6686,-1.905,0,0,0,0,1,1,NO_TREND,3691.22,3160.23,660451.41,5975.85,5925.22,3487.82,28648.83,408807.56,33408.26,5420.36,63.495,17.72,100.308,7551.8101,102.09,76052.0,1757.3,3.97,5.006,5.349,2026-09-08,261007,29047,231960,54403,324677,-270274
2026-09-16T21:40:55.855858+00:00,17683.0,18059.0,176844.0,179760.0,4263.76,4263.63,4263.895,True,1.273,1.272718,1.2733,True,174.51,174507.95,2336.05,1.34,-2916.0,-1.65,False,179.58,176.84,1.53,4293.93,4349.54,4258.89,90.65,177027.0,179760.0,176946.0,2814.0,176.85,179.58,176.76,2.82,4379.48,4314.49,4249.5,3.0126,4314.49,4301.56,4343.15,4307.19,4310.17,4310.01,4310.74,4320.18,-2.82,-0.816,-3.244,-0.816,-1.9078,0,0,0,0,1,1,NO_TREND,3695.45,3163.85,661207.4,5982.69,5932.01,3491.81,28681.62,409275.51,33446.51,5426.57,63.42,17.71,100.315,7551.8101,102.02,75909.6016,1759.1,3.97,5.006,5.349,2026-09-08,261007,29047,231960,54403,324677,-270274
2026-09-16T22:51:04.625739+00:00,17683.0,18059.0,176844.0,179760.0,4269.82,4269.87,4269.765,True,1.273,1.272718,1.2733,True,174.76,174755.77,2088.23,1.19,-2916.0,-1.65,False,179.58,176.84,1.53,4287.53,4349.54,4258.89,90.65,177027.0,179760.0,176946.0,2814.0,176.85,179.58,176.76,2.82,4381.17,4313.3,4245.43,3.147,4313.3,4301.5,4342.55,4300.51,4305.75,4306.59,4308.9,4319.06,-6.08,-0.5544,-3.0051,-0.7075,-1.7019,0,0,0,0,1,1,NO_TREND,3700.69,3168.34,662146.39,5991.19,5940.43,3496.77,28722.35,409856.72,33494.0,5434.27,63.485,17.71,100.34,7551.8101,101.97,75637.4688,1762.7,3.97,5.006,5.349,2026-09-08,261007,29047,231960,54403,324677,-270274
2026-09-16T22:59:51.061728+00:00,17683.0,18059.0,176844.0,179760.0,4269.38,4269.73,4269.03,True,1.273,1.272718,1.2733,True,174.74,174737.86,2106.14,1.21,-2916.0,-1.65,False,179.58,176.84,1.53,4287.53,4349.54,4258.89,90.65,177027.0,179760.0,176946.0,2814.0,176.85,179.58,176.76,2.82,4381.92,4312.73,4243.54,3.2086,4312.73,4300.57,4341.98,4295.79,4302.33,4303.86,4307.37,4318.09,-8.07,-0.4131,-2.8672,-0.4131,-1.6363,0,0,0,0,1,1,NO_TREND,3700.31,3168.02,662078.54,5990.57,5939.82,3496.41,28719.41,409814.73,33490.57,5433.72,63.435,17.71,100.34,7551.8101,101.97,75614.9297,1764.0,3.97,5.006,5.349,2026-09-08,261007,29047,231960,54403,324677,-270274
2026-09-16T23:17:26.020856+00:00,17683.0,18059.0,176844.0,179760.0,4262.49,4262.19,4262.785,True,1.273,1.272718,1.2733,True,174.46,174455.77,2388.23,1.37,-2916.0,-1.65,False,179.58,176.84,1.53,4281.26,4349.54,4258.89,90.65,176946.0,179760.0,176946.0,2814.0,176.76,179.58,176.76,2.82,4382.76,4311.99,4241.22,3.2825,4311.99,4300.01,4341.46,4291.73,4299.19,4301.31,4305.88,4317.12,-9.58,-0.2775,-2.8773,-0.2775,-1.4969,0,0,0,0,1,1,NO_TREND,3694.34,3162.9,661009.68,5980.9,5930.23,3490.77,28673.05,409153.12,33436.5,5424.94,63.32,17.71,100.34,7551.8101,102.04,75919.9922,1762.9,3.97,5.006,5.349,2026-09-08,261007,29047,231960,54403,324677,-270274
2026-09-17T00:51:49.515345+00:00,17480.0,17857.0,174815.0,177735.0,4282.93,4282.79,4283.06,True,1.2744,1.275514,1.2733,True,175.48,175484.74,-669.74,-0.38,-2920.0,-1.67,False,177.55,174.81,1.54,4288.3,4349.54,4258.89,90.65,177302.0,179760.0,177302.0,2458.0,177.12,179.58,177.12,2.46,4384.08,4310.9,4237.72,3.3951,4310.9,4299.34,4340.9,4287.23,4295.69,4298.43,4304.18,4316.04,-11.2,-0.6019,-3.301,-0.5051,-1.6368,0,0,0,0,1,1,NO_TREND,3723.13,3190.48,666333.75,6023.86,5977.25,3523.03,28791.07,411253.28,33596.23,5462.93,63.92,17.71,100.299,7551.8101,101.37,76326.1797,1769.2,3.97,5.006,5.349,2026-09-08,261007,29047,231960,54403,324677,-270274
2026-09-17T01:17:33.753842+00:00,17542.0,17918.0,175430.0,178351.0,4301.1,4300.28,4301.93,True,1.2744,1.275514,1.2733,True,176.23,176229.63,-799.63,-0.45,-2921.0,-1.67,False,178.17,175.43,1.54,4288.3,4349.54,4258.89,90.65,177302.0,179760.0,177302.0,2458.0,177.12,179.58,177.12,2.46,4384.21,4310.64,4237.07,3.4134,4310.64,4299.13,4340.54,4286.57,4294.48,4297.29,4303.35,4315.39,-10.72,-0.1252,-2.8373,-0.0287,-1.2381,0,0,0,0,1,1,NO_TREND,3738.93,3204.02,669162.18,6049.43,6002.62,3537.98,28913.28,412998.95,33738.84,5486.12,64.32,17.71,100.336,7551.8101,101.42,76186.2969,1779.0,3.97,5.006,5.349,2026-09-08,261007,29047,231960,54403,324677,-270274
2026-09-17T01:29:55.267836+00:00,17542.0,17918.0,175430.0,178351.0,4309.55,4309.33,4309.77,True,1.2744,1.275514,1.2733,True,176.58,176575.65,-1145.65,-0.65,-2921.0,-1.67,False,178.17,175.43,1.54,4288.3,4349.54,4258.89,90.65,177302.0,179760.0,177302.0,2458.0,177.12,179.58,177.12,2.46,4382.11,4309.11,4236.11,3.3882,4309.11,4299.22,4340.27,4288.8,4295.11,4297.57,4303.26,4315.1,-8.77,0.2985,-2.4251,0.2985,-0.9702,0,0,0,1,1,2,EMERGING,3746.27,3210.31,670476.05,6061.31,6014.41,3544.93,28970.05,413809.85,33805.08,5496.89,64.315,17.71,100.311,7551.8101,102.1,76565.6484,1780.1,3.97,5.006,5.349,2026-09-08,261007,29047,231960,54403,324677,-270274
2026-09-17T01:48:45.783808+00:00,17599.0,17976.0,176004.0,178926.0,4308.14,4307.38,4308.89,True,1.2744,1.275514,1.2733,True,176.52,176517.67,-513.67,-0.29,-2922.0,-1.66,False,178.74,176.0,1.53,4331.63,4349.54,4258.89,90.65,178900.0,179760.0,177735.0,2025.0,178.72,179.58,177.55,2.03,4381.17,4308.45,4235.73,3.3757,4308.45,4299.5,4340.03,4291.99,4296.48,4298.46,4303.5,4314.99,-6.47,-0.5097,-2.3688,-0.5097,-0.3547,0,0,0,0,0,0,NO_TREND,3745.04,3209.25,670255.9,6059.32,6012.43,3543.76,28960.54,413673.98,33793.98,5495.09,64.435,17.71,100.331,7551.8101,102.2,76464.3672,1786.7,3.97,5.006,5.349,2026-09-08,261007,29047,231960,54403,324677,-270274
2026-09-17T06:37:20.817590+00:00,17562.0,17938.0,175634.0,178553.0,4310.43,4310.59,4310.28,True,1.2744,1.275514,1.2733,True,176.61,176611.91,-977.91,-0.55,-2919.0,-1.66,False,178.37,175.63,1.54,4325.98,4349.54,4258.89,90.65,178900.0,179760.0,177735.0,2025.0,178.72,179.58,177.55,2.03,4379.81,4307.56,4235.31,3.3546,4307.56,4299.75,4339.79,4294.48,4297.59,4299.17,4303.69,4314.86,-4.69,-0.4124,-2.4882,-0.3384,-0.4628,0,0,0,0,1,1,NO_TREND,3747.04,3210.97,670613.74,6062.55,6015.64,3545.66,28976.0,413894.83,33812.02,5498.02,64.26,17.71,100.17,7551.8101,100.95,76462.0391,1789.6,3.97,5.006,5.349,2026-09-08,261007,29047,231960,54403,324677,-270274
2026-09-17T06:46:34.178490+00:00,17562.0,17938.0,175634.0,178553.0,4309.6,4309.09,4310.1,True,1.2744,1.275514,1.2733,True,176.58,176577.49,-943.49,-0.53,-2919.0,-1.66,False,178.37,175.63,1.54,4328.34,4349.54,4258.89,90.65,178900.0,179760.0,177735.0,2025.0,178.72,179.58,177.55,2.03,4378.26,4306.66,4235.06,3.3251,4306.66,4300.11,4339.61,4296.93,4298.82,4300.01,4303.95,4314.77,-3.08,-0.4138,-1.8521,-0.3595,-0.2552,0,0,0,0,0,0,NO_TREND,3746.31,3210.34,670483.05,6061.37,6014.47,3544.97,28970.35,413814.17,33805.43,5496.95,64.32,17.71,100.153,7551.8101,100.6,76490.9609,1789.3,3.97,5.006,5.349,2026-09-08,261007,29047,231960,54403,324677,-270274
2026-09-17T07:32:28.312493+00:00,17600.0,17976.0,176016.0,178935.0,4331.07,4331.04,4331.09,True,1.2744,1.275514,1.2733,True,177.46,177457.18,-1441.18,-0.81,-2919.0,-1.66,False,178.75,176.01,1.53,4346.66,4349.54,4258.89,90.65,179637.0,179760.0,177735.0,2025.0,179.46,179.58,177.55,2.03,4373.93,4304.81,4235.69,3.2113,4304.81,4300.54,4339.42,4298.88,4299.84,4300.72,4304.17,4314.67,-1.84,-0.8526,-1.871,-0.433,-0.2684,0,0,0,0,0,0,NO_TREND,3764.98,3226.34,673823.33,6091.57,6044.43,3562.63,29114.68,415875.76,33973.85,5524.33,64.44,16.01,100.157,7551.8101,101.11,76432.6562,1794.3,3.97,5.006,5.349,2026-09-08,261007,29047,231960,54403,324677,-270274
2026-09-17T07:45:28.364208+00:00,17617.0,17993.0,176180.0,179098.0,4331.5,4331.14,4331.86,True,1.2744,1.275514,1.2733,True,177.48,177475.01,-1295.01,-0.73,-2918.0,-1.66,False,178.92,176.18,1.53,4346.66,4349.54,4258.89,90.65,179637.0,179760.0,177735.0,2025.0,179.46,179.58,177.55,2.03,4370.95,4303.88,4236.81,3.1167,4303.88,4301.3,4339.35,4303.83,4302.82,4302.97,4305.23,4314.99,0.86,-0.3587,-1.3821,-0.3587,0.9298,1,0,0,0,0,1,NO_TREND,3765.36,3226.66,673891.01,6092.18,6045.04,3562.98,29117.6,415917.53,33977.26,5524.89,64.805,15.91,100.164,7551.8101,101.24,76409.4922,1804.7,3.97,5.006,5.349,2026-09-08,261007,29047,231960,54403,324677,-270274
2026-09-17T12:06:08.286236+00:00,17725.0,18101.0,177261.0,180183.0,4346.02,4345.52,4346.53,True,1.2744,1.275514,1.2733,True,178.07,178070.14,-809.14,-0.45,-2922.0,-1.65,False,180.0,177.26,1.52,4340.66,4347.02,4258.89,88.13,179637.0,179760.0,177735.0,2025.0,179.46,179.58,177.55,2.03,4369.56,4303.43,4237.3,3.0734,4303.43,4301.84,4339.26,4308.09,4305.55,4305.08,4306.26,4315.32,3.01,-0.211,-0.6578,-0.4148,1.4132,1,0,1,0,0,2,EMERGING,3777.98,3237.48,676150.8,6112.61,6065.31,3574.93,29215.24,417312.24,34091.2,5543.42,64.98,16.0,100.249,7551.8101,100.35,76433.0078,1793.1,3.97,5.006,5.349,2026-09-08,261007,29047,231960,54403,324677,-270274
2026-09-17T12:13:26.476848+00:00,17725.0,18101.0,177261.0,180183.0,4352.55,4350.9,4354.19,True,1.2744,1.275514,1.2733,True,178.34,178337.29,-1076.29,-0.6,-2922.0,-1.65,False,180.0,177.26,1.52,4340.66,4347.02,4258.89,88.13,179637.0,180183.0,177735.0,2448.0,179.46,180.0,177.55,2.45,4369.98,4303.54,4237.1,3.0877,4303.54,4302.87,4339.1,4313.93,4309.4,4308.11,4307.82,4315.93,5.82,0.1235,-0.3248,0.1235,1.7601,1,0,1,1,0,3,DOMINANT,3783.65,3242.34,677165.17,6121.78,6074.41,3580.29,29259.07,417938.3,34142.34,5551.73,65.135,15.92,100.229,7551.8101,100.14,76627.2734,1798.1,3.97,5.006,5.349,2026-09-08,261007,29047,231960,54403,324677,-270274
2026-09-17T13:21:27.614620+00:00,17757.0,18134.0,177586.0,180506.0,4373.22,4371.96,4374.48,True,1.2744,1.275514,1.2733,True,179.18,179184.41,-1598.41,-0.89,-2920.0,-1.64,False,180.32,177.58,1.52,4347.02,4352.55,4258.89,93.66,179760.0,180183.0,177735.0,2448.0,179.58,180.0,177.55,2.45,4371.06,4303.82,4236.58,3.1247,4303.82,4303.8,4338.98,4319.87,4313.51,4311.4,4309.57,4316.65,8.47,0.1272,-0.175,0.2042,2.0059,1,0,1,1,0,3,DOMINANT,3801.62,3257.74,680381.77,6150.86,6103.27,3597.3,29398.06,419923.55,34304.52,5578.1,65.955,15.47,100.126,7551.8101,100.28,76600.0781,1795.6,3.963,4.949,5.307,2026-09-08,261007,29047,231960,54403,324677,-270274
2026-09-17T13:32:49.866361+00:00,17798.0,18174.0,177995.0,180915.0,4366.65,4366.25,4367.04,True,1.2744,1.275514,1.2733,True,178.92,178915.01,-920.01,-0.51,-2920.0,-1.64,False,180.73,177.99,1.52,4347.02,4373.22,4258.89,114.33,179760.0,180506.0,177735.0,2771.0,179.58,180.32,177.55,2.77,4377.26,4305.27,4233.28,3.3443,4305.27,4305.44,4338.92,4328.08,4319.2,4315.98,4312.07,4317.77,12.1,0.6027,0.2991,0.6027,1.3197,1,0,1,1,0,3,DOMINANT,3795.91,3252.84,679358.84,6141.61,6094.09,3591.89,29353.86,419292.2,34252.95,5569.72,66.125,15.42,100.102,7632.3799,100.38,76334.6797,1798.5,3.963,4.947,5.307,2026-09-08,261007,29047,231960,54403,324677,-270274
2026-09-17T17:14:50.346428+00:00,17766.0,18142.0,177667.0,180587.0,4361.93,4360.52,4363.34,True,1.2754,1.275514,1.2753,True,178.86,178862.06,-1195.06,-0.67,-2920.0,-1.64,False,180.4,177.66,1.52,4344.49,4373.22,4258.89,114.33,179760.0,180915.0,177735.0,3180.0,179.58,180.73,177.55,3.18,4381.52,4306.38,4231.24,3.4897,4306.38,4307.05,4338.83,4334.01,4323.72,4319.74,4314.21,4318.74,14.27,0.5101,0.5842,0.5154,1.6119,1,0,1,1,0,3,DOMINANT,3791.81,3249.33,678625.28,6134.98,6087.51,3588.01,29322.16,418839.46,34215.96,5563.7,66.275,15.63,100.245,7634.3799,102.08,76750.6562,1795.3,3.965,4.953,5.303,2026-09-08,261007,29047,231960,54403,324677,-270274
2026-09-17T17:18:08.403511+00:00,17766.0,18142.0,177667.0,180587.0,4361.14,4361.99,4360.28,True,1.2754,1.275514,1.2753,True,178.83,178829.46,-1162.46,-0.65,-2920.0,-1.64,False,180.4,177.66,1.52,4344.49,4373.22,4258.89,114.33,179760.0,180915.0,177735.0,3180.0,179.58,180.73,177.55,3.18,4384.59,4307.24,4229.89,3.5916,4307.24,4308.76,4338.65,4338.31,4327.36,4322.86,4316.08,4319.6,15.45,0.4014,0.4754,0.4014,1.5411,1,0,1,1,0,3,DOMINANT,3791.12,3248.74,678501.6,6133.86,6086.4,3587.36,29316.82,418763.13,34209.72,5562.69,66.39,15.58,100.237,7633.21,102.2,76771.5391,1798.8,3.965,4.959,5.306,2026-09-08,261007,29047,231960,54403,324677,-270274
2026-09-17T18:07:49.599494+00:00,17766.0,18142.0,177667.0,180587.0,4361.93,4362.47,4361.39,True,1.2754,1.275514,1.2753,True,178.86,178862.06,-1195.06,-0.67,-2920.0,-1.64,False,180.4,177.66,1.52,4270.47,4373.22,4258.89,114.33,179760.0,180915.0,177735.0,3180.0,179.58,180.73,177.55,3.18,4390.66,4311.77,4232.88,3.6593,4311.77,4310.61,4338.49,4341.82,4330.57,4325.7,4317.85,4320.42,16.12,2.1232,0.4572,0.3777,1.5773,1,0,1,1,0,3,DOMINANT,3791.81,3249.33,678625.28,6134.98,6087.51,3588.01,29322.16,418839.46,34215.96,5563.7,66.1,15.59,100.239,7636.9702,101.91,76605.8984,1790.1,3.965,4.949,5.296,2026-09-08,261007,29047,231960,54403,324677,-270274
2026-09-17T18:18:27.526276+00:00,17766.0,18142.0,177667.0,180587.0,4363.08,4363.03,4363.135,True,1.2754,1.275514,1.2753,True,178.91,178909.32,-1242.32,-0.69,-2920.0,-1.64,False,180.4,177.66,1.52,4270.47,4373.22,4258.89,114.33,179760.0,180915.0,177735.0,3180.0,179.58,180.73,177.55,3.18,4395.34,4316.61,4237.88,3.6478,4316.61,4312.3,4338.34,4344.91,4333.56,4328.38,4319.57,4321.24,16.53,2.1417,0.5662,2.1417,1.5129,1,0,1,1,1,4,DOMINANT,3792.81,3250.19,678804.59,6136.6,6089.12,3588.96,29329.91,418950.13,34225.0,5565.17,66.115,15.56,100.232,7637.8398,101.76,76676.7031,1790.5,3.965,4.947,5.296,2026-09-08,261007,29047,231960,54403,324677,-270274
2026-09-17T20:32:24.008512+00:00,17766.0,18142.0,177667.0,180587.0,4341.23,4341.12,4341.34,True,1.2754,1.275514,1.2753,True,178.01,178013.25,-346.25,-0.19,-2920.0,-1.64,False,180.4,177.66,1.52,4263.76,4373.22,4262.49,110.73,179760.0,180915.0,177735.0,3180.0,179.58,180.73,177.55,3.18,4398.22,4321.81,4245.4,3.536,4321.81,4313.74,4338.19,4347.71,4336.37,4330.95,4321.28,4322.07,16.76,2.3294,1.0796,2.2944,1.5754,1,0,1,1,1,4,DOMINANT,3773.81,3233.91,675404.8,6105.87,6058.62,3570.99,29183.01,416851.82,34053.58,5537.3,65.78,15.44,100.234,7637.7598,101.27,76605.1172,1777.9,3.965,4.947,5.296,2026-09-08,261007,29047,231960,54403,324677,-270274
2026-09-17T20:35:25.901981+00:00,17766.0,18142.0,177667.0,180587.0,4341.59,4341.78,4341.39,True,1.2754,1.275514,1.2753,True,178.03,178027.81,-360.81,-0.2,-2920.0,-1.64,False,180.4,177.66,1.52,4263.76,4373.22,4262.49,110.73,179760.0,180915.0,177735.0,3180.0,179.58,180.73,177.55,3.18,4397.42,4325.69,4253.96,3.3165,4325.69,4314.71,4337.83,4346.71,4336.83,4331.71,4322.06,4322.45,15.0,1.8169,0.5734,1.9334,1.0597,1,0,1,1,1,4,DOMINANT,3774.12,3234.17,675460.03,6106.37,6059.12,3571.28,29185.4,416885.9,34056.37,5537.75,65.77,15.44,100.237,7637.7598,101.29,76599.8828,1778.2,3.965,4.947,5.296,2026-09-08,261007,29047,231960,54403,324677,-270274
2026-09-17T21:28:44.244479+00:00,17766.0,18142.0,177667.0,180587.0,4341.69,4341.64,4341.74,True,1.2754,1.275514,1.2753,True,178.03,178032.11,-365.11,-0.21,-2920.0,-1.64,False,180.4,177.66,1.52,4263.76,4373.22,4262.49,110.73,179760.0,180915.0,177735.0,3180.0,179.58,180.73,177.55,3.18,4396.26,4329.28,4262.3,3.0943,4329.28,4315.95,4337.42,4345.92,4337.29,4332.44,4322.83,4322.83,13.48,1.8254,0.5817,1.8254,1.1486,1,0,1,1,1,4,DOMINANT,3774.21,3234.25,675476.36,6106.51,6059.26,3571.37,29186.1,416895.99,34057.19,5537.89,65.715,15.44,100.217,7637.7598,101.09,76506.2812,1775.3,3.965,4.947,5.296,2026-09-08,261007,29047,231960,54403,324677,-270274
2026-09-17T22:04:12.262106+00:00,17766.0,18142.0,177667.0,180587.0,4341.92,4342.1,4341.74,True,1.2754,1.275514,1.2753,True,178.04,178041.54,-374.54,-0.21,-2920.0,-1.64,False,180.4,177.66,1.52,4269.82,4373.22,4262.49,110.73,179760.0,180915.0,177735.0,3180.0,179.58,180.73,177.55,3.18,4393.79,4332.89,4271.99,2.8111,4332.89,4316.89,4337.03,4345.27,4337.71,4333.13,4323.57,4323.2,12.14,1.6832,0.6337,1.6832,1.2441,1,1,1,1,1,5,EXTENDED,3774.41,3234.42,675512.14,6106.84,6059.58,3571.55,29187.65,416918.07,34059.0,5538.18,65.715,15.44,100.222,7637.7598,101.09,76309.9297,1775.3,3.965,4.947,5.296,2026-09-08,261007,29047,231960,54403,324677,-270274
2026-09-17T23:04:02.960830+00:00,17766.0,18142.0,177667.0,180587.0,4343.86,4343.48,4344.25,True,1.2754,1.275514,1.2753,True,178.12,178121.3,-454.3,-0.26,-2920.0,-1.64,False,180.4,177.66,1.52,4262.49,4373.22,4262.49,110.73,179760.0,180915.0,177735.0,3180.0,179.58,180.73,177.55,3.18,4388.01,4336.86,4285.71,2.3588,4336.86,4317.68,4336.63,4344.76,4338.11,4333.78,4324.29,4323.57,10.98,1.8635,0.639,1.6991,1.1398,1,1,1,1,1,5,EXTENDED,3776.1,3235.87,675814.75,6109.57,6062.3,3573.15,29200.72,417104.83,34074.25,5540.66,65.795,15.44,100.236,7637.7598,101.19,76433.6797,1775.0,3.965,4.947,5.296,2026-09-08,261007,29047,231960,54403,324677,-270274
2026-09-17T23:08:41.372769+00:00,17766.0,18142.0,177667.0,180587.0,4343.9,4343.32,4344.49,True,1.2754,1.275514,1.2753,True,178.12,178122.94,-455.94,-0.26,-2920.0,-1.64,False,180.4,177.66,1.52,4262.49,4373.22,4262.49,110.73,179760.0,180915.0,177735.0,3180.0,179.58,180.73,177.55,3.18,4384.35,4339.91,4295.47,2.048,4339.91,4318.45,4336.26,4344.62,4338.66,4334.53,4325.06,4323.97,10.09,1.909,0.684,1.909,0.9205,1,1,0,1,1,4,DOMINANT,3776.14,3235.9,675820.97,6109.63,6062.35,3573.19,29200.99,417108.67,34074.57,5540.71,65.82,15.44,100.236,7637.7598,101.13,76401.2891,1775.4,3.965,4.947,5.296,2026-09-08,261007,29047,231960,54403,324677,-270274
2026-09-18T00:06:22.520269+00:00,17697.0,18074.0,176987.0,179908.0,4344.5,4344.25,4344.755,True,1.2754,1.275514,1.2753,True,178.15,178147.44,-1160.44,-0.65,-2921.0,-1.65,False,179.73,176.98,1.53,4282.93,4373.22,4282.93,90.29,177735.0,180915.0,177735.0,3180.0,177.55,180.73,177.55,3.18,4382.57,4342.05,4301.53,1.8664,4342.05,4319.13,4335.9,4344.51,4339.16,4335.22,4325.79,4324.37,9.29,1.4236,0.6292,1.4236,1.1399,1,1,0,1,1,4,DOMINANT,3776.66,3236.35,675913.93,6110.47,6063.19,3573.68,29205.01,417166.05,34079.26,5541.47,65.955,15.44,100.241,7637.7598,101.22,76311.7969,1782.0,3.965,4.947,5.296,2026-09-08,261007,29047,231960,54403,324677,-270274
2026-09-18T00:24:57.243305+00:00,17726.0,18102.0,177274.0,180195.0,4356.33,4356.66,4355.995,True,1.2754,1.275514,1.2753,True,178.63,178632.33,-1358.33,-0.76,-2921.0,-1.65,False,180.01,177.27,1.52,4282.93,4373.22,4282.93,90.29,177735.0,180915.0,177735.0,3180.0,177.55,180.73,177.55,3.18,4381.32,4343.8,4306.28,1.7275,4343.8,4320.13,4335.54,4344.51,4339.66,4335.91,4326.53,4324.77,8.6,1.4376,0.4825,1.009,0.8962,1,1,0,1,1,4,DOMINANT,3786.94,3245.15,677753.65,6127.1,6079.69,3583.41,29284.5,418301.5,34172.01,5556.56,66.075,15.44,100.233,7637.7598,100.83,76295.6875,1780.0,3.965,4.947,5.296,2026-09-08,261007,29047,231960,54403,324677,-270274
2026-09-18T01:26:41.329815+00:00,17747.0,18123.0,177479.0,180400.0,4361.5,4361.2,4361.805,True,1.2755,1.275668,1.2753,True,178.86,178855.33,-1376.33,-0.77,-2921.0,-1.65,False,180.22,177.48,1.52,4309.55,4373.22,4308.14,65.08,178351.0,180915.0,178351.0,2564.0,178.17,180.73,178.17,2.56,4380.1,4346.21,4312.32,1.5595,4346.21,4321.38,4335.29,4346.33,4341.25,4337.42,4327.7,4325.39,8.91,1.0855,0.7237,1.0855,1.5126,1,1,0,1,0,3,DOMINANT,3797.23,3263.42,679680.02,6132.46,6096.92,3596.96,29317.34,418518.2,34216.79,5563.83,66.155,15.44,100.233,7637.7598,101.39,76512.6172,1788.9,3.965,4.947,5.296,2026-09-08,261007,29047,231960,54403,324677,-270274
2026-09-18T01:37:36.288787+00:00,17747.0,18123.0,177479.0,180400.0,4354.14,4354.07,4354.21,True,1.2755,1.275668,1.2753,True,178.55,178553.41,-1074.41,-0.6,-2921.0,-1.65,False,180.22,177.48,1.52,4308.14,4373.22,4308.14,65.08,178926.0,180915.0,178553.0,2362.0,178.74,180.73,178.37,2.36,4378.78,4348.76,4318.74,1.3806,4348.76,4322.73,4335.09,4348.66,4343.18,4339.2,4329.02,4326.11,9.46,1.2386,0.8432,1.2386,1.7663,1,1,0,1,0,3,DOMINANT,3790.82,3257.91,678532.68,6122.11,6086.63,3590.89,29267.85,417811.71,34159.03,5554.44,66.34,15.44,100.228,7637.7598,101.31,76560.6328,1792.3,3.965,4.947,5.296,2026-09-08,261007,29047,231960,54403,324677,-270274
2026-09-18T04:34:08.055636+00:00,17723.0,18100.0,177246.0,180167.0,4360.26,4360.57,4359.955,True,1.2755,1.275668,1.2753,True,178.8,178804.48,-1558.48,-0.87,-2921.0,-1.65,False,179.98,177.24,1.52,4310.43,4373.22,4309.6,63.62,178553.0,180915.0,178553.0,2362.0,178.37,180.73,178.37,2.36,4374.73,4350.99,4327.25,1.0912,4350.99,4323.93,4334.85,4349.5,4344.22,4340.31,4330.01,4326.66,9.19,1.0141,0.5067,1.0141,1.8162,1,1,0,1,0,3,DOMINANT,3796.15,3262.49,679486.78,6130.72,6095.19,3595.93,29309.01,418399.21,34207.06,5562.25,66.44,15.44,100.201,7637.7598,101.32,77154.0703,1797.4,3.965,4.947,5.296,2026-09-08,261007,29047,231960,54403,324677,-270274
2026-09-18T05:59:24.877783+00:00,17808.0,18185.0,178093.0,181016.0,4377.02,4377.08,4376.955,True,1.2755,1.275668,1.2753,True,179.49,179491.56,-1398.56,-0.78,-2923.0,-1.64,False,180.83,178.09,1.52,4310.43,4373.22,4309.6,63.62,178553.0,180915.0,178553.0,2362.0,178.37,180.73,178.37,2.36,4374.56,4352.45,4330.34,1.016,4352.45,4325.39,4334.64,4351.16,4345.75,4341.79,4331.19,4327.33,9.37,1.156,0.3981,1.1755,2.1461,1,1,0,1,0,3,DOMINANT,3810.74,3275.02,682097.82,6154.27,6118.61,3609.75,29421.63,420006.97,34338.5,5583.62,66.99,15.44,100.298,7637.7598,100.94,77422.4609,1806.0,3.965,4.947,5.296,2026-09-08,261007,29047,231960,54403,324677,-270274
2026-09-18T06:36:40.927532+00:00,17890.0,18267.0,178913.0,181837.0,4392.32,4392.45,4392.2,True,1.2755,1.275668,1.2753,True,180.12,180119.29,-1206.29,-0.67,-2924.0,-1.63,False,181.65,178.91,1.51,4310.43,4377.02,4309.6,67.42,178553.0,181016.0,178553.0,2463.0,178.37,180.83,178.37,2.46,4377.12,4354.72,4332.32,1.0288,4354.72,4327.3,4334.52,4355.14,4348.73,4344.4,4332.99,4328.31,10.74,1.5449,0.784,1.0609,2.3285,1,1,0,1,0,3,DOMINANT,3824.06,3286.48,684483.28,6175.8,6140.01,3622.38,29524.53,421475.84,34458.59,5603.15,67.215,15.44,100.274,7637.7598,100.45,77459.6562,1813.9,3.965,4.947,5.296,2026-09-08,261007,29047,231960,54403,324677,-270274
2026-09-18T06:44:51.600178+00:00,17890.0,18267.0,178913.0,181837.0,4396.2,4395.75,4396.655,True,1.2755,1.275668,1.2753,True,180.28,180278.3,-1365.3,-0.76,-2924.0,-1.63,False,181.65,178.91,1.51,4309.6,4392.32,4309.6,82.72,178553.0,181837.0,178553.0,3284.0,178.37,181.65,178.37,3.28,4384.63,4357.04,4329.45,1.2665,4357.04,4329.47,4334.5,4360.86,4352.88,4347.95,4335.32,4329.58,12.91,1.9194,1.1363,1.4041,2.3636,1,1,0,1,0,3,DOMINANT,3827.44,3289.38,685087.54,6181.25,6145.43,3625.57,29550.59,421847.92,34489.01,5608.09,67.27,15.44,100.289,7637.7598,100.05,77454.2188,1814.0,3.965,4.947,5.296,2026-09-08,261007,29047,231960,54403,324677,-270274
2026-09-18T09:35:21.490715+00:00,17925.0,18302.0,179259.0,182185.0,4385.57,4385.29,4385.84,True,1.2755,1.275668,1.2753,True,179.84,179842.08,-583.08,-0.32,-2926.0,-1.63,False,182.0,179.26,1.51,4346.02,4396.2,4341.23,54.97,180183.0,181837.0,179908.0,1929.0,180.0,181.65,179.73,1.92,4391.77,4359.22,4326.67,1.4934,4359.22,4331.71,4334.53,4366.29,4357.01,4351.52,4337.71,4330.9,14.77,1.1546,1.2238,1.1546,2.4006,1,1,0,1,0,3,DOMINANT,3818.18,3281.42,683429.83,6166.29,6130.56,3616.8,29479.09,420827.17,34405.56,5594.52,67.72,15.18,100.35,7637.7598,95.43,78032.5078,1822.7,3.965,4.947,5.296,2026-09-08,261007,29047,231960,54403,324677,-270274
2026-09-18T11:23:44.340059+00:00,17850.0,18226.0,178508.0,181434.0,4382.47,4382.25,4382.685,True,1.2755,1.275668,1.2753,True,179.72,179715.05,-1207.05,-0.67,-2926.0,-1.64,False,181.25,178.51,1.51,4346.02,4396.2,4341.23,54.97,180183.0,182185.0,179908.0,2277.0,180.0,182.0,179.73,2.27,4393.94,4359.84,4325.74,1.5643,4359.84,4333.65,4334.48,4369.26,4359.73,4354.04,4339.58,4331.98,15.22,0.91,0.063,0.7586,2.4857,1,1,0,1,0,3,DOMINANT,3815.48,3279.1,682947.13,6161.94,6126.23,3614.25,29458.27,420529.94,34381.26,5590.57,67.675,15.35,100.411,7637.7598,95.77,78024.3984,1822.6,3.965,4.947,5.296,2026-09-08,261007,29047,231960,54403,324677,-270274
2026-09-18T11:49:25.900761+00:00,17850.0,18226.0,178508.0,181434.0,4375.76,4375.42,4376.105,True,1.2755,1.275668,1.2753,True,179.44,179440.1,-932.1,-0.52,-2926.0,-1.64,False,181.25,178.51,1.51,4346.02,4396.2,4341.23,54.97,180183.0,182185.0,179908.0,2277.0,180.0,182.0,179.73,2.27,4396.1,4360.63,4325.16,1.6268,4360.63,4334.67,4334.42,4371.29,4361.89,4356.15,4341.26,4332.98,15.14,0.8387,-0.0078,0.2115,2.0358,1,1,1,1,0,4,DOMINANT,3809.64,3274.09,681902.24,6152.51,6116.86,3608.72,29413.2,419886.55,34328.66,5582.02,67.555,15.37,100.498,7637.7598,96.13,77975.9297,1820.1,3.965,4.947,5.296,2026-09-08,261007,29047,231960,54403,324677,-270274
2026-09-18T11:53:53.430151+00:00,17850.0,18226.0,178508.0,181434.0,4374.16,4373.58,4374.75,True,1.2755,1.275668,1.2753,True,179.37,179374.59,-866.59,-0.48,-2926.0,-1.64,False,181.25,178.51,1.51,4346.02,4396.2,4341.23,54.97,180183.0,182185.0,179908.0,2277.0,180.0,182.0,179.73,2.27,4397.43,4361.32,4325.21,1.6559,4361.32,4335.73,4334.26,4371.98,4363.21,4357.6,4342.62,4333.83,14.38,0.6843,-0.1609,0.2086,1.706,1,1,1,1,0,4,DOMINANT,3808.25,3272.89,681653.3,6150.26,6114.62,3607.4,29402.46,419733.26,34316.12,5579.98,67.45,15.32,100.513,7637.7598,96.19,78019.9531,1818.3,3.965,4.947,5.296,2026-09-08,261007,29047,231960,54403,324677,-270274
2026-09-18T14:20:33.247969+00:00,17760.0,18137.0,177609.0,180536.0,4349.36,4351.2,4347.52,True,1.277,1.275668,1.2784,True,178.57,178574.13,-965.13,-0.54,-2927.0,-1.65,False,180.35,177.61,1.52,4361.93,4396.2,4341.23,54.97,180587.0,182185.0,179908.0,2277.0,180.4,182.0,179.73,2.27,4398.54,4361.97,4325.4,1.6768,4361.97,4336.69,4334.06,4372.32,4364.26,4358.83,4343.85,4334.63,13.49,0.2804,-0.0443,0.2804,1.5971,1,1,1,1,0,4,DOMINANT,3786.66,3254.33,677787.78,6115.39,6079.95,3586.94,29235.72,417353.03,34121.53,5548.34,66.78,15.54,100.481,7623.4302,97.47,80651.9922,1793.1,3.978,4.994,5.325,2026-09-08,261007,29047,231960,54403,324677,-270274
2026-09-18T16:29:46.806735+00:00,17760.0,18137.0,177609.0,180536.0,4371.13,4368.67,4373.59,True,1.277,1.275668,1.2784,True,179.47,179467.96,-1858.96,-1.04,-2927.0,-1.65,False,180.35,177.61,1.52,4361.93,4396.2,4341.23,54.97,180587.0,182185.0,179908.0,2277.0,180.4,182.0,179.73,2.27,4398.34,4361.34,4324.34,1.6967,4361.34,4337.11,4333.76,4368.78,4362.84,4358.13,4344.07,4334.92,10.65,-0.2882,-0.3094,-0.2701,0.9165,1,1,1,0,0,3,DOMINANT,3805.61,3270.62,681180.33,6146.0,6110.38,3604.9,29382.06,419442.03,34292.31,5576.11,66.87,15.38,100.34,7618.5698,96.66,81003.8203,1805.9,3.982,4.998,5.332,2026-09-08,261007,29047,231960,54403,324677,-270274
2026-09-18T16:42:05.822198+00:00,17760.0,18137.0,177609.0,180536.0,4379.31,4378.67,4379.955,True,1.277,1.275668,1.2784,True,179.8,179803.91,-2194.91,-1.22,-2927.0,-1.65,False,180.35,177.61,1.52,4361.93,4396.2,4341.23,54.97,180587.0,182185.0,179908.0,2277.0,180.4,182.0,179.73,2.27,4399.0,4361.75,4324.5,1.708,4361.75,4337.6,4333.54,4369.14,4363.63,4359.09,4345.13,4335.63,10.05,0.2109,0.1896,0.2109,1.7905,1,1,1,1,0,4,DOMINANT,3812.73,3276.74,682455.46,6157.5,6121.82,3611.65,29437.06,420227.2,34356.51,5586.55,67.14,15.59,100.313,7619.1699,96.37,80873.0078,1809.0,3.982,5.004,5.337,2026-09-08,261007,29047,231960,54403,324677,-270274
2026-09-18T16:45:16.645792+00:00,17760.0,18137.0,177609.0,180536.0,4379.01,4379.77,4378.255,True,1.277,1.275668,1.2784,True,179.79,179791.59,-2182.59,-1.21,-2927.0,-1.65,False,180.35,177.61,1.52,4361.93,4396.2,4341.23,54.97,180587.0,182185.0,179908.0,2277.0,180.4,182.0,179.73,2.27,4400.38,4363.65,4326.92,1.6835,4363.65,4338.2,4333.35,4370.71,4365.12,4360.59,4346.47,4336.5,10.12,0.3984,0.377,0.372,1.9884,1,1,1,1,0,4,DOMINANT,3812.47,3276.52,682408.71,6157.08,6121.4,3611.4,29435.04,420198.41,34354.15,5586.17,67.21,15.47,100.305,7621.21,96.28,80915.0,1809.1,3.982,4.998,5.333,2026-09-08,261007,29047,231960,54403,324677,-270274
2026-09-18T18:18:02.509790+00:00,17760.0,18137.0,177609.0,180536.0,4389.86,4390.54,4389.185,True,1.277,1.275668,1.2784,True,180.24,180237.07,-2628.07,-1.46,-2927.0,-1.65,False,180.35,177.61,1.52,4363.08,4396.2,4341.23,54.97,180587.0,182185.0,179908.0,2277.0,180.4,182.0,179.73,2.27,4401.32,4365.52,4329.72,1.6401,4365.52,4338.97,4333.29,4371.99,4366.44,4361.95,4347.75,4337.34,10.04,0.3651,0.767,0.8703,1.9814,1,1,1,1,0,4,DOMINANT,3821.92,3284.64,684099.53,6172.34,6136.57,3620.35,29507.98,421239.55,34439.27,5600.01,67.27,15.24,100.221,7629.6201,95.91,80838.6719,1811.9,3.98,5.0,5.334,2026-09-08,261007,29047,231960,54403,324677,-270274
2026-09-18T19:15:08.425126+00:00,17760.0,18137.0,177609.0,180536.0,4383.44,4383.41,4383.47,True,1.277,1.275668,1.2784,True,179.97,179973.38,-2364.38,-1.31,-2927.0,-1.65,False,180.35,177.61,1.52,4341.23,4396.2,4341.23,54.97,180587.0,182185.0,179908.0,2277.0,180.4,182.0,179.73,2.27,4403.46,4367.93,4332.4,1.6269,4367.93,4339.89,4333.26,4374.74,4368.67,4364.02,4349.4,4338.38,10.72,1.1202,0.9535,1.1118,2.2291,1,1,1,1,0,4,DOMINANT,3816.33,3279.83,683098.68,6163.31,6127.59,3615.05,29464.8,420623.26,34388.89,5591.81,66.945,14.99,100.222,7641.6001,95.43,81184.3984,1807.9,3.978,4.998,5.331,2026-09-08,261007,29047,231960,54403,324677,-270274
2026-09-18T19:41:14.603745+00:00,17760.0,18137.0,177609.0,180536.0,4381.49,4381.39,4381.585,True,1.277,1.275668,1.2784,True,179.89,179893.21,-2284.21,-1.27,-2927.0,-1.65,False,180.35,177.61,1.52,4341.23,4396.2,4341.23,54.97,180587.0,182185.0,179908.0,2277.0,180.4,182.0,179.73,2.27,4403.94,4370.0,4336.06,1.5533,4370.0,4340.62,4333.21,4376.07,4370.08,4365.46,4350.73,4339.27,10.61,0.9723,0.8058,0.9616,2.237,1,1,1,1,0,4,DOMINANT,3814.63,3278.37,682794.41,6160.56,6124.86,3613.44,29451.68,420435.9,34373.57,5589.32,66.95,14.99,100.191,7640.4702,95.63,81179.4219,1805.6,3.978,4.998,5.331,2026-09-15,258059,27721,230338,56417,318138,-261721
2026-09-18T19:56:24.815577+00:00,17760.0,18137.0,177609.0,180536.0,4377.01,4376.96,4377.06,True,1.277,1.275668,1.2784,True,179.71,179709.38,-2100.38,-1.17,-2927.0,-1.65,False,180.35,177.61,1.52,4341.23,4396.2,4341.23,54.97,180587.0,182185.0,179908.0,2277.0,180.4,182.0,179.73,2.27,4403.85,4371.89,4339.93,1.4621,4371.89,4341.36,4333.23,4376.91,4371.17,4366.65,4351.94,4340.11,10.26,0.9274,0.761,0.9113,2.3411,1,1,0,1,0,3,DOMINANT,3810.73,3275.02,682096.65,6154.26,6118.6,3609.75,29421.58,420006.25,34338.44,5583.61,66.955,14.93,100.199,7646.2598,95.6,81211.4922,1805.5,3.978,4.998,5.331,2026-09-15,258059,27721,230338,56417,318138,-261721
2026-09-18T21:34:56.558600+00:00,17760.0,18137.0,177609.0,180536.0,4377.7,4377.48,4377.915,True,1.277,1.275668,1.2784,True,179.74,179737.6,-2128.6,-1.18,-2927.0,-1.65,False,180.35,177.61,1.52,4341.92,4396.2,4341.92,54.28,180587.0,182185.0,179908.0,2277.0,180.4,182.0,179.73,2.27,4402.7,4373.54,4344.38,1.3335,4373.54,4342.01,4333.32,4376.92,4371.72,4367.41,4352.92,4340.84,9.51,0.8082,0.6579,0.7631,2.168,1,1,0,1,0,3,DOMINANT,3811.33,3275.53,682203.79,6155.23,6119.56,3610.31,29426.2,420072.22,34343.84,5584.49,66.785,14.81,100.215,7650.5,95.47,81136.4609,1804.6,3.978,4.998,5.331,2026-09-15,258059,27721,230338,56417,318138,-261721
2026-09-18T21:57:04.948062+00:00,17760.0,18137.0,177609.0,180536.0,4377.7,4377.48,4377.915,True,1.277,1.275668,1.2784,True,179.74,179737.6,-2128.6,-1.18,-2927.0,-1.65,False,180.35,177.61,1.52,4341.92,4396.2,4341.92,54.28,180587.0,182185.0,179908.0,2277.0,180.4,182.0,179.73,2.27,4400.98,4375.2,4349.42,1.1785,4375.2,4342.67,4333.37,4377.04,4372.29,4368.18,4353.89,4341.57,8.86,0.8241,0.6738,0.7781,2.1834,1,1,0,1,0,3,DOMINANT,3811.33,3275.53,682203.79,6155.23,6119.56,3610.31,29426.2,420072.22,34343.84,5584.49,66.785,14.81,100.215,7650.5,95.47,81200.0078,1804.6,3.978,4.998,5.331,2026-09-15,258059,27721,230338,56417,318138,-261721
2026-09-18T22:38:06.471676+00:00,17760.0,18137.0,177609.0,180536.0,4377.7,4377.48,4377.915,True,1.277,1.275668,1.2784,True,179.74,179737.6,-2128.6,-1.18,-2927.0,-1.65,True,180.35,177.61,1.52,4343.86,4396.2,4343.86,52.34,180587.0,182185.0,179908.0,2277.0,180.4,182.0,179.73,2.27,4400.48,4376.27,4352.06,1.1064,4376.27,4344.82,4333.43,4377.14,4372.81,4368.88,4354.83,4342.29,8.26,0.779,0.6738,0.7642,2.0847,1,1,0,1,0,3,DOMINANT,3811.33,3275.53,682203.79,6155.23,6119.56,3610.31,29426.2,420072.22,34343.84,5584.49,66.785,14.81,100.215,7650.5,95.47,81088.8281,1804.6,3.978,4.998,5.331,2026-09-15,258059,27721,230338,56417,318138,-261721
2026-09-18T22:47:53.732573+00:00,17760.0,18137.0,177609.0,180536.0,4377.7,4377.48,4377.915,True,1.277,1.275668,1.2784,True,179.74,179737.6,-2128.6,-1.18,-2927.0,-1.65,True,180.35,177.61,1.52,4343.86,4396.2,4343.86,52.34,180587.0,182185.0,179908.0,2277.0,180.4,182.0,179.73,2.27,4400.27,4377.08,4353.89,1.0596,4377.08,4347.07,4333.51,4377.23,4373.27,4369.53,4355.73,4342.99,7.7,0.779,0.6738,0.4906,1.0636,1,1,0,1,0,3,DOMINANT,3811.33,3275.53,682203.79,6155.23,6119.56,3610.31,29426.2,420072.22,34343.84,5584.49,66.785,14.81,100.215,7650.5,95.47,81106.1094,1804.6,3.978,4.998,5.331,2026-09-15,258059,27721,230338,56417,318138,-261721
2026-09-19T00:08:17.937580+00:00,17760.0,18137.0,177609.0,180536.0,4377.7,4377.48,4377.915,True,1.277,1.275668,1.2784,True,179.74,179737.6,-2128.6,-1.18,-2927.0,-1.65,True,180.35,177.61,1.52,4356.33,4396.2,4349.36,46.84,180195.0,182185.0,180167.0,2018.0,180.01,182.0,179.98,2.02,4398.79,4378.26,4357.73,0.9378,4378.26,4349.44,4333.7,4377.3,4373.69,4370.14,4356.59,4343.67,7.16,0.4906,0.6738,0.3714,1.2707,1,1,0,1,0,3,DOMINANT,3811.33,3275.53,682203.79,6155.23,6119.56,3610.31,29426.2,420072.22,34343.84,5584.49,66.785,14.81,100.215,7650.5,95.47,80850.0078,1804.6,3.978,4.998,5.331,2026-09-15,258059,27721,230338,56417,318138,-261721
2026-09-19T00:42:42.348307+00:00,17760.0,18137.0,177609.0,180536.0,4377.7,4377.48,4377.915,True,1.2775,1.276568,1.2784,True,179.8,179800.94,-2191.94,-1.22,-2927.0,-1.65,True,180.35,177.61,1.52,4361.5,4396.2,4349.36,46.84,180400.0,182185.0,180167.0,2018.0,180.22,182.0,179.98,2.02,4397.84,4379.13,4360.42,0.8545,4379.13,4351.72,4333.9,4377.36,4374.08,4370.7,4357.41,4344.35,6.66,0.3714,0.6738,0.5411,1.1956,1,1,0,1,0,3,DOMINANT,3814.12,3275.03,687539.69,6148.27,6125.27,3604.26,29392.24,420213.29,34343.58,5588.43,66.785,14.81,100.215,7650.5,95.47,81253.4219,1804.6,3.978,4.998,5.331,2026-09-15,258059,27721,230338,56417,318138,-261721
2026-09-19T01:14:29.975960+00:00,17760.0,18137.0,177609.0,180536.0,4377.7,4377.48,4377.915,True,1.2775,1.276568,1.2784,True,179.8,179800.94,-2191.94,-1.22,-2927.0,-1.65,True,180.35,177.61,1.52,4361.5,4396.2,4349.36,46.84,180400.0,182185.0,180167.0,2018.0,180.22,182.0,179.98,2.02,4397.86,4379.16,4360.46,0.854,4379.16,4353.88,4334.11,4377.42,4374.42,4371.22,4358.21,4345.01,6.2,0.3714,0.6738,0.4,1.1404,1,1,0,1,0,3,DOMINANT,3814.12,3275.03,687539.69,6148.27,6125.27,3604.26,29392.24,420213.29,34343.58,5588.43,66.785,14.81,100.215,7650.5,95.47,81260.8281,1804.6,3.978,4.998,5.331,2026-09-15,258059,27721,230338,56417,318138,-261721
2026-09-19T01:33:03.639826+00:00,17760.0,18137.0,177609.0,180536.0,4377.7,4377.48,4377.915,True,1.2775,1.276568,1.2784,True,179.8,179800.94,-2191.94,-1.22,-2927.0,-1.65,True,180.35,177.61,1.52,4354.14,4396.2,4349.36,46.84,180400.0,182185.0,180167.0,2018.0,180.22,182.0,179.98,2.02,4396.07,4378.43,4360.79,0.8058,4378.43,4356.05,4334.4,4377.46,4374.73,4371.7,4358.97,4345.66,5.76,0.5411,0.6738,0.0155,0.7141,1,1,0,1,0,3,DOMINANT,3814.12,3275.03,687539.69,6148.27,6125.27,3604.26,29392.24,420213.29,34343.58,5588.43,66.785,14.81,100.215,7650.5,95.47,81157.6406,1804.6,3.978,4.998,5.331,2026-09-15,258059,27721,230338,56417,318138,-261721
2026-09-19T05:11:24.548789+00:00,17760.0,18137.0,177609.0,180536.0,4377.41,4376.91,4377.915,True,1.2775,1.276568,1.2784,True,179.79,179789.23,-2180.23,-1.21,-2927.0,-1.65,False,180.35,177.61,1.52,4377.02,4396.2,4349.36,46.84,181016.0,182185.0,180536.0,1649.0,180.83,182.0,180.35,1.65,4393.05,4377.51,4361.97,0.71,4377.51,4358.35,4334.71,4377.5,4375.02,4372.14,4359.71,4346.29,5.36,0.0155,0.6819,-0.3329,0.6474,1,1,0,0,0,2,EMERGING,3813.87,3274.82,687494.93,6147.87,6124.88,3604.02,29390.33,420185.93,34341.34,5588.06,66.556,14.81,100.22,7650.5,100.3,81063.4531,1803.5,3.978,4.998,5.331,2026-09-15,258059,27721,230338,56417,318138,-261721
2026-09-19T05:42:00.962466+00:00,17760.0,18137.0,177609.0,180536.0,4400.9,4376.91,4424.89990234375,True,1.2775,1.276568,1.2784,True,180.75,180754.12,-3145.12,-1.74,-2927.0,-1.65,False,180.35,177.61,1.52,4377.02,4396.2,4349.36,46.84,181016.0,182185.0,180536.0,1649.0,180.83,182.0,180.35,1.65,4392.17,4377.1,4362.03,0.6886,4377.1,4360.24,4335.01,4377.48,4375.24,4372.53,4360.4,4346.91,4.95,0.0089,0.6752,-0.4274,0.8466,1,1,0,0,0,2,EMERGING,3834.34,3292.39,691184.54,6180.87,6157.75,3623.37,29548.06,422440.96,34525.64,5618.05,66.556,14.81,100.22,7650.5,100.3,81049.5,1803.5,3.978,4.998,5.331,2026-09-15,258059,27721,230338,56417,318138,-261721
2026-09-19T05:58:07.618362+00:00,17760.0,18137.0,177609.0,180536.0,4377.41,4376.91,4377.915,True,1.2775,1.276568,1.2784,True,179.79,179789.23,-2180.23,-1.21,-2927.0,-1.65,False,180.35,177.61,1.52,4377.02,4400.9,4349.36,51.54,181016.0,182185.0,180536.0,1649.0,180.83,182.0,180.35,1.65,4396.37,4378.02,4359.67,0.8383,4378.02,4362.24,4335.43,4381.09,4377.69,4374.63,4361.99,4347.98,6.46,0.5456,1.2155,0.3496,1.3173,1,1,0,1,0,3,DOMINANT,3813.87,3274.82,687494.93,6147.87,6124.88,3604.02,29390.33,420185.93,34341.34,5588.06,66.556,14.81,100.22,7650.5,100.3,81011.7891,1803.5,3.978,4.998,5.331,2026-09-15,258059,27721,230338,56417,318138,-261721
2026-09-19T06:35:04.242465+00:00,17760.0,18137.0,177609.0,180536.0,4377.41,4376.91,4377.915,True,1.2775,1.276568,1.2784,True,179.79,179789.23,-2180.23,-1.21,-2927.0,-1.65,False,180.35,177.61,1.52,4392.32,4400.9,4349.36,51.54,181837.0,182185.0,180536.0,1649.0,181.65,182.0,180.35,1.65,4396.42,4378.1,4359.78,0.8369,4378.1,4363.59,4335.74,4380.52,4377.66,4374.84,4362.6,4348.56,5.68,-0.3395,0.6752,-0.1155,0.6991,1,1,0,0,0,2,EMERGING,3813.87,3274.82,687494.93,6147.87,6124.88,3604.02,29390.33,420185.93,34341.34,5588.06,66.556,14.81,100.22,7650.5,100.3,81038.0391,1803.5,3.978,4.998,5.331,2026-09-15,258059,27721,230338,56417,318138,-261721
2026-09-19T09:45:52.284833+00:00,17760.0,18137.0,177609.0,180536.0,4377.41,4376.91,4377.915,True,1.2775,1.276568,1.2784,True,179.79,179789.23,-2180.23,-1.21,-2927.0,-1.65,True,180.35,177.61,1.52,4382.47,4400.9,4349.36,51.54,181434.0,181434.0,180536.0,898.0,181.25,181.25,180.35,0.9,4396.5,4378.27,4360.04,0.8327,4378.27,4364.98,4336.05,4380.04,4377.64,4375.03,4363.18,4349.13,5.01,-0.1155,0.6752,0.0377,0.7631,1,1,0,1,0,3,DOMINANT,3813.87,3274.82,687494.93,6147.87,6124.88,3604.02,29390.33,420185.93,34341.34,5588.06,66.556,14.81,100.22,7650.5,100.3,81253.4609,1803.5,3.978,4.998,5.331,2026-09-15,258059,27721,230338,56417,318138,-261721
2026-09-19T10:47:06.523720+00:00,17760.0,18137.0,177609.0,180536.0,4377.41,4376.91,4377.915,True,1.2775,1.276568,1.2784,True,179.79,179789.23,-2180.23,-1.21,-2927.0,-1.65,True,180.35,177.61,1.52,4382.47,4400.9,4349.36,51.54,181434.0,181434.0,180536.0,898.0,181.25,181.25,180.35,0.9,4391.85,4379.67,4367.49,0.5562,4379.67,4366.32,4336.36,4379.64,4377.62,4375.21,4363.73,4349.69,4.43,-0.1155,0.6752,0.0743,0.7577,1,1,0,1,0,3,DOMINANT,3813.87,3274.82,687494.93,6147.87,6124.88,3604.02,29390.33,420185.93,34341.34,5588.06,66.556,14.81,100.22,7650.5,100.3,81252.7734,1803.5,3.978,4.998,5.331,2026-09-15,258059,27721,230338,56417,318138,-261721
2026-09-19T11:07:45.685676+00:00,17760.0,18137.0,177609.0,180536.0,4377.41,4376.91,4377.915,True,1.2775,1.276568,1.2784,True,179.79,179789.23,-2180.23,-1.21,-2927.0,-1.65,True,180.35,177.61,1.52,4382.47,4400.9,4349.36,51.54,181434.0,181434.0,180536.0,898.0,181.25,181.25,180.35,0.9,4391.54,4379.98,4368.42,0.5279,4379.98,4367.67,4336.62,4379.29,4377.6,4375.37,4364.27,4350.24,3.92,-0.1155,0.6752,0.6449,0.7522,1,1,0,1,0,3,DOMINANT,3813.87,3274.82,687494.93,6147.87,6124.88,3604.02,29390.33,420185.93,34341.34,5588.06,66.556,14.81,100.22,7650.5,100.3,81266.0078,1803.5,3.978,4.998,5.331,2026-09-15,258059,27721,230338,56417,318138,-261721
2026-09-19T11:31:15.705163+00:00,17760.0,18137.0,177609.0,180536.0,4377.41,4376.91,4377.915,True,1.2775,1.276568,1.2784,True,179.79,179789.23,-2180.23,-1.21,-2927.0,-1.65,True,180.35,177.61,1.52,4375.76,4400.9,4349.36,51.54,181434.0,181434.0,180536.0,898.0,181.25,181.25,180.35,0.9,4391.5,4379.89,4368.28,0.5302,4379.89,4368.6,4336.9,4379.0,4377.58,4375.52,4364.79,4350.78,3.48,0.0377,0.6752,0.1437,2.5042,1,1,0,1,0,3,DOMINANT,3813.87,3274.82,687494.93,6147.87,6124.88,3604.02,29390.33,420185.93,34341.34,5588.06,66.556,14.81,100.22,7650.5,100.3,81223.1094,1803.5,3.978,4.998,5.331,2026-09-15,258059,27721,230338,56417,318138,-261721
2026-09-19T13:30:19.553252+00:00,17760.0,18137.0,177609.0,180536.0,4377.41,4376.91,4377.915,True,1.2775,1.276568,1.2784,True,179.79,179789.23,-2180.23,-1.21,-2927.0,-1.65,True,180.35,177.61,1.52,4349.36,4400.9,4349.36,51.54,180536.0,180536.0,180536.0,0.0,180.35,180.35,180.35,0.0,4391.47,4379.81,4368.15,0.5324,4379.81,4369.52,4337.16,4378.76,4377.56,4375.66,4365.28,4351.3,3.1,0.6449,0.6752,-0.0434,2.6303,1,1,0,0,0,2,EMERGING,3813.87,3274.82,687494.93,6147.87,6124.88,3604.02,29390.33,420185.93,34341.34,5588.06,66.556,14.81,100.22,7650.5,100.3,81183.1797,1803.5,3.978,4.998,5.331,2026-09-15,258059,27721,230338,56417,318138,-261721
2026-09-19T14:18:28.880558+00:00,17760.0,18137.0,177609.0,180536.0,4377.41,4376.91,4377.915,True,1.2775,1.276568,1.2784,True,179.79,179789.23,-2180.23,-1.21,-2927.0,-1.65,True,180.35,177.61,1.52,4349.36,4400.9,4349.36,51.54,180536.0,180536.0,180536.0,0.0,180.35,180.35,180.35,0.0,4389.88,4379.19,4368.5,0.4882,4379.19,4370.15,4337.39,4378.55,4377.55,4375.79,4365.76,4351.82,2.76,0.6449,0.6752,-0.0365,2.7829,1,1,0,0,0,2,EMERGING,3813.87,3274.82,687494.93,6147.87,6124.88,3604.02,29390.33,420185.93,34341.34,5588.06,66.556,14.81,100.22,7650.5,100.3,81441.75,1803.5,3.978,4.998,5.331,2026-09-15,258059,27721,230338,56417,318138,-261721
2026-09-19T14:28:55.478315+00:00,17760.0,18137.0,177609.0,180536.0,4377.41,4376.91,4377.915,True,1.2775,1.276568,1.2784,True,179.79,179789.23,-2180.23,-1.21,-2927.0,-1.65,True,180.35,177.61,1.52,4371.13,4400.9,4371.13,29.77,180536.0,180536.0,180536.0,0.0,180.35,180.35,180.35,0.0,4389.4,4378.88,4368.36,0.4805,4378.88,4370.64,4337.62,4378.38,4377.53,4375.91,4366.21,4352.33,2.47,0.1437,0.6752,-0.2836,2.6655,1,1,0,0,0,2,EMERGING,3813.87,3274.82,687494.93,6147.87,6124.88,3604.02,29390.33,420185.93,34341.34,5588.06,66.556,14.81,100.22,7650.5,100.3,81505.8281,1803.5,3.978,4.998,5.331,2026-09-15,258059,27721,230338,56417,318138,-261721
2026-09-19T14:45:29.296500+00:00,17760.0,18137.0,177609.0,180536.0,4377.41,4376.91,4377.915,True,1.2775,1.276568,1.2784,True,179.79,179789.23,-2180.23,-1.21,-2927.0,-1.65,True,180.35,177.61,1.52,4371.13,4400.9,4371.13,29.77,180536.0,180536.0,180536.0,0.0,180.35,180.35,180.35,0.0,4389.15,4378.68,4368.21,0.4782,4378.68,4370.73,4337.84,4378.23,4377.52,4376.02,4366.65,4352.82,2.21,0.1437,0.6752,-0.1376,2.5198,1,1,0,0,0,2,EMERGING,3813.87,3274.82,687494.93,6147.87,6124.88,3604.02,29390.33,420185.93,34341.34,5588.06,66.556,14.81,100.22,7650.5,100.3,81562.6172,1803.5,3.978,4.998,5.331,2026-09-15,258059,27721,230338,56417,318138,-261721
2026-09-19T16:50:02.098948+00:00,17760.0,18137.0,177609.0,180536.0,4377.41,4376.91,4377.915,True,1.2775,1.276568,1.2784,True,179.79,179789.23,-2180.23,-1.21,-2927.0,-1.65,True,180.35,177.61,1.52,4389.86,4400.9,4377.01,23.89,180536.0,180536.0,180536.0,0.0,180.35,180.35,180.35,0.0,4389.15,4378.7,4368.25,0.4773,4378.7,4370.94,4338.01,4378.1,4377.51,4376.12,4367.08,4353.31,1.98,-0.2836,0.6752,-0.0931,2.5303,1,1,0,0,0,2,EMERGING,3813.87,3274.82,687494.93,6147.87,6124.88,3604.02,29390.33,420185.93,34341.34,5588.06,66.556,14.81,100.22,7650.5,100.3,81827.7031,1803.5,3.978,4.998,5.331,2026-09-15,258059,27721,230338,56417,318138,-261721
2026-09-19T17:55:27.461204+00:00,17760.0,18137.0,177609.0,180536.0,4377.41,4376.91,4377.915,True,1.2775,1.276568,1.2784,True,179.79,179789.23,-2180.23,-1.21,-2927.0,-1.65,True,180.35,177.61,1.52,4389.86,4400.9,4377.01,23.89,180536.0,180536.0,180536.0,0.0,180.35,180.35,180.35,0.0,4389.15,4378.69,4368.23,0.4778,4378.69,4371.25,4338.18,4378.0,4377.5,4376.22,4367.48,4353.79,1.78,-0.2836,0.6752,0.0091,2.6961,1,1,0,1,0,3,DOMINANT,3813.87,3274.82,687494.93,6147.87,6124.88,3604.02,29390.33,420185.93,34341.34,5588.06,66.556,14.81,100.22,7650.5,100.3,81427.2109,1803.5,3.978,4.998,5.331,2026-09-15,258059,27721,230338,56417,318138,-261721
2026-09-19T18:04:57.950163+00:00,17760.0,18137.0,177609.0,180536.0,4377.41,4376.91,4377.915,True,1.2775,1.276568,1.2784,True,179.79,179789.23,-2180.23,-1.21,-2927.0,-1.65,True,180.35,177.61,1.52,4389.86,4400.9,4377.01,23.89,180536.0,180536.0,180536.0,0.0,180.35,180.35,180.35,0.0,4389.14,4378.67,4368.2,0.4782,4378.67,4371.58,4338.35,4377.91,4377.49,4376.31,4367.87,4354.26,1.6,-0.2836,0.6752,-0.0066,2.206,1,1,0,0,0,2,EMERGING,3813.87,3274.82,687494.93,6147.87,6124.88,3604.02,29390.33,420185.93,34341.34,5588.06,66.556,14.81,100.22,7650.5,100.3,81466.2031,1803.5,3.978,4.998,5.331,2026-09-15,258059,27721,230338,56417,318138,-261721
2026-09-19T18:12:07.888565+00:00,17760.0,18137.0,177609.0,180536.0,4377.41,4376.91,4377.915,True,1.2775,1.276568,1.2784,True,179.79,179789.23,-2180.23,-1.21,-2927.0,-1.65,True,180.35,177.61,1.52,4389.86,4400.9,4377.01,23.89,180536.0,180536.0,180536.0,0.0,180.35,180.35,180.35,0.0,4389.13,4378.66,4368.19,0.4782,4378.66,4371.89,4338.49,4377.83,4377.49,4376.39,4368.24,4354.71,1.44,-0.2836,0.6752,-0.0066,1.7742,1,1,0,0,0,2,EMERGING,3813.87,3274.82,687494.93,6147.87,6124.88,3604.02,29390.33,420185.93,34341.34,5588.06,66.556,14.81,100.22,7650.5,100.3,81416.3281,1803.5,3.978,4.998,5.331,2026-09-15,258059,27721,230338,56417,318138,-261721
2026-09-19T19:00:37.005004+00:00,17760.0,18137.0,177609.0,180536.0,4377.41,4376.91,4377.915,True,1.2775,1.276568,1.2784,True,179.79,179789.23,-2180.23,-1.21,-2927.0,-1.65,True,180.35,177.61,1.52,4383.44,4400.9,4377.01,23.89,180536.0,180536.0,180536.0,0.0,180.35,180.35,180.35,0.0,4389.12,4378.64,4368.16,0.4787,4378.64,4372.17,4338.47,4377.76,4377.48,4376.46,4368.6,4355.16,1.3,-0.1376,0.6752,-0.0066,1.5746,1,1,0,0,0,2,EMERGING,3813.87,3274.82,687494.93,6147.87,6124.88,3604.02,29390.33,420185.93,34341.34,5588.06,66.556,14.81,100.22,7650.5,100.3,81434.2266,1803.5,3.978,4.998,5.331,2026-09-15,258059,27721,230338,56417,318138,-261721
2026-09-19T20:30:25.085401+00:00,17760.0,18137.0,177609.0,180536.0,4377.41,4376.91,4377.915,True,1.2775,1.276568,1.2784,True,179.79,179789.23,-2180.23,-1.21,-2927.0,-1.65,True,180.35,177.61,1.52,4377.7,4400.9,4377.41,23.49,180536.0,180536.0,180536.0,0.0,180.35,180.35,180.35,0.0,4389.12,4378.63,4368.14,0.4791,4378.63,4372.9,4338.47,4377.71,4377.47,4376.53,4368.95,4355.6,1.18,-0.0066,0.6752,-0.0066,1.6079,1,1,0,0,0,2,EMERGING,3813.87,3274.82,687494.93,6147.87,6124.88,3604.02,29390.33,420185.93,34341.34,5588.06,66.556,14.81,100.22,7650.5,100.3,81237.0234,1803.5,3.978,4.998,5.331,2026-09-15,258059,27721,230338,56417,318138,-261721
2026-09-19T20:46:53.369224+00:00,17760.0,18137.0,177609.0,180536.0,4377.41,4376.91,4377.915,True,1.2775,1.276568,1.2784,True,179.79,179789.23,-2180.23,-1.21,-2927.0,-1.65,True,180.35,177.61,1.52,4377.7,4400.9,4377.41,23.49,180536.0,180536.0,180536.0,0.0,180.35,180.35,180.35,0.0,4389.1,4378.61,4368.12,0.4791,4378.61,4373.61,4338.5,4377.66,4377.47,4376.6,4369.28,4356.04,1.06,-0.0066,0.6752,-0.0066,1.5539,1,1,0,0,0,2,EMERGING,3813.87,3274.82,687494.93,6147.87,6124.88,3604.02,29390.33,420185.93,34341.34,5588.06,66.556,14.81,100.22,7650.5,100.3,81204.0078,1803.5,3.978,4.998,5.331,2026-09-15,258059,27721,230338,56417,318138,-261721
2026-09-19T20:58:22.964653+00:00,17760.0,18137.0,177609.0,180536.0,4377.41,4376.91,4377.915,True,1.2775,1.276568,1.2784,True,179.79,179789.23,-2180.23,-1.21,-2927.0,-1.65,True,180.35,177.61,1.52,4377.7,4400.9,4377.41,23.49,180536.0,180536.0,180536.0,0.0,180.35,180.35,180.35,0.0,4389.1,4378.6,4368.1,0.4796,4378.6,4374.33,4338.55,4377.62,4377.46,4376.66,4369.6,4356.46,0.96,-0.0066,0.6752,-0.0066,1.5735,1,1,0,0,0,2,EMERGING,3813.87,3274.82,687494.93,6147.87,6124.88,3604.02,29390.33,420185.93,34341.34,5588.06,66.556,14.81,100.22,7650.5,100.3,81061.2891,1803.5,3.978,4.998,5.331,2026-09-15,258059,27721,230338,56417,318138,-261721
2026-09-19T21:48:07.494197+00:00,17760.0,18137.0,177609.0,180536.0,4377.41,4376.91,4377.915,True,1.2775,1.276568,1.2784,True,179.79,179789.23,-2180.23,-1.21,-2927.0,-1.65,True,180.35,177.61,1.52,4377.7,4400.9,4377.41,23.49,180536.0,180536.0,180536.0,0.0,180.35,180.35,180.35,0.0,4389.09,4378.58,4368.07,0.4801,4378.58,4375.04,4338.62,4377.59,4377.46,4376.72,4369.91,4356.87,0.87,-0.0066,0.6752,-0.0066,1.0699,1,1,0,0,0,2,EMERGING,3813.87,3274.82,687494.93,6147.87,6124.88,3604.02,29390.33,420185.93,34341.34,5588.06,66.556,14.81,100.22,7650.5,100.3,81046.1719,1803.5,3.978,4.998,5.331,2026-09-15,258059,27721,230338,56417,318138,-261721
2026-09-19T22:52:48.998609+00:00,17760.0,18137.0,177609.0,180536.0,4377.41,4376.91,4377.915,True,1.2775,1.276568,1.2784,True,179.79,179789.23,-2180.23,-1.21,-2927.0,-1.65,True,180.35,177.61,1.52,4377.7,4400.9,4377.41,23.49,180536.0,180536.0,180536.0,0.0,180.35,180.35,180.35,0.0,4389.09,4378.58,4368.07,0.4801,4378.58,4375.71,4338.7,4377.56,4377.45,4376.77,4370.2,4357.28,0.79,-0.0066,0.6752,-0.0066,1.0599,1,1,0,0,0,2,EMERGING,3813.87,3274.82,687494.93,6147.87,6124.88,3604.02,29390.33,420185.93,34341.34,5588.06,66.556,14.81,100.22,7650.5,100.3,81196.4922,1803.5,3.978,4.998,5.331,2026-09-15,258059,27721,230338,56417,318138,-261721
2026-09-19T23:11:42.468988+00:00,17760.0,18137.0,177609.0,180536.0,4377.41,4376.91,4377.915,True,1.2775,1.276568,1.2784,True,179.79,179789.23,-2180.23,-1.21,-2927.0,-1.65,True,180.35,177.61,1.52,4377.7,4400.9,4377.41,23.49,180536.0,180536.0,180536.0,0.0,180.35,180.35,180.35,0.0,4377.41,4377.41,4377.41,0.0,4377.41,4376.38,4338.86,4377.54,4377.45,4376.81,4370.48,4357.68,0.73,-0.0066,0.6752,0.0,0.7223,1,1,1,0,0,3,DOMINANT,3813.87,3274.82,687494.93,6147.87,6124.88,3604.02,29390.33,420185.93,34341.34,5588.06,66.556,14.81,100.22,7650.5,100.3,81219.5078,1803.5,3.978,4.998,5.331,2026-09-15,258059,27721,230338,56417,318138,-261721
2026-09-19T23:29:40.344019+00:00,17760.0,18137.0,177609.0,180536.0,4377.41,4376.91,4377.915,True,1.2775,1.276568,1.2784,True,179.79,179789.23,-2180.23,-1.21,-2927.0,-1.65,True,180.35,177.61,1.52,4377.7,4400.9,4377.41,23.49,180536.0,180536.0,180536.0,0.0,180.35,180.35,180.35,0.0,4377.41,4377.41,4377.41,0.0,4377.41,4377.04,4339.0,4377.52,4377.44,4376.86,4370.75,4358.07,0.66,-0.0066,0.6752,-0.5338,0.5712,1,1,1,0,0,3,DOMINANT,3813.87,3274.82,687494.93,6147.87,6124.88,3604.02,29390.33,420185.93,34341.34,5588.06,66.556,14.81,100.22,7650.5,100.3,81279.1875,1803.5,3.978,4.998,5.331,2026-09-15,258059,27721,230338,56417,318138,-261721
2026-09-19T23:39:35.625735+00:00,17760.0,18137.0,177609.0,180536.0,4377.41,4376.91,4377.915,True,1.2775,1.276568,1.2784,True,179.79,179789.23,-2180.23,-1.21,-2927.0,-1.65,True,180.35,177.61,1.52,4377.7,4400.9,4377.41,23.49,180536.0,180536.0,180536.0,0.0,180.35,180.35,180.35,0.0,4377.41,4377.41,4377.41,0.0,4377.41,4377.46,4339.15,4377.5,4377.44,4376.9,4371.02,4358.45,0.6,-0.0066,0.6752,0.0,0.0958,1,1,1,0,0,3,DOMINANT,3813.87,3274.82,687494.93,6147.87,6124.88,3604.02,29390.33,420185.93,34341.34,5588.06,66.556,14.81,100.22,7650.5,100.3,81272.5781,1803.5,3.978,4.998,5.331,2026-09-15,258059,27721,230338,56417,318138,-261721
2026-09-20T00:57:24.757199+00:00,17760.0,18137.0,177609.0,180536.0,4377.41,4376.91,4377.915,True,1.2775,1.276628,1.2784,True,179.79,179793.46,-2184.46,-1.21,-2927.0,-1.65,True,180.35,177.61,1.52,4377.7,4400.9,4377.41,23.49,180536.0,180536.0,180536.0,0.0,180.35,180.35,180.35,0.0,4377.41,4377.41,4377.41,0.0,4377.41,4377.78,4339.29,4377.49,4377.44,4376.94,4371.27,4358.83,0.55,-0.0066,0.6752,0.0,0.2464,1,1,1,0,0,3,DOMINANT,3814.0,3274.06,687870.47,6149.93,6124.56,3604.5,29409.23,419970.19,34342.09,5588.33,66.556,14.81,100.22,7650.5,100.3,81257.9922,1803.5,3.978,4.998,5.331,2026-09-15,258059,27721,230338,56417,318138,-261721
2026-09-20T01:14:28.825689+00:00,17760.0,18137.0,177609.0,180536.0,4377.91,No Data,4377.915,False,1.2775,1.276628,1.2784,True,179.81,179814.09,-2205.09,-1.23,-2927.0,-1.65,False,180.35,177.61,1.52,4377.7,4400.9,4377.41,23.49,180536.0,180536.0,180536.0,0.0,180.35,180.35,180.35,0.0,4377.41,4377.41,4377.41,0.0,4377.41,4378.24,4339.44,4377.48,4377.44,4376.97,4371.51,4359.2,0.51,-0.0066,0.6752,0.0,0.3549,1,1,1,0,0,3,DOMINANT,3814.44,3274.43,687949.44,6150.63,6125.26,3604.92,29412.61,420018.4,34346.03,5588.97,66.556,14.81,100.22,7650.5,100.3,81126.6875,1803.5,3.978,4.998,5.331,2026-09-15,258059,27721,230338,56417,318138,-261721
2026-09-20T01:35:03.525694+00:00,17760.0,18137.0,177609.0,180536.0,4377.91,No Data,4377.915,False,1.2775,1.276628,1.2784,True,179.81,179814.09,-2205.09,-1.23,-2927.0,-1.65,False,180.35,177.61,1.52,4377.41,4400.9,4377.41,23.49,180536.0,180536.0,180536.0,0.0,180.35,180.35,180.35,0.0,4377.66,4377.44,4377.22,0.0101,4377.44,4378.6,4339.59,4377.54,4377.48,4377.04,4371.76,4359.57,0.5,0.0114,0.6867,0.0114,0.3845,1,1,1,1,0,4,DOMINANT,3814.44,3274.43,687949.44,6150.63,6125.26,3604.92,29412.61,420018.4,34346.03,5588.97,66.556,14.81,100.22,7650.5,100.3,81043.3984,1803.5,3.978,4.998,5.331,2026-09-15,258059,27721,230338,56417,318138,-261721
2026-09-20T01:43:40.142600+00:00,17760.0,18137.0,177609.0,180536.0,4377.91,No Data,4377.915,False,1.2775,1.276628,1.2784,True,179.81,179814.09,-2205.09,-1.23,-2927.0,-1.65,True,180.35,177.61,1.52,4377.41,4400.9,4377.41,23.49,180536.0,180536.0,180536.0,0.0,180.35,180.35,180.35,0.0,4377.77,4377.46,4377.15,0.0142,4377.46,4378.61,4339.73,4377.6,4377.52,4377.11,4372.0,4359.93,0.49,0.0114,0.6867,0.0114,0.3664,1,1,1,1,0,4,DOMINANT,3814.44,3274.43,687949.44,6150.63,6125.26,3604.92,29412.61,420018.4,34346.03,5588.97,66.556,14.81,100.22,7650.5,100.3,81079.2266,1803.5,3.978,4.998,5.331,2026-09-15,258059,27721,230338,56417,318138,-261721
2026-09-20T06:00:49.682760+00:00,17760.0,18137.0,177609.0,180536.0,4377.41,4376.91,4377.915,True,1.2775,1.276628,1.2784,True,179.79,179793.46,-2184.46,-1.21,-2927.0,-1.65,False,180.35,177.61,1.52,4377.41,4377.91,4377.41,0.5,180536.0,180536.0,180536.0,0.0,180.35,180.35,180.35,0.0,4377.86,4377.49,4377.12,0.0169,4377.49,4378.33,4339.88,4377.65,4377.56,4377.17,4372.23,4360.29,0.48,0.0114,0.6867,0.0114,0.3399,1,1,1,1,0,4,DOMINANT,3814.0,3274.06,687870.47,6149.93,6124.56,3604.5,29409.23,419970.19,34342.09,5588.33,67.149,14.81,100.215,7650.5,96.08,80463.0078,1806.4,3.978,4.998,5.331,2026-09-15,258059,27721,230338,56417,318138,-261721
2026-09-20T06:22:13.853190+00:00,17760.0,18137.0,177609.0,180536.0,4377.41,4376.91,4377.915,True,1.2775,1.276628,1.2784,True,179.79,179793.46,-2184.46,-1.21,-2927.0,-1.65,False,180.35,177.61,1.52,4377.41,4377.91,4377.41,0.5,180536.0,180536.0,180536.0,0.0,180.35,180.35,180.35,0.0,4377.86,4377.49,4377.12,0.0169,4377.49,4377.95,4340.03,4377.61,4377.54,4377.18,4372.43,4360.63,0.43,0.0,0.6752,0.0,0.8334,1,1,1,0,0,3,DOMINANT,3814.0,3274.06,687870.47,6149.93,6124.56,3604.5,29409.23,419970.19,34342.09,5588.33,67.149,14.81,100.215,7650.5,96.08,80440.5,1806.4,3.978,4.998,5.331,2026-09-15,258059,27721,230338,56417,318138,-261721
2026-09-20T06:59:44.112813+00:00,17760.0,18137.0,177609.0,180536.0,4377.41,4376.91,4377.915,True,1.2775,1.276628,1.2784,True,179.79,179793.46,-2184.46,-1.21,-2927.0,-1.65,True,180.35,177.61,1.52,4377.41,4377.91,4377.41,0.5,180536.0,180536.0,180536.0,0.0,180.35,180.35,180.35,0.0,4377.86,4377.49,4377.12,0.0169,4377.49,4377.79,4340.17,4377.58,4377.53,4377.2,4372.63,4360.96,0.38,0.0,0.6752,0.0,0.825,1,1,1,0,0,3,DOMINANT,3814.0,3274.06,687870.47,6149.93,6124.56,3604.5,29409.23,419970.19,34342.09,5588.33,67.149,14.81,100.215,7650.5,96.08,80288.0625,1806.4,3.978,4.998,5.331,2026-09-15,258059,27721,230338,56417,318138,-261721
2026-09-20T07:06:14.110774+00:00,17760.0,18137.0,177609.0,180536.0,4377.41,4376.91,4377.915,True,1.2775,1.276628,1.2784,True,179.79,179793.46,-2184.46,-1.21,-2927.0,-1.65,True,180.35,177.61,1.52,4377.41,4377.91,4377.41,0.5,180536.0,180536.0,180536.0,0.0,180.35,180.35,180.35,0.0,4377.86,4377.49,4377.12,0.0169,4377.49,4377.68,4340.32,4377.55,4377.52,4377.22,4372.82,4361.28,0.33,0.0,0.6752,0.0,0.8227,1,1,1,0,0,3,DOMINANT,3814.0,3274.06,687870.47,6149.93,6124.56,3604.5,29409.23,419970.19,34342.09,5588.33,67.149,14.81,100.215,7650.5,96.08,80294.3594,1806.4,3.978,4.998,5.331,2026-09-15,258059,27721,230338,56417,318138,-261721
2026-09-20T11:09:59.082481+00:00,17760.0,18137.0,177609.0,180536.0,4377.41,4376.91,4377.915,True,1.2775,1.276628,1.2784,True,179.79,179793.46,-2184.46,-1.21,-2927.0,-1.65,True,180.35,177.61,1.52,4377.41,4377.91,4377.41,0.5,180536.0,180536.0,180536.0,0.0,180.35,180.35,180.35,0.0,4377.86,4377.49,4377.12,0.0169,4377.49,4377.72,4340.46,4377.53,4377.51,4377.23,4373.0,4361.6,0.3,0.0,0.6752,0.0,0.8174,1,1,1,0,0,3,DOMINANT,3814.0,3274.06,687870.47,6149.93,6124.56,3604.5,29409.23,419970.19,34342.09,5588.33,67.149,14.81,100.215,7650.5,96.08,80323.1562,1806.4,3.978,4.998,5.331,2026-09-15,258059,27721,230338,56417,318138,-261721
2026-09-20T11:36:53.703626+00:00,17760.0,18137.0,177609.0,180536.0,4377.41,4376.91,4377.915,True,1.2775,1.276628,1.2784,True,179.79,179793.46,-2184.46,-1.21,-2927.0,-1.65,True,180.35,177.61,1.52,4377.41,4377.91,4377.41,0.5,180536.0,180536.0,180536.0,0.0,180.35,180.35,180.35,0.0,4377.86,4377.49,4377.12,0.0169,4377.49,4377.78,4340.61,4377.51,4377.5,4377.24,4373.17,4361.92,0.27,0.0,0.6752,0.0,0.7724,1,1,1,0,0,3,DOMINANT,3814.0,3274.06,687870.47,6149.93,6124.56,3604.5,29409.23,419970.19,34342.09,5588.33,67.149,14.81,100.215,7650.5,96.08,80366.0234,1806.4,3.978,4.998,5.331,2026-09-15,258059,27721,230338,56417,318138,-261721
2026-09-20T12:36:31.259369+00:00,17760.0,18137.0,177609.0,180536.0,4377.41,4376.91,4377.915,True,1.2775,1.276628,1.2784,True,179.79,179793.46,-2184.46,-1.21,-2927.0,-1.65,True,180.35,177.61,1.52,4377.41,4377.91,4377.41,0.5,180536.0,180536.0,180536.0,0.0,180.35,180.35,180.35,0.0,4377.86,4377.49,4377.12,0.0169,4377.49,4378.34,4340.75,4377.5,4377.49,4377.26,4373.34,4362.22,0.24,0.0,0.6752,0.0,0.7714,1,1,0,0,0,2,EMERGING,3814.0,3274.06,687870.47,6149.93,6124.56,3604.5,29409.23,419970.19,34342.09,5588.33,67.149,14.81,100.215,7650.5,96.08,80319.4688,1806.4,3.978,4.998,5.331,2026-09-15,258059,27721,230338,56417,318138,-261721
2026-09-20T12:38:37.143412+00:00,17760.0,18137.0,177609.0,180536.0,4377.41,4376.91,4377.915,True,1.2775,1.276628,1.2784,True,179.79,179793.46,-2184.46,-1.21,-2927.0,-1.65,True,180.35,177.61,1.52,4377.41,4377.91,4377.41,0.5,180536.0,180536.0,180536.0,0.0,180.35,180.35,180.35,0.0,4377.86,4377.49,4377.12,0.0169,4377.49,4378.47,4340.9,4377.48,4377.48,4377.27,4373.5,4362.52,0.21,0.0,0.6752,0.0,0.7575,1,1,0,0,0,2,EMERGING,3814.0,3274.06,687870.47,6149.93,6124.56,3604.5,29409.23,419970.19,34342.09,5588.33,67.149,14.81,100.215,7650.5,96.08,80337.2031,1806.4,3.978,4.998,5.331,2026-09-15,258059,27721,230338,56417,318138,-261721
2026-09-20T15:57:29.560888+00:00,17760.0,18137.0,177609.0,180536.0,4377.41,4376.91,4377.915,True,1.2775,1.276628,1.2784,True,179.79,179793.46,-2184.46,-1.21,-2927.0,-1.65,True,180.35,177.61,1.52,4377.41,4377.91,4377.41,0.5,180536.0,180536.0,180536.0,0.0,180.35,180.35,180.35,0.0,4377.86,4377.49,4377.12,0.0169,4377.49,4378.43,4341.05,4377.47,4377.48,4377.28,4373.65,4362.82,0.19,0.0,0.6752,0.0,0.4839,1,1,0,0,0,2,EMERGING,3814.0,3274.06,687870.47,6149.93,6124.56,3604.5,29409.23,419970.19,34342.09,5588.33,67.149,14.81,100.215,7650.5,96.08,80929.8672,1806.4,3.978,4.998,5.331,2026-09-15,258059,27721,230338,56417,318138,-261721
2026-09-20T16:12:43.982746+00:00,17760.0,18137.0,177609.0,180536.0,4377.41,4376.91,4377.915,True,1.2775,1.276628,1.2784,True,179.79,179793.46,-2184.46,-1.21,-2927.0,-1.65,True,180.35,177.61,1.52,4377.41,4377.91,4377.41,0.5,180536.0,180536.0,180536.0,0.0,180.35,180.35,180.35,0.0,4377.86,4377.49,4377.12,0.0169,4377.49,4378.4,4341.19,4377.46,4377.47,4377.29,4373.8,4363.11,0.17,0.0,0.6752,0.0,0.3648,1,1,0,0,0,2,EMERGING,3814.0,3274.06,687870.47,6149.93,6124.56,3604.5,29409.23,419970.19,34342.09,5588.33,67.149,14.81,100.215,7650.5,96.08,81110.8672,1806.4,3.978,4.998,5.331,2026-09-15,258059,27721,230338,56417,318138,-261721
2026-09-20T16:29:21.631208+00:00,17760.0,18137.0,177609.0,180536.0,4377.41,4376.91,4377.915,True,1.2775,1.276628,1.2784,True,179.79,179793.46,-2184.46,-1.21,-2927.0,-1.65,True,180.35,177.61,1.52,4377.41,4377.91,4377.41,0.5,180536.0,180536.0,180536.0,0.0,180.35,180.35,180.35,0.0,4377.86,4377.49,4377.12,0.0169,4377.49,4378.15,4341.34,4377.45,4377.46,4377.3,4373.94,4363.39,0.15,0.0,0.6752,0.0,0.5344,1,1,0,0,0,2,EMERGING,3814.0,3274.06,687870.47,6149.93,6124.56,3604.5,29409.23,419970.19,34342.09,5588.33,67.149,14.81,100.215,7650.5,96.08,81245.2031,1806.4,3.978,4.998,5.331,2026-09-15,258059,27721,230338,56417,318138,-261721
2026-09-20T16:32:09.102054+00:00,17760.0,18137.0,177609.0,180536.0,4377.41,4376.91,4377.915,True,1.2775,1.276628,1.2784,True,179.79,179793.46,-2184.46,-1.21,-2927.0,-1.65,True,180.35,177.61,1.52,4377.41,4377.91,4377.41,0.5,180536.0,180536.0,180536.0,0.0,180.35,180.35,180.35,0.0,4377.86,4377.49,4377.12,0.0169,4377.49,4378.03,4341.49,4377.45,4377.46,4377.31,4374.07,4363.67,0.14,0.0,0.6752,0.0,0.3933,1,1,0,0,0,2,EMERGING,3814.0,3274.06,687870.47,6149.93,6124.56,3604.5,29409.23,419970.19,34342.09,5588.33,67.149,14.81,100.215,7650.5,96.08,81109.8281,1806.4,3.978,4.998,5.331,2026-09-15,258059,27721,230338,56417,318138,-261721
2026-09-20T18:41:32.804467+00:00,,,,,4377.41,4376.91,4377.915,True,1.2775,1.276628,1.2784,True,179.79,179793.46,,,,,True,,,,4377.41,4377.91,4377.41,0.5,180536.0,180536.0,180536.0,0.0,180.35,180.35,180.35,0.0,4377.86,4377.49,4377.12,0.0169,4377.49,4377.95,4341.63,4377.44,4377.45,4377.31,4374.21,4363.94,0.13,0.0,0.6752,0.0,0.0089,1,1,0,0,0,2,EMERGING,3814.0,3274.06,687870.47,6149.93,6124.56,3604.5,29409.23,419970.19,34342.09,5588.33,67.149,14.81,100.215,7650.5,96.08,81188.0,1806.4,3.978,4.998,5.331,2026-09-15,258059,27721,230338,56417,318138,-261721
2026-09-20T18:51:09.861734+00:00,,,,,4377.41,4376.91,4377.915,True,1.2775,1.276628,1.2784,True,179.79,179793.46,,,,,True,,,,4377.41,4377.91,4377.41,0.5,180536.0,180536.0,180536.0,0.0,180.35,180.35,180.35,0.0,4377.86,4377.49,4377.12,0.0169,4377.49,4377.96,4341.78,4377.44,4377.45,4377.32,4374.33,4364.21,0.12,0.0,0.6752,0.0,-0.3395,1,1,0,0,1,3,DOMINANT,3814.0,3274.06,687870.47,6149.93,6124.56,3604.5,29409.23,419970.19,34342.09,5588.33,67.149,14.81,100.215,7650.5,96.08,81075.0,1806.4,3.978,4.998,5.331,2026-09-15,258059,27721,230338,56417,318138,-261721
2026-09-20T19:01:58.061601+00:00,,,,,4377.41,4376.91,4377.915,True,1.2775,1.276628,1.2784,True,179.79,179793.46,,,,,True,,,,4377.41,4377.91,4377.41,0.5,180536.0,180536.0,180536.0,0.0,180.35,180.35,180.35,0.0,4377.86,4377.49,4377.12,0.0169,4377.49,4377.95,4341.93,4377.43,4377.45,4377.33,4374.45,4364.47,0.1,0.0,0.6752,0.0,-0.4274,1,1,0,0,1,3,DOMINANT,3814.0,3274.06,687870.47,6149.93,6124.56,3604.5,29409.23,419970.19,34342.09,5588.33,67.149,14.81,100.215,7650.5,96.08,81069.1719,1806.4,3.978,4.998,5.331,2026-09-15,258059,27721,230338,56417,318138,-261721
2026-09-20T19:05:57.474559+00:00,,,,,4377.41,4376.91,4377.915,True,1.2775,1.276628,1.2784,True,179.79,179793.46,,,,,True,,,,4377.41,4377.91,4377.41,0.5,180536.0,180536.0,180536.0,0.0,180.35,180.35,180.35,0.0,4377.86,4377.49,4377.12,0.0169,4377.49,4377.94,4342.07,4377.43,4377.44,4377.33,4374.57,4364.72,0.1,0.0,0.6752,0.0,-0.1861,1,1,0,0,1,3,DOMINANT,3814.0,3274.06,687870.47,6149.93,6124.56,3604.5,29409.23,419970.19,34342.09,5588.33,67.149,14.81,100.215,7650.5,96.08,81110.0078,1806.4,3.978,4.998,5.331,2026-09-15,258059,27721,230338,56417,318138,-261721
2026-09-20T21:25:22.282424+00:00,17760.0,18137.0,177609.0,180536.0,4377.41,4376.91,4377.915,True,1.2775,1.276628,1.2784,True,179.79,179793.46,-2184.46,-1.21,-2927.0,-1.65,True,180.35,177.61,1.52,4377.41,4377.91,4377.41,0.5,180536.0,180536.0,180536.0,0.0,180.35,180.35,180.35,0.0,4377.86,4377.49,4377.12,0.0169,4377.49,4377.94,4342.22,4377.43,4377.44,4377.34,4374.68,4364.98,0.09,0.0,0.6752,0.0,-0.1155,1,1,0,0,1,3,DOMINANT,3814.0,3274.06,687870.47,6149.93,6124.56,3604.5,29409.23,419970.19,34342.09,5588.33,67.149,14.81,100.215,7650.5,96.08,80813.5312,1806.4,3.978,4.998,5.331,2026-09-15,258059,27721,230338,56417,318138,-261721
2026-09-20T21:36:48.591651+00:00,17760.0,18137.0,177609.0,180536.0,4377.41,4376.91,4377.915,True,1.2775,1.276628,1.2784,True,179.79,179793.46,-2184.46,-1.21,-2927.0,-1.65,True,180.35,177.61,1.52,4377.41,4377.91,4377.41,0.5,180536.0,180536.0,180536.0,0.0,180.35,180.35,180.35,0.0,4377.86,4377.49,4377.12,0.0169,4377.49,4377.93,4342.37,4377.42,4377.44,4377.34,4374.79,4365.22,0.08,0.0,0.6752,0.0,0.0377,1,1,0,0,0,2,EMERGING,3814.0,3274.06,687870.47,6149.93,6124.56,3604.5,29409.23,419970.19,34342.09,5588.33,67.149,14.81,100.215,7650.5,96.08,80869.9922,1806.4,3.978,4.998,5.331,2026-09-15,258059,27721,230338,56417,318138,-261721
2026-09-20T21:47:32.464977+00:00,17760.0,18137.0,177609.0,180536.0,4377.41,4376.91,4377.915,True,1.2775,1.276628,1.2784,True,179.79,179793.46,-2184.46,-1.21,-2927.0,-1.65,True,180.35,177.61,1.52,4377.41,4377.91,4377.41,0.5,180536.0,180536.0,180536.0,0.0,180.35,180.35,180.35,0.0,4377.77,4377.46,4377.15,0.0142,4377.46,4377.93,4342.51,4377.42,4377.43,4377.35,4374.89,4365.46,0.07,0.0,0.6752,0.0,0.0743,1,1,0,0,0,2,EMERGING,3814.0,3274.06,687870.47,6149.93,6124.56,3604.5,29409.23,419970.19,34342.09,5588.33,67.149,14.81,100.215,7650.5,96.08,80859.2188,1806.4,3.978,4.998,5.331,2026-09-15,258059,27721,230338,56417,318138,-261721
2026-09-20T21:55:42.456795+00:00,17760.0,18137.0,177609.0,180536.0,4377.41,4376.91,4377.915,True,1.2775,1.276628,1.2784,True,179.79,179793.46,-2184.46,-1.21,-2927.0,-1.65,True,180.35,177.61,1.52,4377.41,4377.91,4377.41,0.5,180536.0,180536.0,180536.0,0.0,180.35,180.35,180.35,0.0,4377.66,4377.44,4377.22,0.0101,4377.44,4377.92,4342.66,4377.42,4377.43,4377.35,4374.99,4365.7,0.07,0.0,0.822,-0.0114,0.6449,1,1,0,0,0,2,EMERGING,3814.0,3274.06,687870.47,6149.93,6124.56,3604.5,29409.23,419970.19,34342.09,5588.33,67.149,14.81,100.215,7650.5,96.08,80856.6797,1806.4,3.978,4.998,5.331,2026-09-15,258059,27721,230338,56417,318138,-261721
2026-09-21T00:06:39.221594+00:00,17796.0,18172.0,177970.0,180893.0,4369.73,4369.22,4370.245,True,1.2775,1.276628,1.2784,True,179.48,179478.02,-1508.02,-0.84,-2923.0,-1.64,False,180.71,177.97,1.52,4377.41,4377.91,4377.41,0.5,180536.0,180536.0,180536.0,0.0,180.35,180.35,180.35,0.0,4377.41,4377.41,4377.41,0.0,4377.41,4377.92,4342.81,4377.42,4377.43,4377.36,4375.08,4365.93,0.06,0.0,1.0151,-0.0114,0.1437,1,1,1,0,0,3,DOMINANT,3807.31,3268.31,686663.63,6139.14,6113.81,3598.18,29357.63,419233.37,34281.84,5578.52,66.815,14.81,100.282,7650.5,95.89,81486.0312,1802.8,3.978,4.998,5.331,2026-09-15,258059,27721,230338,56417,318138,-261721
2026-09-21T00:18:26.101988+00:00,17796.0,18172.0,177970.0,180893.0,4360.2,4359.78,4360.615,True,1.2775,1.276628,1.2784,True,179.09,179086.38,-1116.38,-0.62,-2923.0,-1.64,False,180.71,177.97,1.52,4377.41,4377.91,4369.73,8.18,180536.0,180893.0,180536.0,357.0,180.35,180.71,180.35,0.36,4380.46,4377.03,4373.6,0.1567,4377.03,4377.76,4342.92,4376.24,4376.7,4376.79,4374.87,4366.01,-0.55,-0.1754,0.8379,-0.1868,-0.2188,1,1,0,0,1,3,DOMINANT,3799.0,3261.18,685165.29,6125.74,6100.47,3590.33,29293.57,418318.58,34207.03,5566.35,66.99,14.81,100.277,7650.5,95.81,81626.9062,1806.5,3.978,4.998,5.331,2026-09-15,258059,27721,230338,56417,318138,-261721
2026-09-21T00:28:23.445169+00:00,17796.0,18172.0,177970.0,180893.0,4369.19,4368.78,4369.605,True,1.2775,1.276628,1.2784,True,179.46,179455.84,-1485.84,-0.83,-2923.0,-1.64,False,180.71,177.97,1.52,4377.41,4377.91,4360.2,17.71,180536.0,180893.0,180536.0,357.0,180.35,180.71,180.35,0.36,4384.43,4376.17,4367.91,0.3775,4376.17,4377.41,4342.98,4373.77,4375.13,4375.56,4374.3,4365.89,-1.79,-0.3932,0.618,-0.3932,-0.4295,0,1,0,0,1,2,EMERGING,3806.84,3267.91,686578.78,6138.38,6113.06,3597.73,29354.0,419181.56,34277.6,5577.83,66.655,14.81,100.263,7650.5,95.67,81730.5703,1799.6,3.978,4.998,5.331,2026-09-15,258059,27721,230338,56417,318138,-261721
2026-09-21T00:34:45.095854+00:00,17796.0,18172.0,177970.0,180893.0,4368.94,4368.88,4369.005,True,1.2775,1.276614,1.2784,True,179.44,179444.58,-1474.58,-0.82,-2923.0,-1.64,False,180.71,177.97,1.52,4377.41,4377.91,4360.2,17.71,180536.0,180893.0,180536.0,357.0,180.35,180.71,180.35,0.36,4384.55,4375.75,4366.95,0.4022,4375.75,4376.78,4343.08,4373.06,4374.56,4375.09,4374.1,4365.96,-2.03,-0.1878,0.8254,-0.1878,-0.4709,1,1,0,0,1,3,DOMINANT,3806.64,3265.4,685568.61,6136.59,6113.57,3595.73,29292.5,419580.04,34275.12,5577.45,66.81,14.81,100.255,7650.5,95.22,81642.3125,1802.2,3.978,4.998,5.331,2026-09-15,258059,27721,230338,56417,318138,-261721
2026-09-21T04:47:41.606121+00:00,17768.0,18145.0,177696.0,180617.0,4361.56,4361.22,4361.9,True,1.2775,1.276614,1.2784,True,179.14,179141.36,-1445.36,-0.81,-2921.0,-1.64,False,180.43,177.69,1.52,4377.41,4377.41,4360.2,17.21,180536.0,180893.0,180536.0,357.0,180.35,180.71,180.35,0.36,4384.6,4375.33,4366.06,0.4237,4375.33,4376.61,4343.19,4372.43,4374.03,4374.64,4373.9,4366.02,-2.21,-0.1935,0.942,-0.1935,-0.3308,1,1,0,0,1,3,DOMINANT,3800.21,3259.88,684410.16,6126.23,6103.24,3589.66,29243.0,418871.05,34217.2,5568.03,66.94,14.81,100.317,7650.5,94.06,81411.2031,1803.6,3.978,4.998,5.331,2026-09-15,258059,27721,230338,56417,318138,-261721
2026-09-21T05:05:51.868366+00:00,17768.0,18145.0,177696.0,180617.0,4355.96,4356.41,4355.505,True,1.2775,1.276614,1.2784,True,178.91,178911.25,-1215.25,-0.68,-2921.0,-1.64,False,180.43,177.69,1.52,4377.41,4377.41,4360.2,17.21,180536.0,180893.0,180536.0,357.0,180.35,180.71,180.35,0.36,4385.6,4374.54,4363.48,0.5057,4374.54,4376.29,4343.25,4370.76,4372.84,4373.67,4373.41,4365.93,-2.91,-0.3621,0.7715,-0.3621,-0.4549,0,1,0,0,1,2,EMERGING,3795.32,3255.69,683531.02,6118.36,6095.4,3585.04,29205.44,418333.0,34173.25,5560.88,66.795,14.81,100.308,7650.5,94.11,81336.7109,1802.7,3.978,4.998,5.331,2026-09-15,258059,27721,230338,56417,318138,-261721
2026-09-21T05:25:14.129059+00:00,17723.0,18099.0,177245.0,180165.0,4358.32,4356.41,4360.225,True,1.2775,1.276614,1.2784,True,179.01,179008.19,-1763.19,-0.98,-2920.0,-1.65,False,179.98,177.24,1.52,4377.41,4377.41,4355.96,21.45,180536.0,180893.0,180536.0,357.0,180.35,180.71,180.35,0.36,4387.19,4373.47,4359.75,0.6274,4373.47,4375.86,4343.29,4368.48,4371.23,4372.36,4372.73,4365.73,-3.88,-0.49,0.6421,-0.49,-0.4809,0,1,0,0,0,1,NO_TREND,3797.38,3257.45,683901.35,6121.67,6098.7,3586.99,29221.26,418559.65,34191.76,5563.89,66.67,14.81,100.305,7650.5,94.31,81507.0234,1801.7,3.978,4.998,5.331,2026-09-15,258059,27721,230338,56417,318138,-261721
2026-09-21T05:34:07.153223+00:00,17723.0,18099.0,177245.0,180165.0,4356.25,4356.41,4356.085,True,1.2775,1.276614,1.2784,True,178.92,178923.17,-1678.17,-0.94,-2920.0,-1.65,False,179.98,177.24,1.52,4377.41,4377.41,4355.96,21.45,180536.0,180893.0,180165.0,728.0,180.35,180.71,179.98,0.73,4387.66,4372.51,4357.36,0.693,4372.51,4375.48,4343.34,4366.92,4370.0,4371.32,4372.16,4365.58,-4.4,-0.4361,0.6966,-0.4361,-0.4427,0,1,0,0,1,2,EMERGING,3795.58,3255.91,683576.52,6118.76,6095.8,3585.28,29207.38,418360.85,34175.52,5561.25,66.775,14.81,100.313,7650.5,94.28,81760.4531,1802.2,3.978,4.998,5.331,2026-09-15,258059,27721,230338,56417,318138,-261721
2026-09-21T10:36:01.309957+00:00,17706.0,18082.0,177069.0,179990.0,4350.18,4350.51,4349.86,True,1.2775,1.276614,1.2784,True,178.67,178674.16,-1605.16,-0.9,-2921.0,-1.65,False,179.81,177.07,1.52,4377.41,4377.41,4355.96,21.45,180536.0,180893.0,180165.0,728.0,180.35,180.71,179.98,0.73,4388.05,4371.45,4354.85,0.7595,4371.45,4375.06,4343.39,4365.28,4368.69,4370.2,4371.54,4365.4,-4.92,-0.4834,1.9927,-0.4834,-0.49,0,1,0,0,1,2,EMERGING,3790.29,3251.38,682625.21,6110.25,6087.32,3580.29,29166.74,417778.63,34127.96,5553.51,66.725,14.88,100.3,7650.5,93.13,84220.5078,1804.8,3.978,4.998,5.331,2026-09-15,258059,27721,230338,56417,318138,-261721
2026-09-21T10:48:28.936522+00:00,17706.0,18082.0,177069.0,179990.0,4349.56,4349.44,4349.69,True,1.2775,1.276614,1.2784,True,178.65,178648.7,-1579.7,-0.88,-2921.0,-1.65,False,179.81,177.07,1.52,4377.41,4377.41,4350.18,27.23,180536.0,180893.0,179990.0,903.0,180.35,180.71,179.81,0.9,4388.94,4370.09,4351.24,0.8627,4370.09,4374.51,4343.4,4362.95,4366.93,4368.72,4370.7,4365.1,-5.77,-0.6221,1.8506,-0.6221,-0.6286,0,1,0,0,1,2,EMERGING,3789.75,3250.91,682527.92,6109.38,6086.45,3579.78,29162.58,417719.09,34123.1,5552.72,66.625,14.86,100.295,7650.5,92.78,84193.7031,1799.0,3.978,4.998,5.331,2026-09-15,258059,27721,230338,56417,318138,-261721
2026-09-21T11:04:20.723656+00:00,17706.0,18082.0,177069.0,179990.0,4343.88,4343.83,4343.935,True,1.2775,1.276614,1.2784,True,178.42,178415.3,-1346.3,-0.75,-2921.0,-1.65,False,179.81,177.07,1.52,4377.41,4377.41,4349.56,27.85,180536.0,180893.0,179990.0,903.0,180.35,180.71,179.81,0.9,4389.31,4368.7,4348.09,0.9435,4368.7,4373.96,4343.4,4360.89,4365.27,4367.3,4369.87,4364.79,-6.41,-0.6362,1.836,-0.6362,-0.6428,0,1,0,0,1,2,EMERGING,3784.8,3246.67,681636.23,6101.4,6078.5,3575.11,29124.48,417173.36,34078.52,5545.46,66.535,14.88,100.297,7650.5,92.97,84508.5469,1798.2,3.978,4.998,5.331,2026-09-15,258059,27721,230338,56417,318138,-261721
2026-09-21T11:09:13.171273+00:00,17706.0,18082.0,177069.0,179990.0,4344.02,4343.53,4344.51,True,1.2775,1.276614,1.2784,True,178.42,178420.95,-1351.95,-0.76,-2921.0,-1.65,False,179.81,177.07,1.52,4377.41,4377.41,4343.88,33.53,180536.0,180893.0,179990.0,903.0,180.35,180.71,179.81,0.9,4389.97,4367.02,4344.07,1.0511,4367.02,4373.29,4343.38,4358.28,4363.24,4365.56,4368.85,4364.38,-7.28,-0.766,1.7031,-0.766,-0.7726,0,1,0,0,1,2,EMERGING,3784.92,3246.77,681657.8,6101.59,6078.69,3575.22,29125.4,417186.56,34079.6,5545.64,66.43,14.89,100.309,7650.5,93.25,84535.1172,1798.6,3.978,4.998,5.331,2026-09-15,258059,27721,230338,56417,318138,-261721
2026-09-21T16:57:45.399898+00:00,17692.0,18068.0,176933.0,179855.0,4344.17,4343.81,4344.535,True,1.2757,1.276614,1.2748,True,178.18,178175.81,-1242.81,-0.7,-2922.0,-1.65,False,179.67,176.93,1.53,4377.41,4377.41,4343.88,33.53,180536.0,180893.0,179990.0,903.0,180.35,180.71,179.81,0.9,4389.92,4365.35,4340.78,1.1257,4365.35,4372.62,4343.36,4356.08,4361.41,4363.97,4367.88,4363.97,-7.89,-0.7628,1.0853,-0.7628,-0.7694,0,1,0,0,1,2,EMERGING,3785.06,3246.88,681681.73,6101.8,6078.9,3575.35,29126.43,417201.21,34080.79,5545.83,66.565,15.1,100.388,7752.0,91.43,86041.0938,1801.9,3.985,4.955,5.291,2026-09-15,258059,27721,230338,56417,318138,-261721
2026-09-21T17:06:07.592807+00:00,17692.0,18068.0,176933.0,179855.0,4344.0,4343.44,4344.565,True,1.2757,1.276614,1.2748,True,178.17,178168.84,-1235.84,-0.69,-2922.0,-1.65,False,179.67,176.93,1.53,4377.41,4377.41,4343.88,33.53,180536.0,180893.0,179855.0,1038.0,180.35,180.71,179.67,1.04,4389.3,4363.69,4338.08,1.1738,4363.69,4371.95,4343.34,4354.25,4359.76,4362.5,4366.95,4363.58,-8.25,-0.7594,1.0888,-0.7594,-0.7659,0,1,0,0,1,2,EMERGING,3784.91,3246.76,681655.06,6101.56,6078.67,3575.21,29125.29,417184.88,34079.46,5545.61,66.53,15.09,100.388,7755.3599,91.22,85994.9766,1802.5,3.985,4.957,5.292,2026-09-15,258059,27721,230338,56417,318138,-261721
2026-09-21T17:10:44.497901+00:00,17692.0,18068.0,176933.0,179855.0,4345.28,4345.05,4345.505,True,1.2757,1.276614,1.2748,True,178.22,178221.13,-1288.13,-0.72,-2922.0,-1.65,False,179.67,176.93,1.53,4377.41,4377.41,4343.88,33.53,180536.0,180893.0,179855.0,1038.0,180.35,180.71,179.67,1.04,4388.21,4362.02,4335.83,1.2008,4362.02,4371.28,4343.32,4352.67,4358.26,4361.13,4366.05,4363.19,-8.46,-0.7632,1.0848,-0.7632,-0.7698,0,1,0,0,1,2,EMERGING,3786.02,3247.71,681855.13,6103.36,6080.45,3576.25,29133.83,417307.33,34089.46,5547.24,66.485,15.03,100.4,7754.8901,91.53,86066.7578,1802.2,3.985,4.955,5.292,2026-09-15,258059,27721,230338,56417,318138,-261721
2026-09-21T17:13:07.383765+00:00,17692.0,18068.0,176933.0,179855.0,4345.78,4344.88,4346.69,True,1.2757,1.276614,1.2748,True,178.24,178241.95,-1308.95,-0.73,-2922.0,-1.65,False,179.67,176.93,1.53,4377.41,4377.41,4343.88,33.53,180536.0,180893.0,179855.0,1038.0,180.35,180.71,179.67,1.04,4386.57,4360.41,4334.25,1.1999,4360.41,4370.64,4343.31,4351.54,4357.03,4359.96,4365.23,4362.84,-8.42,-0.734,1.1146,-0.734,-0.734,0,1,0,0,0,1,NO_TREND,3786.46,3248.09,681934.76,6104.07,6081.16,3576.67,29137.24,417356.07,34093.44,5547.89,66.515,15.01,100.389,7757.6001,91.6,86028.5625,1801.9,3.985,4.957,5.294,2026-09-15,258059,27721,230338,56417,318138,-261721
2026-09-21T20:57:35.076545+00:00,17692.0,18068.0,176933.0,179855.0,4343.51,4343.29,4343.73,True,1.2757,1.276614,1.2748,True,178.15,178148.64,-1215.64,-0.68,-2922.0,-1.65,False,179.67,176.93,1.53,4377.41,4377.41,4343.88,33.53,180536.0,180893.0,179855.0,1038.0,180.35,180.71,179.67,1.04,4384.48,4358.83,4333.18,1.1769,4358.83,4370.01,4343.3,4350.65,4355.96,4358.91,4364.47,4362.5,-8.26,-0.7226,1.1726,-0.7226,-1.2525,0,1,0,0,1,2,EMERGING,3784.48,3246.39,681577.77,6100.87,6077.98,3574.8,29121.98,417137.58,34075.6,5544.99,66.49,14.87,100.422,7764.7002,92.07,86975.5078,1804.9,3.982,4.963,5.296,2026-09-15,258059,27721,230338,56417,318138,-261721
2026-09-21T21:07:13.371471+00:00,17692.0,18068.0,176933.0,179855.0,4343.4,4343.02,4343.77,True,1.2757,1.276614,1.2748,True,178.14,178143.92,-1210.92,-0.68,-2922.0,-1.65,False,179.67,176.93,1.53,4377.41,4377.41,4343.51,33.9,180536.0,180893.0,179855.0,1038.0,180.35,180.71,179.67,1.04,4382.1,4357.14,4332.18,1.1457,4357.14,4369.33,4343.28,4349.55,4354.77,4357.77,4363.65,4362.12,-8.22,-0.7744,1.1198,-0.7744,-0.7744,0,1,0,0,0,1,NO_TREND,3784.38,3246.3,681559.73,6100.71,6077.82,3574.71,29121.21,417126.54,34074.69,5544.84,66.54,14.87,100.419,7764.7002,91.96,86685.6094,1805.5,3.982,4.963,5.296,2026-09-15,258059,27721,230338,56417,318138,-261721
2026-09-21T21:13:33.204699+00:00,17692.0,18068.0,176933.0,179855.0,4343.33,4342.89,4343.77,True,1.2757,1.276614,1.2748,True,178.14,178141.25,-1208.25,-0.68,-2922.0,-1.65,False,179.67,176.93,1.53,4377.41,4377.41,4343.4,34.01,180536.0,180893.0,179855.0,1038.0,180.35,180.71,179.67,1.04,4379.19,4355.44,4331.69,1.0906,4355.44,4368.65,4343.25,4348.61,4353.69,4356.7,4362.86,4361.75,-8.09,-0.7769,1.1172,-0.7769,-0.7769,0,1,0,0,0,1,NO_TREND,3784.32,3246.25,681549.53,6100.62,6077.73,3574.65,29120.78,417120.3,34074.18,5544.76,66.53,14.87,100.402,7764.7002,91.97,86604.0,1805.5,3.982,4.963,5.296,2026-09-15,258059,27721,230338,56417,318138,-261721
2026-09-21T21:15:32.669555+00:00,17692.0,18068.0,176933.0,179855.0,4343.33,4342.89,4343.77,True,1.2757,1.276614,1.2748,True,178.14,178141.25,-1208.25,-0.68,-2922.0,-1.65,False,179.67,176.93,1.53,4377.41,4377.41,4343.33,34.08,180536.0,180893.0,179855.0,1038.0,180.35,180.71,179.67,1.04,4375.66,4353.73,4331.8,1.0074,4353.73,4367.97,4343.23,4347.79,4352.7,4355.71,4362.09,4361.39,-7.92,-0.7785,1.1156,-0.7785,-0.7785,0,1,0,0,0,1,NO_TREND,3784.32,3246.25,681549.53,6100.62,6077.73,3574.65,29120.78,417120.3,34074.18,5544.76,66.53,14.87,100.398,7764.7002,91.97,86551.9297,1805.5,3.982,4.963,5.296,2026-09-15,258059,27721,230338,56417,318138,-261721
2026-09-21T23:59:53.357846+00:00,17692.0,18068.0,176933.0,179855.0,4369.12,4368.64,4369.61,True,1.2757,1.276614,1.2748,True,179.2,179199.23,-2266.23,-1.26,-2922.0,-1.65,False,179.67,176.93,1.53,4369.73,4369.73,4343.33,26.4,180893.0,180893.0,179855.0,1038.0,180.71,180.71,179.67,1.04,4371.35,4352.03,4332.71,0.8879,4352.03,4367.29,4343.2,4347.11,4351.81,4354.79,4361.35,4361.03,-7.68,-0.6042,1.1726,-0.7785,-0.7785,0,1,0,0,0,1,NO_TREND,3806.8,3265.53,685597.24,6136.85,6113.82,3595.88,29293.72,419597.57,34276.55,5577.69,67.1,14.87,100.417,7764.7002,92.2,86599.3281,1815.8,3.982,4.963,5.296,2026-09-15,258059,27721,230338,56417,318138,-261721
2026-09-22T00:10:01.432962+00:00,17786.0,18163.0,177875.0,180798.0,4372.73,4371.99,4373.46,True,1.2757,1.276614,1.2748,True,179.35,179346.89,-1471.89,-0.82,-2923.0,-1.64,False,180.62,177.87,1.52,4360.2,4369.19,4343.33,25.86,180893.0,180893.0,179855.0,1038.0,180.71,180.71,179.67,1.04,4371.21,4352.0,4332.79,0.8828,4352.0,4367.12,4343.31,4350.49,4353.46,4355.86,4361.66,4361.19,-5.37,0.2046,1.7734,-0.1894,-0.1894,1,1,1,0,0,3,DOMINANT,3809.93,3268.22,686162.15,6141.91,6118.86,3598.84,29317.86,419943.3,34304.79,5582.28,67.15,14.87,100.425,7764.7002,92.29,86301.3672,1818.5,3.982,4.963,5.296,2026-09-15,258059,27721,230338,56417,318138,-261721
2026-09-22T00:15:59.656486+00:00,17786.0,18163.0,177875.0,180798.0,4368.25,4369.69,4366.82,True,1.2757,1.276614,1.2748,True,179.16,179163.55,-1288.55,-0.72,-2923.0,-1.64,False,180.62,177.87,1.52,4360.2,4372.73,4343.33,29.4,180893.0,180893.0,179855.0,1038.0,180.71,180.71,179.67,1.04,4373.69,4352.63,4331.57,0.9677,4352.63,4367.03,4343.43,4353.91,4355.29,4357.11,4362.09,4361.42,-3.2,0.2874,1.8574,0.0687,-0.1069,1,1,1,1,1,5,EXTENDED,3806.04,3264.88,685460.73,6135.63,6112.6,3595.17,29287.89,419514.02,34269.72,5576.58,67.26,14.87,100.393,7764.7002,92.19,86480.1562,1820.1,3.982,4.963,5.296,2026-09-15,258059,27721,230338,56417,318138,-261721
2026-09-22T00:18:59.574715+00:00,17786.0,18163.0,177875.0,180798.0,4361.66,4362.39,4360.92,True,1.2757,1.276614,1.2748,True,178.89,178892.85,-1017.85,-0.57,-2923.0,-1.64,False,180.62,177.87,1.52,4369.19,4372.73,4343.33,29.4,180893.0,180893.0,179855.0,1038.0,180.71,180.71,179.67,1.04,4373.49,4352.58,4331.67,0.9608,4352.58,4366.85,4343.53,4356.12,4356.53,4357.93,4362.33,4361.56,-1.81,-0.0215,1.7531,0.1846,-0.2093,1,1,1,1,1,5,EXTENDED,3800.29,3259.95,684425.06,6126.36,6103.37,3589.73,29243.64,418880.17,34217.95,5568.15,67.235,14.87,100.392,7764.7002,92.2,86366.2109,1820.1,3.982,4.963,5.296,2026-09-15,258059,27721,230338,56417,318138,-261721
2026-09-22T04:38:48.854626+00:00,17674.0,18050.0,176754.0,179674.0,4340.21,4340.14,4340.28,True,1.2754,1.275977,1.2748,True,177.97,177968.84,-1214.84,-0.68,-2920.0,-1.65,False,179.49,176.75,1.53,4361.56,4372.73,4343.33,29.4,180617.0,180798.0,179855.0,943.0,180.43,180.62,179.67,0.95,4372.15,4352.21,4332.27,0.9163,4352.21,4366.53,4343.6,4356.97,4357.02,4358.21,4362.31,4361.56,-1.24,0.0023,1.2947,-0.1723,-0.3598,1,1,1,0,1,4,DOMINANT,3783.62,3245.39,682947.62,6095.1,6086.23,3565.53,29123.69,416110.66,34051.91,5538.01,66.445,14.87,100.35,7764.7002,93.22,85552.6406,1790.6,3.982,4.963,5.296,2026-09-15,258059,27721,230338,56417,318138,-261721
2026-09-22T05:05:18.094297+00:00,17674.0,18050.0,176754.0,179674.0,4342.78,4342.08,4343.48,True,1.2754,1.275977,1.2748,True,178.07,178074.23,-1320.23,-0.74,-2920.0,-1.65,False,179.49,176.75,1.53,4355.96,4372.73,4340.21,32.52,180617.0,180798.0,179674.0,1124.0,180.43,180.62,179.49,1.13,4371.27,4351.15,4331.03,0.9248,4351.15,4365.79,4343.56,4354.39,4355.42,4356.87,4361.44,4361.13,-2.48,-0.3616,1.1369,-0.6576,-0.8498,0,1,1,0,1,3,DOMINANT,3785.86,3247.31,683352.01,6098.71,6089.83,3567.65,29140.93,416357.05,34072.08,5541.29,66.485,14.87,100.334,7764.7002,93.4,85374.6719,1792.2,3.982,4.963,5.296,2026-09-15,258059,27721,230338,56417,318138,-261721
2026-09-22T05:20:35.492805+00:00,17674.0,18050.0,176754.0,179674.0,4340.51,4342.08,4338.93,True,1.2754,1.275977,1.2748,True,177.98,177980.94,-1226.94,-0.69,-2920.0,-1.65,False,179.49,176.75,1.53,4358.32,4372.73,4340.21,32.52,180165.0,180798.0,179674.0,1124.0,179.98,180.62,179.49,1.13,4370.81,4350.49,4330.17,0.9341,4350.49,4365.09,4343.54,4352.61,4354.21,4355.83,4360.71,4360.77,-3.22,-0.3566,1.1968,-0.4306,-0.7911,0,0,1,0,1,2,EMERGING,3783.88,3245.61,682994.04,6095.52,6086.64,3565.78,29125.67,416138.94,34054.23,5538.38,66.55,14.87,100.33,7764.7002,93.38,85217.4688,1794.8,3.982,4.963,5.296,2026-09-15,258059,27721,230338,56417,318138,-261721
2026-09-22T05:29:21.247932+00:00,17674.0,18050.0,176754.0,179674.0,4337.64,4342.08,4333.2,True,1.2754,1.275977,1.2748,True,177.86,177863.46,-1109.46,-0.62,-2920.0,-1.65,False,179.49,176.75,1.53,4356.25,4372.73,4340.21,32.52,180165.0,180798.0,179674.0,1124.0,179.98,180.62,179.49,1.13,4370.03,4349.6,4329.17,0.9394,4349.6,4364.36,4343.5,4350.75,4352.91,4354.7,4359.92,4360.37,-3.95,-0.3613,1.1439,-0.3547,-0.843,0,0,1,0,1,2,EMERGING,3781.38,3243.47,682543.22,6091.5,6082.62,3563.42,29106.44,415864.26,34031.75,5534.73,66.485,14.87,100.334,7764.7002,93.42,85192.9609,1793.4,3.982,4.963,5.296,2026-09-15,258059,27721,230338,56417,318138,-261721
2026-09-22T09:50:00.029894+00:00,17587.0,17963.0,175880.0,178800.0,4321.24,4319.89,4322.585,True,1.2754,1.275977,1.2748,True,177.19,177190.88,-1310.88,-0.74,-2920.0,-1.66,False,178.62,175.88,1.53,4350.18,4372.73,4337.64,35.09,179990.0,180798.0,179674.0,1124.0,179.81,180.62,179.49,1.13,4369.52,4348.67,4327.82,0.9589,4348.67,4363.55,4343.45,4348.73,4351.45,4353.43,4359.04,4359.92,-4.7,-0.2883,1.6162,-0.4745,-0.9085,0,0,1,0,1,2,EMERGING,3767.08,3231.2,679962.23,6068.46,6059.62,3549.95,28996.38,414291.7,33903.06,5513.8,65.74,14.84,100.414,7764.7002,90.95,86014.4219,1788.1,3.982,4.963,5.296,2026-09-15,258059,27721,230338,56417,318138,-261721
2026-09-22T10:03:30.666691+00:00,17614.0,17990.0,176152.0,179070.0,4335.22,4335.97,4334.46,True,1.2754,1.275977,1.2748,True,177.76,177764.03,-1612.03,-0.91,-2918.0,-1.66,False,178.89,176.15,1.53,4350.18,4372.73,4321.24,51.49,179990.0,180798.0,178800.0,1998.0,179.81,180.62,178.62,2.0,4371.38,4347.22,4323.06,1.1115,4347.22,4362.42,4343.31,4344.5,4348.58,4351.05,4357.56,4359.15,-6.55,-0.6653,1.0244,-0.8037,-1.2832,0,0,1,0,1,2,EMERGING,3779.27,3241.65,682161.64,6088.09,6079.22,3561.43,29090.17,415631.77,34012.72,5531.63,66.08,14.82,100.38,7764.7002,89.82,86156.0781,1795.6,3.982,4.963,5.296,2026-09-15,258059,27721,230338,56417,318138,-261721
2026-09-22T10:17:30.286737+00:00,17614.0,17990.0,176152.0,179070.0,4331.38,4330.99,4331.775,True,1.2754,1.275977,1.2748,True,177.61,177606.87,-1454.87,-0.82,-2918.0,-1.66,False,178.89,176.15,1.53,4350.18,4372.73,4321.24,51.49,179990.0,180798.0,178800.0,1998.0,179.81,180.62,178.62,2.0,4371.21,4346.5,4321.79,1.137,4346.5,4361.56,4343.25,4343.07,4347.3,4349.87,4356.68,4358.68,-6.8,-0.3439,1.3513,-0.3439,-0.9638,0,0,1,0,1,2,EMERGING,3775.93,3238.79,681558.58,6082.71,6073.85,3558.28,29064.45,415264.34,33982.65,5526.74,66.16,14.81,100.323,7764.7002,89.45,86029.6484,1790.1,3.982,4.963,5.296,2026-09-15,258059,27721,230338,56417,318138,-261721
2026-09-22T10:22:53.859153+00:00,17643.0,18019.0,176438.0,179356.0,4329.72,4329.82,4329.62,True,1.2754,1.275977,1.2748,True,177.54,177538.7,-1100.7,-0.62,-2918.0,-1.65,False,179.17,176.44,1.52,4350.18,4372.73,4321.24,51.49,179990.0,180798.0,178800.0,1998.0,179.81,180.62,178.62,2.0,4371.49,4345.88,4320.27,1.1786,4345.88,4360.64,4343.17,4341.27,4345.79,4348.5,4355.69,4358.14,-7.23,-0.4322,1.2615,-0.418,-1.0515,0,0,0,0,1,1,NO_TREND,3774.48,3237.54,681296.98,6080.37,6071.52,3556.92,29053.3,415104.95,33969.61,5524.62,66.06,14.8,100.372,7764.7002,89.36,85997.1875,1787.7,3.982,4.963,5.296,2026-09-15,258059,27721,230338,56417,318138,-261721
2026-09-22T14:39:40.968330+00:00,17617.0,17993.0,176180.0,179098.0,4325.97,4324.46,4327.485,True,1.2753,1.275977,1.2747,True,177.38,177378.09,-1198.09,-0.68,-2918.0,-1.66,False,178.92,176.18,1.53,4344.17,4372.73,4321.24,51.49,179855.0,180798.0,178800.0,1998.0,179.67,180.62,178.62,2.0,4371.77,4345.16,4318.55,1.2248,4345.16,4359.69,4343.07,4339.5,4344.26,4347.11,4354.67,4357.58,-7.61,-0.3326,1.1806,-0.326,-1.0895,0,0,0,0,1,1,NO_TREND,3771.21,3234.74,680707.29,6075.11,6066.26,3553.84,29028.15,414745.66,33940.21,5519.84,66.23,14.45,100.501,7767.5601,90.88,85871.8672,1827.8,4.008,4.949,5.288,2026-09-15,258059,27721,230338,56417,318138,-261721
2026-09-22T14:59:59.117317+00:00,17580.0,17956.0,175811.0,178730.0,4326.62,4325.13,4328.12,True,1.2753,1.275977,1.2747,True,177.4,177404.84,-1593.84,-0.9,-2919.0,-1.66,False,178.55,175.81,1.53,4344.17,4372.73,4321.24,51.49,179855.0,180798.0,178800.0,1998.0,179.67,180.62,178.62,2.0,4372.21,4344.25,4316.29,1.2872,4344.25,4358.66,4342.96,4337.42,4342.52,4345.55,4353.55,4356.95,-8.13,-0.419,0.7204,-0.4155,-1.1751,0,0,0,0,1,1,NO_TREND,3771.78,3235.23,680809.97,6076.03,6067.18,3554.37,29032.53,414808.22,33945.33,5520.67,66.14,14.47,100.584,7764.6401,91.12,86236.7266,1817.9,4.008,4.959,5.296,2026-09-15,258059,27721,230338,56417,318138,-261721
2026-09-22T15:10:53.790013+00:00,17580.0,17956.0,175811.0,178730.0,4338.03,4336.9,4339.16,True,1.2753,1.275977,1.2747,True,177.87,177872.48,-2061.48,-1.16,-2919.0,-1.66,False,178.55,175.81,1.53,4344.17,4372.73,4321.24,51.49,179855.0,180798.0,178730.0,2068.0,179.67,180.62,178.55,2.07,4372.43,4343.38,4314.33,1.3377,4343.38,4357.64,4342.89,4335.75,4341.0,4344.15,4352.49,4356.35,-8.4,-0.404,0.7355,-0.404,-1.1603,0,0,0,0,1,1,NO_TREND,3781.72,3243.76,682604.59,6092.04,6083.17,3563.74,29109.06,415901.66,34034.81,5535.23,66.205,14.42,100.56,7764.8901,91.07,86210.5234,1816.2,4.005,4.957,5.294,2026-09-15,258059,27721,230338,56417,318138,-261721
2026-09-22T15:12:25.186990+00:00,17580.0,17956.0,175811.0,178730.0,4337.0,4337.59,4336.415,True,1.2753,1.275977,1.2747,True,177.83,177830.35,-2019.35,-1.14,-2919.0,-1.66,False,178.55,175.81,1.53,4344.17,4372.73,4321.24,51.49,179855.0,180798.0,178730.0,2068.0,179.67,180.62,178.55,2.07,4372.15,4343.02,4313.89,1.3415,4343.02,4356.86,4342.89,4336.1,4340.72,4343.69,4351.93,4355.99,-7.59,-0.1413,1.0012,-0.1374,-0.8996,0,0,0,0,1,1,NO_TREND,3780.83,3242.99,682442.9,6090.6,6081.73,3562.9,29102.16,415803.15,34026.75,5533.92,66.215,14.41,100.576,7763.54,91.04,86197.3828,1817.4,4.005,4.957,5.294,2026-09-15,258059,27721,230338,56417,318138,-261721
2026-09-22T18:44:23.348503+00:00,17580.0,17956.0,175811.0,178730.0,4350.67,4351.37,4349.975,True,1.2753,1.275977,1.2747,True,178.39,178390.86,-2579.86,-1.45,-2919.0,-1.66,False,178.55,175.81,1.53,4343.51,4372.73,4321.24,51.49,179855.0,180798.0,178730.0,2068.0,179.67,180.62,178.55,2.07,4371.8,4342.58,4313.36,1.3457,4342.58,4356.05,4342.87,4336.24,4340.36,4343.2,4351.34,4355.61,-6.96,-0.1499,0.6297,-0.1906,-0.9231,0,0,0,0,1,1,NO_TREND,3792.74,3253.21,684593.93,6109.8,6100.9,3574.13,29193.89,417113.73,34134.0,5551.36,67.46,14.28,100.604,7771.8799,90.59,86430.1562,1839.0,4.005,4.963,5.295,2026-09-15,258059,27721,230338,56417,318138,-261721
2026-09-22T18:58:09.848435+00:00,17580.0,17956.0,175811.0,178730.0,4351.34,4350.86,4351.825,True,1.2753,1.275977,1.2747,True,178.42,178418.33,-2607.33,-1.46,-2919.0,-1.66,False,178.55,175.81,1.53,4343.51,4372.73,4321.24,51.49,179855.0,180798.0,178730.0,2068.0,179.67,180.62,178.55,2.07,4372.38,4342.94,4313.5,1.3558,4342.94,4355.51,4342.95,4338.46,4341.35,4343.75,4351.31,4355.51,-5.29,0.1648,1.3141,0.1125,-0.6109,0,0,0,1,1,2,EMERGING,3793.33,3253.71,684699.35,6110.74,6101.84,3574.68,29198.39,417177.97,34139.25,5552.21,67.355,14.23,100.603,7766.8901,90.62,86541.7422,1838.5,4.005,4.965,5.298,2026-09-15,258059,27721,230338,56417,318138,-261721
2026-09-22T19:06:37.574783+00:00,17580.0,17956.0,175811.0,178730.0,4355.14,4354.15,4356.125,True,1.2753,1.275977,1.2747,True,178.57,178573.94,-2762.94,-1.55,-2919.0,-1.66,False,178.55,175.81,1.53,4343.51,4372.73,4321.24,51.49,179855.0,180798.0,178730.0,2068.0,179.67,180.62,178.55,2.07,4373.02,4343.34,4313.66,1.3667,4343.34,4354.99,4343.04,4340.44,4342.3,4344.31,4351.31,4355.43,-3.87,0.1803,1.3297,0.1803,-0.5956,0,0,0,1,1,2,EMERGING,3796.63,3256.55,685296.51,6116.07,6107.16,3577.8,29223.85,417541.81,34169.03,5557.06,67.35,14.22,100.612,7769.7998,90.72,86509.9922,1838.7,4.005,4.968,5.302,2026-09-15,258059,27721,230338,56417,318138,-261721
2026-09-22T19:17:13.808143+00:00,17580.0,17956.0,175811.0,178730.0,4358.33,4357.79,4358.87,True,1.2753,1.275977,1.2747,True,178.7,178704.84,-2893.84,-1.62,-2919.0,-1.66,False,178.55,175.81,1.53,4343.51,4372.73,4321.24,51.49,179855.0,180798.0,178730.0,2068.0,179.67,180.62,178.55,2.07,4374.08,4343.93,4313.78,1.3881,4343.93,4354.55,4343.14,4342.7,4343.52,4345.11,4351.46,4355.43,-2.41,0.2678,1.4182,0.2703,-0.5087,0,0,0,1,1,2,EMERGING,3799.42,3258.94,685798.86,6120.55,6111.64,3580.42,29245.27,417847.88,34194.08,5561.13,67.55,14.22,100.595,7771.75,90.47,86553.9531,1841.2,4.005,4.968,5.303,2026-09-15,258059,27721,230338,56417,318138,-261721
2026-09-22T21:58:33.813681+00:00,17580.0,17956.0,175811.0,178730.0,4357.33,4356.62,4358.035,True,1.2753,1.275977,1.2747,True,178.66,178663.74,-2852.74,-1.6,-2919.0,-1.66,False,178.55,175.81,1.53,4369.12,4372.73,4321.24,51.49,179855.0,180798.0,178730.0,2068.0,179.67,180.62,178.55,2.07,4375.51,4344.68,4313.85,1.4192,4344.68,4354.17,4343.21,4345.11,4344.93,4346.09,4351.73,4355.48,-0.98,-0.247,1.4948,0.3454,-0.4359,1,0,1,1,1,4,DOMINANT,3798.54,3258.19,685641.12,6119.14,6110.23,3579.6,29238.55,417751.77,34186.21,5559.85,67.61,14.21,100.529,7764.6401,89.85,86239.0234,1838.8,4.005,4.968,5.303,2026-09-15,258059,27721,230338,56417,318138,-261721
2026-09-22T22:15:19.476512+00:00,17580.0,17956.0,175811.0,178730.0,4363.4,4362.54,4364.265,True,1.2753,1.275977,1.2747,True,178.91,178912.83,-3101.83,-1.73,-2919.0,-1.66,False,178.55,175.81,1.53,4369.12,4372.73,4321.24,51.49,179855.0,180798.0,178730.0,2068.0,179.67,180.62,178.55,2.07,4373.36,4344.09,4314.82,1.3476,4344.09,4353.76,4343.37,4346.99,4346.11,4346.93,4351.95,4355.52,0.06,-0.2698,1.628,0.3223,-0.4701,1,0,1,1,1,4,DOMINANT,3803.84,3262.73,686597.04,6127.67,6118.75,3584.59,29279.31,418334.2,34233.87,5567.6,67.76,14.21,100.541,7764.6401,89.86,86047.1797,1838.0,4.005,4.968,5.303,2026-09-15,258059,27721,230338,56417,318138,-261721
2026-09-22T22:24:06.116566+00:00,17580.0,17956.0,175811.0,178730.0,4362.65,4362.56,4362.735,True,1.2753,1.275977,1.2747,True,178.88,178881.87,-3070.87,-1.72,-2919.0,-1.66,False,178.55,175.81,1.53,4369.12,4372.73,4321.24,51.49,179855.0,180798.0,178730.0,2068.0,179.67,180.62,178.55,2.07,4371.22,4343.62,4316.02,1.2708,4343.62,4353.48,4343.55,4349.51,4347.76,4348.15,4352.4,4355.68,1.36,-0.1309,1.7696,-0.1309,-0.3314,1,0,1,0,1,3,DOMINANT,3803.18,3262.17,686478.24,6126.61,6117.69,3583.97,29274.25,418261.82,34227.95,5566.64,67.72,14.21,100.541,7764.6401,89.72,86182.5078,1837.6,4.005,4.968,5.303,2026-09-15,258059,27721,230338,56417,318138,-261721
2026-09-22T22:26:45.793960+00:00,17580.0,17956.0,175811.0,178730.0,4363.46,4363.13,4363.785,True,1.2753,1.275977,1.2747,True,178.92,178915.08,-3104.08,-1.73,-2919.0,-1.66,False,178.55,175.81,1.53,4369.12,4372.73,4321.24,51.49,179855.0,180798.0,178730.0,2068.0,179.67,180.62,178.55,2.07,4369.98,4343.34,4316.7,1.2267,4343.34,4353.19,4343.76,4351.53,4349.18,4349.22,4352.8,4355.81,2.31,-0.1481,1.7521,-0.2305,-0.3486,1,0,1,0,1,3,DOMINANT,3803.89,3262.77,686605.69,6127.75,6118.83,3584.63,29279.68,418339.48,34234.3,5567.67,67.75,14.21,100.541,7764.6401,89.69,86208.3516,1837.3,4.005,4.968,5.303,2026-09-15,258059,27721,230338,56417,318138,-261721
2026-09-23T00:16:32.486484+00:00,17745.0,18121.0,177462.0,180382.0,4364.68,4364.39,4364.975,True,1.2753,1.275977,1.2747,True,178.97,178965.31,-1503.31,-0.84,-2920.0,-1.65,False,180.2,177.46,1.52,4361.66,4363.46,4321.24,42.22,180798.0,180798.0,178730.0,2068.0,180.62,180.62,178.55,2.07,4370.34,4343.43,4316.52,1.2391,4343.43,4352.91,4343.97,4353.37,4350.54,4350.28,4353.22,4355.96,3.09,0.0413,1.8517,-0.1097,-0.3187,1,0,1,0,1,3,DOMINANT,3804.96,3263.69,686798.45,6129.47,6120.55,3585.64,29287.9,418456.92,34243.92,5569.23,67.95,14.21,100.578,7764.6401,89.65,86354.7969,1841.5,4.005,4.968,5.303,2026-09-15,258059,27721,230338,56417,318138,-261721
2026-09-23T00:39:16.861394+00:00,17745.0,18121.0,177462.0,180382.0,4356.3,4355.99,4356.615,True,1.275,1.275285,1.2747,True,178.57,178573.25,-1111.25,-0.62,-2920.0,-1.65,False,180.2,177.46,1.52,4340.21,4364.68,4321.24,43.44,179674.0,180382.0,178730.0,1652.0,179.49,180.2,178.55,1.65,4373.14,4344.66,4316.18,1.311,4344.66,4352.65,4344.33,4355.11,4351.88,4351.34,4353.67,4356.14,3.77,0.5638,1.8795,0.0692,-0.2908,1,0,1,1,1,4,DOMINANT,3803.95,3264.3,685749.17,6126.66,6122.53,3575.51,29245.91,416670.94,34168.85,5555.53,67.875,14.21,100.565,7764.6401,89.87,86523.2422,1843.4,4.005,4.968,5.303,2026-09-15,258059,27721,230338,56417,318138,-261721
2026-09-23T00:54:20.329130+00:00,17745.0,18121.0,177462.0,180382.0,4358.28,4358.39,4358.175,True,1.275,1.275285,1.2747,True,178.65,178654.41,-1192.41,-0.67,-2920.0,-1.65,False,180.2,177.46,1.52,4340.21,4364.68,4321.24,43.44,179674.0,180382.0,178730.0,1652.0,179.49,180.2,178.55,1.65,4374.26,4345.33,4316.4,1.3315,4345.33,4352.23,4344.76,4355.29,4352.3,4351.71,4353.77,4356.14,3.58,0.3707,1.5857,0.3707,-0.4822,1,0,1,1,1,4,DOMINANT,3805.68,3265.78,686060.86,6129.45,6125.32,3577.14,29259.2,416860.32,34184.38,5558.05,67.91,14.21,100.559,7764.6401,90.05,86470.0391,1840.1,4.005,4.968,5.303,2026-09-15,258059,27721,230338,56417,318138,-261721
2026-09-23T00:58:43.575576+00:00,17745.0,18121.0,177462.0,180382.0,4357.95,4357.79,4358.12,True,1.275,1.275285,1.2747,True,178.64,178640.99,-1178.99,-0.66,-2920.0,-1.65,False,180.2,177.46,1.52,4340.21,4364.68,4321.24,43.44,179674.0,180382.0,178730.0,1652.0,179.49,180.2,178.55,1.65,4375.61,4346.22,4316.83,1.3524,4346.22,4351.85,4345.2,4355.75,4352.87,4352.2,4353.95,4356.18,3.55,0.4163,1.6319,0.3569,-0.437,1,0,1,1,1,4,DOMINANT,3805.4,3265.54,686009.3,6128.99,6124.86,3576.87,29257.0,416829.0,34181.81,5557.63,67.88,14.21,100.552,7764.6401,90.1,86439.0625,1839.7,4.005,4.968,5.303,2026-09-15,258059,27721,230338,56417,318138,-261721
2026-09-23T05:49:02.560951+00:00,17665.0,18041.0,176659.0,179579.0,4330.49,4330.29,4330.685,True,1.275,1.275285,1.2747,True,177.52,177515.04,-856.04,-0.48,-2920.0,-1.65,False,179.4,176.66,1.53,4321.24,4364.68,4321.24,43.44,178800.0,180382.0,178730.0,1652.0,178.62,180.2,178.55,1.65,4376.79,4347.24,4317.69,1.3595,4347.24,4351.46,4345.65,4356.09,4353.36,4352.62,4354.11,4356.22,3.47,0.8495,0.6076,0.4018,-0.4446,1,0,1,1,1,4,DOMINANT,3781.41,3244.96,681685.5,6090.36,6086.25,3554.33,29072.6,414201.79,33966.36,5522.61,66.84,14.21,100.723,7764.64,89.52,86733.4297,1815.4,4.005,4.968,5.303,2026-09-15,258059,27721,230338,56417,318138,-261721
2026-09-23T06:03:09.107387+00:00,17665.0,18041.0,176659.0,179579.0,4335.63,4335.91,4335.35,True,1.275,1.275285,1.2747,True,177.73,177725.84,-1066.84,-0.6,-2920.0,-1.65,False,179.4,176.66,1.53,4321.24,4364.68,4321.24,43.44,178800.0,180382.0,178730.0,1652.0,178.62,180.2,178.55,1.65,4375.79,4347.7,4319.61,1.2922,4347.7,4350.52,4345.72,4352.15,4351.18,4350.98,4353.18,4355.71,1.17,0.2141,0.1786,-0.1648,-1.0719,0,0,1,0,1,2,EMERGING,3785.9,3248.81,682495.0,6097.59,6093.48,3558.55,29107.12,414693.66,34006.7,5529.16,66.745,14.21,100.745,7764.64,89.39,86521.9375,1816.3,4.005,4.968,5.303,2026-09-15,258059,27721,230338,56417,318138,-261721
2026-09-23T06:37:25.572847+00:00,17643.0,18019.0,176441.0,179362.0,4331.72,4330.99,4332.455,True,1.275,1.275285,1.2747,True,177.57,177565.67,-1124.67,-0.63,-2921.0,-1.66,False,179.18,176.44,1.53,4321.24,4364.68,4321.24,43.44,178800.0,180382.0,178730.0,1652.0,178.62,180.2,178.55,1.65,4375.77,4347.72,4319.67,1.2903,4347.72,4349.69,4345.91,4349.61,4349.7,4349.85,4352.49,4355.31,-0.24,0.333,0.2231,0.333,-0.9544,0,0,1,1,1,3,DOMINANT,3782.49,3245.88,681879.9,6092.1,6087.99,3555.34,29080.89,414319.91,33976.05,5524.18,66.765,14.21,100.743,7764.64,89.34,86505.3984,1814.2,4.005,4.968,5.303,2026-09-15,258059,27721,230338,56417,318138,-261721
2026-09-23T06:46:55.607498+00:00,17643.0,18019.0,176441.0,179362.0,4331.93,4332.19,4331.665,True,1.275,1.275285,1.2747,True,177.57,177574.07,-1133.07,-0.64,-2921.0,-1.66,False,179.18,176.44,1.53,4321.24,4364.68,4321.24,43.44,178800.0,180382.0,178730.0,1652.0,178.62,180.2,178.55,1.65,4375.75,4347.74,4319.73,1.2885,4347.74,4348.93,4346.09,4346.86,4347.99,4348.5,4351.68,4354.84,-1.64,0.2425,0.0781,-0.0807,-1.0438,0,0,1,0,1,2,EMERGING,3782.67,3246.03,681912.17,6092.38,6088.28,3555.51,29082.27,414339.52,33977.66,5524.44,66.755,14.21,100.734,7764.64,89.28,86506.6172,1814.5,4.005,4.968,5.303,2026-09-15,258059,27721,230338,56417,318138,-261721
2026-09-23T11:22:48.653671+00:00,17602.0,17979.0,176033.0,178956.0,4308.22,4309.3,4307.135,True,1.275,1.275285,1.2747,True,176.6,176602.15,-569.15,-0.32,-2923.0,-1.66,False,178.77,176.03,1.53,4325.97,4364.68,4325.97,38.71,179098.0,180382.0,178730.0,1652.0,178.92,180.2,178.55,1.65,4375.57,4347.85,4320.13,1.2751,4347.85,4348.36,4346.29,4344.56,4346.46,4347.28,4350.9,4354.39,-2.72,0.1378,-0.4049,0.0127,-1.039,0,0,0,1,1,2,EMERGING,3761.97,3228.27,678179.85,6059.04,6054.95,3536.05,28923.09,412071.71,33791.69,5494.21,65.74,14.21,100.81,7764.64,89.98,85557.4375,1789.2,4.005,4.968,5.303,2026-09-15,258059,27721,230338,56417,318138,-261721
2026-09-23T11:45:49.520588+00:00,17576.0,17953.0,175773.0,178697.0,4304.93,4304.03,4305.835,True,1.275,1.275285,1.2747,True,176.47,176467.49,-694.49,-0.39,-2924.0,-1.66,False,178.51,175.77,1.53,4325.97,4364.68,4308.22,56.46,179098.0,180382.0,178730.0,1652.0,178.92,180.2,178.55,1.65,4378.51,4346.96,4315.41,1.4516,4346.96,4347.14,4346.34,4338.97,4342.82,4344.38,4349.23,4353.48,-5.41,-0.4103,-0.7474,-0.4966,-1.5806,0,0,0,0,1,1,NO_TREND,3759.1,3225.81,677662.74,6054.42,6050.34,3533.35,28901.04,411757.51,33765.92,5490.02,65.375,14.26,100.893,7764.64,90.89,85525.5312,1778.4,4.005,4.968,5.303,2026-09-15,258059,27721,230338,56417,318138,-261721
2026-09-23T12:19:18.151765+00:00,17576.0,17953.0,175773.0,178697.0,4314.78,4314.52,4315.035,True,1.275,1.275285,1.2747,True,176.87,176871.06,-1098.06,-0.62,-2924.0,-1.66,False,178.51,175.77,1.53,4325.97,4364.68,4304.93,59.75,179098.0,180382.0,178697.0,1685.0,178.92,180.2,178.51,1.69,4381.58,4345.87,4310.16,1.6434,4345.87,4345.86,4346.39,4333.73,4339.21,4341.46,4347.49,4352.51,-7.73,-0.4864,-0.8231,-0.4864,-1.6558,0,0,0,0,1,1,NO_TREND,3767.69,3233.18,679212.5,6068.26,6064.17,3541.43,28967.13,412699.16,33843.14,5502.57,65.645,14.31,100.883,7764.64,90.66,85329.9766,1782.2,4.005,4.968,5.303,2026-09-15,258059,27721,230338,56417,318138,-261721
2026-09-23T12:59:38.346756+00:00,17617.0,17994.0,176184.0,179108.0,4308.68,4308.62,4308.75,True,1.275,1.275285,1.2747,True,176.62,176621.31,-437.31,-0.25,-2924.0,-1.66,False,178.93,176.18,1.54,4325.97,4364.68,4304.93,59.75,179098.0,180382.0,178697.0,1685.0,178.92,180.2,178.51,1.69,4382.92,4344.71,4306.5,1.7589,4344.71,4344.93,4346.49,4330.82,4336.88,4339.48,4346.21,4351.77,-8.66,-0.2587,-0.7417,-0.2737,-1.4308,0,0,0,0,1,1,NO_TREND,3762.37,3228.62,678253.45,6059.7,6055.61,3536.43,28926.23,412116.43,33795.36,5494.8,65.53,14.31,100.933,7764.64,91.11,85474.3984,1773.2,4.005,4.99,5.323,2026-09-15,258059,27721,230338,56417,318138,-261721
2026-09-23T16:44:57.964410+00:00,17508.0,17884.0,175089.0,178013.0,4287.02,4286.79,4287.245,True,1.2768,1.275285,1.2783,True,175.98,175981.22,-892.22,-0.51,-2924.0,-1.67,False,177.83,175.09,1.54,4350.67,4364.68,4304.93,59.75,178730.0,180382.0,178697.0,1685.0,178.55,180.2,178.51,1.69,4384.68,4343.3,4301.92,1.9055,4343.3,4343.98,4346.57,4327.41,4334.2,4337.2,4344.74,4350.91,-9.79,-0.9651,-0.819,-0.6766,-1.5701,0,0,0,0,1,1,NO_TREND,3743.45,3212.38,674842.65,6029.22,6025.16,3518.65,28780.76,410043.98,33625.41,5467.17,65.115,14.83,101.083,7707.8599,92.36,84091.0938,1750.6,4.022,5.091,5.39,2026-09-15,258059,27721,230338,56417,318138,-261721
2026-09-23T17:09:56.656939+00:00,17508.0,17884.0,175089.0,178013.0,4281.53,4280.59,4282.475,True,1.2768,1.275285,1.2783,True,175.76,175756.06,-667.06,-0.38,-2924.0,-1.67,False,177.83,175.09,1.54,4350.67,4364.68,4287.02,77.66,178730.0,180382.0,178013.0,2369.0,178.55,180.2,177.83,2.37,4388.33,4340.11,4291.89,2.2221,4340.11,4342.55,4346.56,4321.2,4329.7,4333.48,4342.48,4349.65,-12.28,-1.463,-1.3228,-1.1524,-2.0649,0,0,0,0,1,1,NO_TREND,3738.66,3208.27,673979.22,6021.51,6017.45,3514.14,28743.94,409519.35,33582.38,5460.17,64.98,15.17,101.172,7700.7002,91.51,83900.8984,1747.8,4.022,5.104,5.39,2026-09-15,258059,27721,230338,56417,318138,-261721
2026-09-23T17:30:06.371694+00:00,17508.0,17884.0,175089.0,178013.0,4282.09,4282.24,4281.94,True,1.2768,1.275285,1.2783,True,175.78,175778.94,-689.94,-0.39,-2924.0,-1.67,False,177.83,175.09,1.54,4350.67,4364.68,4281.53,83.15,178730.0,180382.0,178013.0,2369.0,178.55,180.2,177.83,2.37,4391.11,4336.62,4282.13,2.513,4336.62,4341.06,4346.5,4315.09,4325.11,4329.64,4340.09,4348.3,-14.55,-1.5892,-1.4546,-1.5892,-2.1903,0,0,0,0,1,1,NO_TREND,3739.15,3208.69,674066.98,6022.29,6018.23,3514.6,28747.68,409572.67,33586.76,5460.89,64.895,15.41,101.217,7701.7402,91.16,84050.0,1743.7,4.025,5.125,5.4,2026-09-15,258059,27721,230338,56417,318138,-261721
2026-09-23T17:57:17.145655+00:00,17508.0,17884.0,175089.0,178013.0,4290.17,4290.96,4289.375,True,1.2768,1.275285,1.2783,True,176.11,176110.52,-1021.52,-0.58,-2924.0,-1.67,False,177.83,175.09,1.54,4350.67,4364.68,4281.53,83.15,178730.0,180382.0,178013.0,2369.0,178.55,180.2,177.83,2.37,4391.85,4332.97,4274.09,2.7178,4332.97,4339.7,4346.39,4310.02,4321.02,4326.11,4337.81,4346.99,-16.09,-1.5763,0.2721,-1.5915,-2.1775,0,0,0,0,1,1,NO_TREND,3746.2,3214.74,675338.51,6033.65,6029.59,3521.23,28801.91,410345.27,33650.11,5471.19,65.04,15.27,101.082,7714.8398,91.81,84259.75,1750.1,4.028,5.125,5.408,2026-09-15,258059,27721,230338,56417,318138,-261721
2026-09-23T20:09:57.848365+00:00,17508.0,17884.0,175089.0,178013.0,4286.97,4286.45,4287.485,True,1.2768,1.275285,1.2783,True,175.98,175979.16,-890.16,-0.51,-2924.0,-1.67,False,177.83,175.09,1.54,4357.33,4364.68,4281.53,83.15,178730.0,180382.0,178013.0,2369.0,178.55,180.2,177.83,2.37,4390.13,4329.56,4268.99,2.798,4329.56,4338.51,4346.37,4306.96,4318.08,4323.45,4335.94,4345.86,-16.49,-1.5413,0.585,-1.4918,-1.993,0,0,0,0,1,1,NO_TREND,3743.41,3212.34,674834.78,6029.15,6025.09,3518.61,28780.43,410039.19,33625.01,5467.11,64.885,15.31,101.113,7706.0298,92.56,84380.0,1753.1,4.028,5.114,5.401,2026-09-15,258059,27721,230338,56417,318138,-261721
2026-09-23T20:27:08.752393+00:00,17508.0,17884.0,175089.0,178013.0,4283.98,4283.85,4284.115,True,1.2768,1.275285,1.2783,True,175.86,175856.63,-767.63,-0.44,-2924.0,-1.67,False,177.83,175.09,1.54,4357.33,4364.68,4281.53,83.15,178730.0,180382.0,178013.0,2369.0,178.55,180.2,177.83,2.37,4387.98,4326.04,4264.1,2.8636,4326.04,4337.37,4346.27,4303.89,4315.12,4320.75,4334.02,4344.7,-16.86,-1.6148,0.6593,-1.6373,-2.0661,0,0,0,0,1,1,NO_TREND,3740.8,3210.11,674364.89,6024.95,6020.89,3516.16,28760.39,409753.69,33601.6,5463.3,64.86,15.18,101.106,7706.0298,92.81,84251.0078,1753.2,4.028,5.114,5.401,2026-09-15,258059,27721,230338,56417,318138,-261721
2026-09-23T20:42:48.187706+00:00,17508.0,17884.0,175089.0,178013.0,4284.72,4284.39,4285.055,True,1.2768,1.275285,1.2783,True,175.89,175887.01,-798.01,-0.45,-2924.0,-1.67,False,177.83,175.09,1.54,4357.33,4364.68,4281.53,83.15,178730.0,180382.0,178013.0,2369.0,178.55,180.2,177.83,2.37,4384.11,4322.07,4260.03,2.8708,4322.07,4336.17,4346.24,4300.83,4312.15,4318.03,4332.06,4343.5,-17.2,-1.6834,0.4742,-1.6834,-2.1344,0,0,0,0,1,1,NO_TREND,3741.45,3210.66,674481.38,6026.0,6021.93,3516.76,28765.36,409824.46,33607.41,5464.24,64.855,15.18,101.116,7706.0298,92.91,84396.0234,1754.5,4.028,5.114,5.401,2026-09-15,258059,27721,230338,56417,318138,-261721
2026-09-23T21:45:28.021474+00:00,17508.0,17884.0,175089.0,178013.0,4286.96,4286.83,4287.09,True,1.2768,1.275285,1.2783,True,175.98,175978.86,-889.86,-0.51,-2924.0,-1.67,False,177.83,175.09,1.54,4357.33,4364.68,4281.53,83.15,178730.0,180382.0,178013.0,2369.0,178.55,180.2,177.83,2.37,4379.27,4318.18,4257.09,2.8294,4318.18,4334.98,4346.23,4298.35,4309.54,4315.56,4330.2,4342.33,-17.21,-1.6664,0.349,-1.8032,-2.1175,0,0,0,0,1,1,NO_TREND,3743.4,3212.34,674833.6,6029.14,6025.08,3518.6,28780.38,410038.48,33624.96,5467.1,64.93,15.18,101.109,7706.0298,92.71,84493.4766,1757.2,4.028,5.114,5.401,2026-09-15,258059,27721,230338,56417,318138,-261721
2026-09-23T23:14:02.018338+00:00,17508.0,17884.0,175089.0,178013.0,4290.69,4290.42,4290.96,True,1.2768,1.275285,1.2783,True,176.13,176131.97,-1042.97,-0.59,-2924.0,-1.67,False,177.83,175.09,1.54,4364.68,4364.68,4281.53,83.15,180382.0,180382.0,178013.0,2369.0,180.2,180.2,177.83,2.37,4373.03,4314.35,4255.67,2.7202,4314.35,4333.84,4346.28,4296.6,4307.39,4313.44,4328.51,4341.23,-16.84,-1.7807,0.5741,-1.735,-1.8942,0,0,0,0,1,1,NO_TREND,3746.66,3215.13,675420.76,6034.39,6030.32,3521.66,28805.42,410395.24,33654.21,5471.85,64.91,15.18,101.115,7706.0298,92.25,84518.9219,1756.7,4.028,5.114,5.401,2026-09-15,258059,27721,230338,56417,318138,-261721
2026-09-23T23:35:13.417013+00:00,17508.0,17884.0,175089.0,178013.0,4285.8,4285.51,4286.085,True,1.2768,1.275285,1.2783,True,175.93,175931.14,-842.14,-0.48,-2924.0,-1.67,False,177.83,175.09,1.54,4364.68,4364.68,4281.53,83.15,180382.0,180382.0,178013.0,2369.0,180.2,180.2,177.83,2.37,4365.15,4310.65,4256.15,2.5286,4310.65,4332.75,4346.39,4295.69,4305.8,4311.76,4327.02,4340.23,-16.07,-1.6952,0.1812,-1.6677,-1.5942,0,0,0,0,0,0,NO_TREND,3742.39,3211.47,674650.6,6027.51,6023.44,3517.65,28772.57,409927.29,33615.84,5465.61,64.9,15.18,101.115,7706.0298,92.12,84481.7031,1754.4,4.028,5.114,5.401,2026-09-15,258059,27721,230338,56417,318138,-261721
2026-09-23T23:45:23.152762+00:00,17508.0,17884.0,175089.0,178013.0,4285.41,4284.94,4285.89,True,1.2768,1.275285,1.2783,True,175.92,175915.43,-826.43,-0.47,-2924.0,-1.67,False,177.83,175.09,1.54,4364.68,4364.68,4281.53,83.15,180382.0,180382.0,178013.0,2369.0,180.2,180.2,177.83,2.37,4358.21,4307.13,4256.05,2.3719,4307.13,4331.55,4346.44,4294.17,4303.89,4309.83,4325.41,4339.16,-15.66,-1.8072,0.067,-1.8072,-1.9086,0,0,0,0,1,1,NO_TREND,3742.05,3211.18,674590.39,6026.97,6022.91,3517.33,28770.01,409890.7,33612.84,5465.13,64.79,15.18,101.114,7706.0298,92.16,84473.8906,1751.3,4.028,5.114,5.401,2026-09-15,258059,27721,230338,56417,318138,-261721
2026-09-24T00:51:40.306734+00:00,17534.0,17911.0,175349.0,178275.0,4292.89,4292.08,4293.705,True,1.2788,1.279317,1.2783,True,176.5,176500.63,-1151.63,-0.65,-2926.0,-1.67,False,178.09,175.35,1.54,4358.28,4358.28,4281.53,76.75,180382.0,180382.0,178013.0,2369.0,180.2,180.2,177.83,2.37,4349.33,4303.48,4257.63,2.1308,4303.48,4330.39,4346.41,4292.82,4302.13,4308.02,4323.84,4338.09,-15.2,-1.672,0.0579,-1.6273,-1.9119,0,0,0,0,1,1,NO_TREND,3766.46,3239.04,678823.37,6093.95,6050.55,3539.36,28859.64,411298.36,33671.57,5491.97,64.685,15.18,101.17,7706.0298,91.5,84269.5391,1754.6,4.028,5.114,5.401,2026-09-15,258059,27721,230338,56417,318138,-261721
2026-09-24T01:41:02.556640+00:00,17583.0,17960.0,175843.0,178770.0,4292.97,4292.89,4293.05,True,1.2788,1.279317,1.2783,True,176.5,176503.82,-660.82,-0.37,-2927.0,-1.66,False,178.59,175.84,1.54,4330.49,4335.63,4281.53,54.1,179579.0,179579.0,178013.0,1566.0,179.4,179.4,177.83,1.57,4338.39,4300.23,4262.07,1.7748,4300.23,4329.38,4346.41,4292.83,4301.25,4306.9,4322.63,4337.2,-14.07,-0.8683,-0.354,-1.5004,-1.5744,0,0,1,0,1,2,EMERGING,3766.53,3239.1,678835.62,6094.06,6050.66,3539.42,28860.16,411305.78,33672.18,5492.07,64.735,15.18,101.129,7706.0298,91.53,84222.3203,1755.1,4.028,5.114,5.401,2026-09-15,258059,27721,230338,56417,318138,-261721
2026-09-24T04:32:25.034784+00:00,17530.0,17907.0,175308.0,178234.0,4286.47,4286.05,4286.885,True,1.2788,1.279317,1.2783,True,176.24,176236.47,-928.47,-0.53,-2926.0,-1.67,False,178.05,175.31,1.54,4330.49,4335.63,4281.53,54.1,179579.0,179579.0,178013.0,1566.0,179.4,179.4,177.83,1.57,4333.85,4298.35,4262.85,1.6518,4298.35,4328.37,4346.48,4292.85,4300.46,4305.87,4321.46,4336.32,-13.02,-0.8664,-0.4051,-1.4911,-1.4461,0,0,1,0,0,1,NO_TREND,3760.83,3234.2,677807.4,6084.83,6041.49,3534.06,28816.44,410682.78,33621.18,5483.75,64.55,15.18,101.127,7706.0298,91.46,83893.5625,1758.0,4.028,5.114,5.401,2026-09-15,258059,27721,230338,56417,318138,-261721
2026-09-24T04:59:08.752222+00:00,17530.0,17907.0,175308.0,178234.0,4289.61,4289.33,4289.885,True,1.2788,1.279317,1.2783,True,176.37,176365.57,-1057.57,-0.6,-2926.0,-1.67,False,178.05,175.31,1.54,4330.49,4335.63,4281.53,54.1,179579.0,179579.0,178013.0,1566.0,179.4,179.4,177.83,1.57,4327.07,4295.9,4264.73,1.4512,4295.9,4327.23,4346.43,4291.87,4299.13,4304.43,4320.09,4335.33,-12.56,-1.0165,-0.5559,-1.0165,-1.6486,0,0,1,0,1,2,EMERGING,3763.58,3236.56,678303.92,6089.29,6045.92,3536.65,28837.55,410983.62,33645.81,5487.77,64.605,15.18,101.086,7706.0298,91.45,84017.8281,1759.5,4.028,5.114,5.401,2026-09-15,258059,27721,230338,56417,318138,-261721
2026-09-24T06:42:51.465173+00:00,17498.0,17875.0,174993.0,177918.0,4277.69,4277.64,4277.745,True,1.2788,1.279317,1.2783,True,175.88,175875.69,-882.69,-0.5,-2925.0,-1.67,False,177.73,174.99,1.54,4331.93,4331.93,4281.53,50.4,179362.0,179362.0,178013.0,1349.0,179.18,179.18,177.83,1.35,4320.08,4293.79,4267.5,1.2246,4293.79,4325.64,4346.37,4291.52,4298.22,4303.34,4318.89,4334.43,-11.82,-0.9769,-0.4638,-1.0614,-1.5298,0,0,1,0,1,2,EMERGING,3753.13,3227.57,676419.83,6072.37,6029.13,3526.83,28757.45,409842.06,33552.35,5472.52,64.53,15.18,101.074,7706.0298,92.63,84177.2422,1758.3,4.028,5.114,5.401,2026-09-15,258059,27721,230338,56417,318138,-261721
2026-09-24T06:48:15.362425+00:00,17498.0,17875.0,174993.0,177918.0,4275.02,4275.04,4274.995,True,1.2788,1.279317,1.2783,True,175.77,175765.71,-772.71,-0.44,-2925.0,-1.67,False,177.73,174.99,1.54,4308.22,4314.78,4277.69,37.09,178956.0,179108.0,177918.0,1190.0,178.77,178.93,177.73,1.2,4311.29,4291.08,4270.87,0.942,4291.08,4323.74,4346.23,4289.39,4296.27,4301.44,4317.28,4333.3,-12.05,-0.7086,-1.2325,-1.2473,-1.6664,0,0,1,0,1,2,EMERGING,3750.78,3225.56,675996.84,6068.58,6025.36,3524.62,28739.47,409585.77,33531.37,5469.1,64.475,15.18,101.111,7706.0298,92.79,84093.5234,1757.4,4.028,5.114,5.401,2026-09-15,258059,27721,230338,56417,318138,-261721
2026-09-24T09:52:38.402348+00:00,17408.0,17784.0,174088.0,177012.0,4254.96,4254.69,4255.23,True,1.2788,1.279317,1.2783,True,174.94,174941.05,-853.05,-0.49,-2924.0,-1.68,False,176.83,174.09,1.55,4308.22,4314.78,4275.02,39.76,178956.0,179108.0,177918.0,1190.0,178.77,178.93,177.73,1.2,4309.15,4289.42,4269.69,0.9199,4289.42,4321.88,4346.06,4287.18,4294.24,4299.48,4315.62,4332.15,-12.3,-0.7706,-1.6337,-1.3137,-1.7137,0,0,1,0,1,2,EMERGING,3733.18,3210.42,672825.2,6040.1,5997.09,3508.09,28604.63,407664.08,33374.05,5443.44,64.0,16.31,101.222,7706.0298,93.9,83191.1172,1747.4,4.028,5.114,5.401,2026-09-15,258059,27721,230338,56417,318138,-261721
2026-09-24T10:07:06.632796+00:00,17408.0,17784.0,174088.0,177012.0,4251.72,4251.85,4251.59,True,1.2788,1.279317,1.2783,True,174.81,174807.84,-719.84,-0.41,-2924.0,-1.68,False,176.83,174.09,1.55,4308.22,4314.78,4254.96,59.82,178956.0,179108.0,177012.0,2096.0,178.77,178.93,176.83,2.1,4310.64,4286.92,4263.2,1.1066,4286.92,4319.74,4345.86,4282.23,4290.5,4296.18,4313.24,4330.62,-13.95,-1.2362,-2.0953,-1.2362,-2.047,0,0,1,0,1,2,EMERGING,3730.34,3207.98,672312.87,6035.5,5992.52,3505.42,28582.85,407353.65,33348.63,5439.3,64.015,16.48,101.222,7706.0298,93.88,83217.6875,1748.3,4.028,5.114,5.401,2026-09-15,258059,27721,230338,56417,318138,-261721
2026-09-24T12:19:38.149880+00:00,17412.0,17789.0,174129.0,177053.0,4269.06,4269.18,4268.935,True,1.2788,1.279317,1.2783,True,175.52,175520.67,-1391.67,-0.79,-2924.0,-1.68,False,176.87,174.13,1.55,4308.68,4308.68,4251.72,56.96,179108.0,179108.0,177012.0,2096.0,178.93,178.93,176.83,2.1,4308.63,4283.77,4258.91,1.1607,4283.77,4317.97,4345.65,4277.53,4286.81,4292.89,4310.83,4329.06,-15.36,-1.322,-2.7783,-1.236,-2.1248,0,0,1,0,1,2,EMERGING,3745.55,3221.06,675054.4,6060.11,6016.95,3519.71,28699.4,409014.74,33484.62,5461.48,64.015,16.11,101.293,7706.0298,93.82,83500.0078,1754.2,4.028,5.114,5.401,2026-09-15,258059,27721,230338,56417,318138,-261721
2026-09-24T12:53:02.699636+00:00,17457.0,17834.0,174581.0,177506.0,4275.19,4274.69,4275.695,True,1.2788,1.279317,1.2783,True,175.77,175772.9,-1191.9,-0.68,-2925.0,-1.68,False,177.32,174.58,1.55,4308.68,4308.68,4251.72,56.96,179108.0,179108.0,177012.0,2096.0,178.93,178.93,176.83,2.1,4304.52,4281.79,4259.06,1.0617,4281.79,4316.5,4345.53,4276.23,4285.12,4291.12,4309.19,4327.87,-14.89,-0.9195,-2.3818,-1.0596,-1.729,0,0,1,0,1,2,EMERGING,3750.93,3225.69,676024.51,6068.82,6025.6,3524.77,28740.64,409602.53,33532.74,5469.33,64.005,16.07,101.276,7706.0298,93.86,83425.7109,1753.0,4.028,5.125,5.424,2026-09-15,258059,27721,230338,56417,318138,-261721
2026-09-24T14:53:25.168417+00:00,17402.0,17779.0,174032.0,176958.0,4259.11,4258.25,4259.97,True,1.2796,1.279317,1.2799,True,175.22,175221.22,-1189.22,-0.68,-2926.0,-1.68,False,176.77,174.03,1.55,4287.02,4292.97,4251.72,41.25,178013.0,178770.0,177012.0,1758.0,177.83,178.59,176.83,1.76,4303.97,4281.2,4258.43,1.0637,4281.2,4315.19,4345.43,4276.07,4284.17,4289.94,4307.86,4326.83,-13.87,-0.2759,-1.9886,-0.7773,-1.584,0,0,1,0,1,2,EMERGING,3736.82,3213.55,673481.43,6045.99,6002.93,3511.51,28632.53,408061.68,33406.6,5448.75,63.775,15.67,101.302,7677.8198,95.18,83435.0703,1737.9,4.035,5.121,5.418,2026-09-15,258059,27721,230338,56417,318138,-261721
2026-09-24T15:11:58.463007+00:00,17402.0,17779.0,174032.0,176958.0,4250.47,4251.04,4249.9,True,1.2796,1.279317,1.2799,True,174.87,174865.77,-833.77,-0.48,-2926.0,-1.68,False,176.77,174.03,1.55,4287.02,4292.97,4251.72,41.25,178013.0,178770.0,176958.0,1812.0,177.83,178.59,176.77,1.82,4304.88,4280.07,4255.26,1.1593,4280.07,4313.62,4345.29,4273.46,4281.79,4287.66,4305.95,4325.49,-14.2,-0.651,-2.3572,-0.651,-1.9831,0,0,1,0,1,2,EMERGING,3729.24,3207.03,672115.21,6033.73,5990.76,3504.39,28574.44,407233.89,33338.83,5437.7,63.72,15.91,101.288,7670.5,95.69,83865.2891,1734.8,4.037,5.133,5.427,2026-09-15,258059,27721,230338,56417,318138,-261721
2026-09-24T17:35:09.224726+00:00,17402.0,17779.0,174032.0,176958.0,4263.82,4264.44,4263.21,True,1.2796,1.279317,1.2799,True,175.42,175415.2,-1383.2,-0.79,-2926.0,-1.68,False,176.77,174.03,1.55,4290.17,4292.97,4250.47,42.5,178013.0,178770.0,176958.0,1812.0,177.83,178.59,176.77,1.82,4306.58,4278.49,4250.4,1.3131,4278.49,4312.21,4345.14,4269.92,4278.8,4284.9,4303.77,4324.0,-14.98,-0.9254,-2.5553,-0.7254,-2.1932,0,0,1,0,1,2,EMERGING,3740.96,3217.11,674227.0,6052.69,6009.58,3515.4,28664.22,408513.42,33443.58,5454.78,63.975,15.59,101.28,7698.54,94.91,84252.0,1747.3,4.06,5.152,5.441,2026-09-15,258059,27721,230338,56417,318138,-261721
2026-09-24T17:57:02.002438+00:00,17402.0,17779.0,174032.0,176958.0,4261.16,4260.48,4261.84,True,1.2796,1.279317,1.2799,True,175.31,175305.56,-1273.56,-0.73,-2926.0,-1.68,False,176.77,174.03,1.55,4290.17,4292.97,4250.47,42.5,178013.0,178770.0,176958.0,1812.0,177.83,178.59,176.77,1.82,4305.43,4277.18,4248.93,1.321,4277.18,4310.78,4345.03,4268.98,4277.38,4283.34,4302.2,4322.81,-14.36,-0.6142,-2.2492,-0.4267,-1.8347,0,0,1,0,1,2,EMERGING,3738.62,3215.1,673805.59,6048.9,6005.82,3513.2,28646.31,408258.09,33422.68,5451.37,63.925,15.71,101.327,7698.7402,95.57,84045.5938,1746.5,4.057,5.154,5.446,2026-09-15,258059,27721,230338,56417,318138,-261721
2026-09-24T19:00:28.635031+00:00,17402.0,17779.0,174032.0,176958.0,4272.24,4273.04,4271.45,True,1.2796,1.279317,1.2799,True,175.76,175761.6,-1729.6,-0.98,-2926.0,-1.68,False,176.77,174.03,1.55,4286.97,4292.97,4250.47,42.5,178013.0,178770.0,176958.0,1812.0,177.83,178.59,176.77,1.82,4304.61,4275.89,4247.17,1.3433,4275.89,4309.37,4344.92,4267.78,4275.83,4281.7,4300.6,4321.59,-13.92,-0.6021,-1.8444,-0.6762,-1.8934,0,0,0,0,1,1,NO_TREND,3748.35,3223.46,675558.43,6064.64,6021.45,3522.34,28720.83,409320.14,33509.62,5465.56,64.26,15.56,101.304,7707.6699,94.41,84432.3828,1754.2,4.072,5.16,5.459,2026-09-15,258059,27721,230338,56417,318138,-261721
2026-09-24T19:14:37.821718+00:00,17402.0,17779.0,174032.0,176958.0,4268.31,4268.11,4268.51,True,1.2796,1.279317,1.2799,True,175.6,175599.72,-1567.72,-0.89,-2926.0,-1.68,False,176.77,174.03,1.55,4286.97,4292.97,4250.47,42.5,178013.0,178770.0,176958.0,1812.0,177.83,178.59,176.77,1.82,4303.8,4275.3,4246.8,1.3332,4275.3,4308.22,4344.84,4268.47,4275.49,4281.0,4299.48,4320.61,-12.53,-0.3436,-1.5892,-0.3436,-1.6368,0,0,1,0,1,2,EMERGING,3744.9,3220.5,674936.2,6059.05,6015.9,3519.09,28694.38,408943.13,33478.76,5460.52,64.095,15.47,101.279,7703.8101,94.93,84605.3125,1753.7,4.07,5.158,5.457,2026-09-15,258059,27721,230338,56417,318138,-261721
2026-09-24T20:48:22.293770+00:00,17402.0,17779.0,174032.0,176958.0,4271.08,4270.89,4271.275,True,1.2796,1.279317,1.2799,True,175.71,175713.78,-1681.78,-0.96,-2926.0,-1.68,False,176.77,174.03,1.55,4286.96,4292.97,4250.47,42.5,178013.0,178770.0,176958.0,1812.0,177.83,178.59,176.77,1.82,4302.79,4274.48,4246.17,1.3246,4274.48,4307.07,4344.52,4268.44,4274.81,4280.06,4298.26,4319.58,-11.62,-0.435,-1.6901,-0.3658,-1.7272,0,0,1,0,1,2,EMERGING,3747.33,3222.59,675374.61,6062.99,6019.81,3521.38,28713.01,409208.76,33500.5,5464.07,64.06,15.67,101.301,7704.1299,95.22,84375.3438,1754.7,4.068,5.162,5.461,2026-09-15,258059,27721,230338,56417,318138,-261721
2026-09-24T21:46:06.943477+00:00,17402.0,17779.0,174032.0,176958.0,4275.05,4275.92,4274.18,True,1.2796,1.279317,1.2799,True,175.88,175877.0,-1845.0,-1.05,-2926.0,-1.68,False,176.77,174.03,1.55,4290.69,4292.97,4250.47,42.5,178013.0,178770.0,176958.0,1812.0,177.83,178.59,176.77,1.82,4301.4,4273.68,4245.96,1.2972,4273.68,4305.96,4344.26,4268.85,4274.45,4279.39,4297.19,4318.62,-10.54,-0.457,-1.6315,-0.3183,-2.2439,0,0,1,0,1,2,EMERGING,3750.81,3225.58,676001.98,6068.62,6025.4,3524.65,28739.69,409588.88,33531.62,5469.14,64.275,15.67,101.257,7704.1299,94.76,84445.8516,1757.6,4.068,5.162,5.461,2026-09-15,258059,27721,230338,56417,318138,-261721
2026-09-24T22:12:24.344183+00:00,17402.0,17779.0,174032.0,176958.0,4270.52,4270.24,4270.81,True,1.2796,1.279317,1.2799,True,175.69,175690.84,-1658.84,-0.94,-2926.0,-1.68,False,176.77,174.03,1.55,4290.69,4292.97,4250.47,42.5,178013.0,178770.0,176958.0,1812.0,177.83,178.59,176.77,1.82,4299.45,4272.9,4246.35,1.2427,4272.9,4304.7,4344.01,4269.8,4274.51,4279.07,4296.33,4317.75,-9.27,-0.3645,-1.5841,-0.2778,-2.2338,0,0,1,0,1,2,EMERGING,3746.84,3222.17,675286.46,6062.2,6019.02,3520.92,28709.27,409155.34,33496.13,5463.36,64.275,15.67,101.244,7704.1299,94.41,84310.4375,1758.8,4.068,5.162,5.461,2026-09-15,258059,27721,230338,56417,318138,-261721
2026-09-24T22:28:15.929351+00:00,17402.0,17779.0,174032.0,176958.0,4270.69,4270.39,4270.985,True,1.2796,1.279317,1.2799,True,175.7,175697.53,-1665.53,-0.95,-2926.0,-1.68,False,176.77,174.03,1.55,4290.69,4292.97,4250.47,42.5,178013.0,178770.0,176958.0,1812.0,177.83,178.59,176.77,1.82,4298.0,4272.14,4246.28,1.2106,4272.14,4303.37,4343.72,4269.91,4274.13,4278.44,4295.31,4316.82,-8.53,-0.4701,-1.6884,-0.4701,-2.2373,0,0,1,0,1,2,EMERGING,3746.98,3222.29,675312.15,6062.43,6019.25,3521.05,28710.36,409170.91,33497.41,5463.56,64.195,15.67,101.248,7704.1299,94.35,84147.9062,1759.3,4.068,5.162,5.461,2026-09-15,258059,27721,230338,56417,318138,-261721
2026-09-24T23:34:27.563825+00:00,17402.0,17779.0,174032.0,176958.0,4273.05,4272.79,4273.315,True,1.2796,1.279317,1.2799,True,175.79,175794.82,-1762.82,-1.0,-2926.0,-1.68,False,176.77,174.03,1.55,4285.8,4292.97,4250.47,42.5,178013.0,178770.0,176958.0,1812.0,177.83,178.59,176.77,1.82,4296.5,4271.4,4246.3,1.1753,4271.4,4301.77,4343.34,4270.03,4273.8,4277.86,4294.35,4315.9,-7.83,-0.3526,-1.6989,-0.3526,-2.0857,0,0,1,0,1,2,EMERGING,3749.06,3224.07,675686.12,6065.79,6022.59,3523.0,28726.26,409397.5,33515.96,5466.59,64.19,15.67,101.248,7704.1299,94.09,84411.1797,1758.1,4.068,5.162,5.461,2026-09-15,258059,27721,230338,56417,318138,-261721
2026-09-25T00:46:32.007043+00:00,17442.0,17819.0,174431.0,177355.0,4271.25,4270.94,4271.565,True,1.2798,1.279702,1.2799,True,175.75,175747.21,-1316.21,-0.75,-2924.0,-1.68,False,177.17,174.43,1.55,4292.89,4292.97,4250.47,42.5,178275.0,178770.0,176958.0,1812.0,178.09,178.59,176.77,1.82,4293.41,4270.41,4247.41,1.0772,4270.41,4300.21,4342.96,4270.5,4273.73,4277.51,4293.51,4315.06,-7.01,-0.4622,-2.028,-0.2884,-1.5474,0,0,1,0,1,2,EMERGING,3753.08,3230.96,677790.42,6088.59,6034.63,3535.2,28691.08,410104.63,33500.0,5465.93,64.025,15.67,101.296,7704.1299,93.72,84584.3672,1754.1,4.068,5.162,5.461,2026-09-15,258059,27721,230338,56417,318138,-261721
2026-09-25T01:22:54.020311+00:00,17491.0,17868.0,174924.0,177849.0,4293.01,4292.89,4293.12,True,1.2798,1.279702,1.2799,True,176.64,176642.25,-1718.25,-0.97,-2925.0,-1.67,False,177.67,174.92,1.55,4292.97,4292.97,4250.47,42.5,178770.0,178770.0,176958.0,1812.0,178.59,178.59,176.77,1.82,4289.75,4269.32,4248.89,0.9571,4269.32,4298.53,4342.61,4270.61,4273.49,4277.04,4292.64,4314.19,-6.43,-0.5059,-2.0692,-0.5041,-1.6471,0,0,1,0,1,2,EMERGING,3772.19,3247.42,681242.25,6119.6,6065.37,3553.2,28837.2,412193.2,33670.61,5493.77,64.395,15.67,101.229,7704.1299,93.56,84600.4375,1762.2,4.068,5.162,5.461,2026-09-15,258059,27721,230338,56417,318138,-261721
2026-09-25T01:35:11.303970+00:00,17524.0,17901.0,175253.0,178177.0,4292.97,4293.12,4292.815,True,1.2798,1.279702,1.2799,True,176.64,176640.7,-1387.7,-0.79,-2924.0,-1.67,False,177.99,175.25,1.54,4292.97,4293.01,4250.47,42.54,178770.0,178770.0,176958.0,1812.0,178.59,178.59,176.77,1.82,4291.4,4269.65,4247.9,1.0188,4269.65,4297.22,4342.36,4274.06,4275.35,4278.23,4292.65,4313.77,-4.17,0.0009,-1.404,0.0009,-1.0943,0,0,1,1,1,3,DOMINANT,3772.16,3247.39,681236.3,6119.54,6065.31,3553.17,28836.95,412189.6,33670.32,5493.72,64.48,15.67,101.235,7704.1299,93.32,84380.8125,1763.5,4.068,5.162,5.461,2026-09-15,258059,27721,230338,56417,318138,-261721
2026-09-25T01:58:09.722336+00:00,17524.0,17901.0,175253.0,178177.0,4287.51,4287.66,4287.355,True,1.2798,1.279702,1.2799,True,176.42,176416.04,-1163.04,-0.66,-2924.0,-1.67,False,177.99,175.25,1.54,4286.47,4293.01,4250.47,42.54,178234.0,178234.0,176958.0,1276.0,178.05,178.05,176.77,1.28,4292.26,4269.82,4247.38,1.0511,4269.82,4295.93,4342.09,4276.97,4277.03,4279.32,4292.67,4313.36,-2.35,0.1516,-1.5433,0.1516,-1.0298,0,0,1,1,1,3,DOMINANT,3767.36,3243.26,680369.87,6111.76,6057.6,3548.65,28800.27,411665.35,33627.49,5486.73,64.235,15.67,101.265,7704.1299,93.08,84527.4531,1761.1,4.068,5.162,5.461,2026-09-15,258059,27721,230338,56417,318138,-261721
2026-09-25T06:34:03.971551+00:00,17436.0,17813.0,174377.0,177299.0,4275.25,4275.19,4275.31,True,1.2798,1.279702,1.2799,True,175.91,175911.69,-1534.69,-0.87,-2922.0,-1.68,False,177.12,174.37,1.55,4277.69,4293.01,4250.47,42.54,177918.0,178177.0,176958.0,1219.0,177.73,177.99,176.77,1.22,4293.87,4270.31,4246.75,1.1034,4270.31,4294.42,4341.8,4278.59,4278.03,4279.93,4292.46,4312.85,-1.34,0.2296,-2.3862,-0.049,-0.7806,0,0,1,0,1,2,EMERGING,3756.59,3233.99,678424.77,6094.29,6040.28,3538.51,28717.94,410488.45,33531.35,5471.05,64.205,15.67,101.156,7704.1299,93.03,84006.6406,1754.6,4.068,5.162,5.461,2026-09-15,258059,27721,230338,56417,318138,-261721
2026-09-25T07:37:33.635186+00:00,17436.0,17813.0,174377.0,177299.0,4278.06,4277.79,4278.335,True,1.2798,1.279702,1.2799,True,176.03,176027.41,-1650.41,-0.94,-2922.0,-1.68,False,177.12,174.37,1.55,4254.96,4293.01,4250.47,42.54,177012.0,178177.0,176958.0,1219.0,176.83,177.99,176.77,1.22,4293.89,4270.32,4246.75,1.1039,4270.32,4292.67,4341.46,4278.08,4277.76,4279.58,4291.79,4312.1,-1.5,0.4769,-2.5155,-0.057,-1.3833,0,0,1,0,1,2,EMERGING,3759.06,3236.11,678871.07,6098.3,6044.26,3540.84,28736.83,410758.49,33553.41,5474.65,64.035,15.6,101.203,7704.1299,93.66,83872.3203,1751.6,4.068,5.162,5.461,2026-09-15,258059,27721,230338,56417,318138,-261721
2026-09-25T07:55:21.017955+00:00,17436.0,17813.0,174377.0,177299.0,4279.11,4280.04,4278.19,True,1.2798,1.279702,1.2799,True,176.07,176070.72,-1693.72,-0.96,-2922.0,-1.68,False,177.12,174.37,1.55,4254.96,4293.01,4250.47,42.54,177012.0,178177.0,176958.0,1219.0,176.83,177.99,176.77,1.22,4294.13,4271.48,4248.83,1.0605,4271.48,4290.96,4341.12,4278.07,4277.79,4279.47,4291.25,4311.43,-1.4,0.5429,-2.4514,0.0711,-1.231,0,0,1,1,1,3,DOMINANT,3759.99,3236.91,679038.09,6099.8,6045.74,3541.71,28743.9,410859.55,33561.67,5475.99,64.23,15.58,101.157,7704.1299,93.55,83975.9375,1767.3,4.068,5.162,5.461,2026-09-15,258059,27721,230338,56417,318138,-261721
2026-09-25T08:12:36.822236+00:00,17465.0,17842.0,174664.0,177586.0,4279.88,4279.63,4280.12,True,1.2798,1.279702,1.2799,True,176.1,176101.99,-1437.99,-0.82,-2922.0,-1.67,False,177.4,174.66,1.54,4254.96,4293.01,4250.47,42.54,177012.0,178177.0,176958.0,1219.0,176.83,177.99,176.77,1.22,4293.71,4272.85,4251.99,0.9764,4272.85,4289.25,4341.17,4278.23,4277.92,4279.44,4290.78,4310.79,-1.21,0.5676,-2.4275,0.5676,-1.1689,0,0,1,1,1,3,DOMINANT,3760.65,3237.49,679158.69,6100.88,6046.82,3542.34,28749.0,410932.52,33567.63,5476.96,64.15,15.59,101.142,7704.1299,93.63,84102.3203,1768.1,4.068,5.162,5.461,2026-09-15,258059,27721,230338,56417,318138,-261721
2026-09-25T12:11:36.418488+00:00,17584.0,17961.0,175854.0,178776.0,4300.98,4300.34,4301.625,True,1.2798,1.279702,1.2799,True,176.97,176970.49,-1116.49,-0.63,-2922.0,-1.66,False,178.59,175.85,1.53,4269.06,4293.01,4250.47,42.54,177053.0,178177.0,176958.0,1219.0,176.87,177.99,176.77,1.22,4294.4,4273.39,4252.38,0.9833,4273.39,4287.72,4341.24,4278.49,4278.1,4279.47,4290.35,4310.18,-0.98,0.2535,-1.5975,0.6623,-1.0654,0,0,1,1,1,3,DOMINANT,3779.2,3253.45,682508.17,6130.97,6076.64,3559.81,28890.79,412959.16,33733.18,5503.98,65.225,15.04,100.989,7704.1299,92.42,84587.5625,1796.8,4.068,5.162,5.461,2026-09-15,258059,27721,230338,56417,318138,-261721
2026-09-25T13:36:46.801153+00:00,17493.0,17869.0,174938.0,177858.0,4280.18,4280.09,4280.27,True,1.2798,1.279702,1.2799,True,176.11,176114.54,-1176.54,-0.67,-2920.0,-1.67,False,177.68,174.94,1.54,4259.11,4300.98,4250.47,50.51,176958.0,178776.0,176958.0,1818.0,176.77,178.59,176.77,1.82,4299.05,4274.68,4250.31,1.1402,4274.68,4286.58,4341.45,4281.95,4280.28,4281.07,4290.77,4309.99,0.88,0.9831,-1.1123,0.7477,-0.5926,0,0,1,1,1,3,DOMINANT,3760.92,3237.72,679207.09,6101.32,6047.25,3542.59,28751.05,410961.8,33570.02,5477.35,64.54,15.22,100.968,7724.8301,93.05,84158.0312,1782.6,4.068,5.175,5.482,2026-09-15,258059,27721,230338,56417,318138,-261721
2026-09-25T13:53:51.541787+00:00,17460.0,17836.0,174610.0,177529.0,4280.99,4279.98,4282.0,True,1.2798,1.279702,1.2799,True,176.15,176147.87,-1537.87,-0.87,-2919.0,-1.67,False,177.35,174.61,1.54,4259.11,4300.98,4250.47,50.51,176958.0,178776.0,176958.0,1818.0,176.77,178.59,176.77,1.82,4299.07,4275.73,4252.39,1.0917,4275.73,4285.02,4341.53,4281.68,4280.27,4281.0,4290.35,4309.4,0.68,0.4947,-1.5906,0.1167,-1.3336,0,0,1,1,1,3,DOMINANT,3761.63,3238.33,679335.63,6102.47,6048.39,3543.26,28756.49,411039.58,33576.37,5478.39,64.31,15.13,100.943,7730.0801,93.28,83846.3984,1777.5,4.072,5.181,5.483,2026-09-15,258059,27721,230338,56417,318138,-261721
2026-09-25T14:12:22.667252+00:00,17391.0,17768.0,173925.0,176846.0,4265.35,4265.79,4264.91,True,1.2784,1.279702,1.2771,True,175.31,175312.35,-1387.35,-0.79,-2921.0,-1.68,False,176.66,173.92,1.55,4259.11,4300.98,4250.47,50.51,176958.0,178776.0,176958.0,1818.0,176.77,178.59,176.77,1.82,4297.42,4277.26,4257.1,0.9427,4277.26,4284.03,4341.59,4281.57,4280.34,4281.0,4289.98,4308.84,0.57,0.5137,-1.572,0.5137,-1.2914,0,0,1,1,1,3,DOMINANT,3747.89,3226.5,676853.77,6080.18,6026.3,3530.32,28651.44,409537.9,33453.71,5458.38,64.14,15.12,100.98,7706.3301,93.61,83614.0781,1770.7,4.08,5.194,5.497,2026-09-15,258059,27721,230338,56417,318138,-261721
2026-09-25T17:31:08.010672+00:00,17424.0,17801.0,174254.0,177175.0,4286.69,4287.1,4286.29,True,1.2784,1.279702,1.2771,True,176.19,176189.66,-1935.66,-1.1,-2921.0,-1.68,False,176.99,174.25,1.55,4263.82,4300.98,4261.16,39.82,176958.0,178776.0,176846.0,1930.0,176.77,178.59,176.66,1.93,4297.29,4277.33,4257.37,0.9333,4277.33,4282.62,4341.57,4279.07,4278.91,4279.84,4289.02,4307.98,-0.77,0.0359,-2.8363,0.3501,-1.9611,0,0,1,1,1,3,DOMINANT,3766.65,3242.64,680240.93,6110.6,6056.45,3547.98,28794.81,411587.34,33621.12,5485.69,64.815,14.99,101.051,7741.8701,92.13,83661.4609,1800.3,4.072,5.194,5.512,2026-09-15,258059,27721,230338,56417,318138,-261721
2026-09-25T18:28:29.921801+00:00,17424.0,17801.0,174254.0,177175.0,4286.35,4286.99,4285.705,True,1.2784,1.279702,1.2771,True,176.18,176175.38,-1921.38,-1.09,-2921.0,-1.68,False,176.99,174.25,1.55,4272.24,4300.98,4265.35,35.63,176958.0,178776.0,176846.0,1930.0,176.77,178.59,176.66,1.93,4297.45,4278.61,4259.77,0.8807,4278.61,4281.72,4341.69,4280.25,4279.65,4280.35,4288.93,4307.56,-0.1,0.3382,-2.2072,0.5364,-1.4857,0,0,1,1,1,3,DOMINANT,3766.34,3242.38,680185.79,6110.11,6055.96,3547.69,28792.48,411553.98,33618.39,5485.25,64.785,14.96,101.032,7736.6602,92.04,83922.6328,1802.0,4.077,5.2,5.519,2026-09-15,258059,27721,230338,56417,318138,-261721
2026-09-25T18:41:21.428297+00:00,17424.0,17801.0,174254.0,177175.0,4288.76,4288.75,4288.78,True,1.2784,1.279702,1.2771,True,176.27,176274.74,-2020.74,-1.15,-2921.0,-1.68,False,176.99,174.25,1.55,4272.24,4300.98,4265.35,35.63,176958.0,178776.0,176846.0,1930.0,176.77,178.59,176.66,1.93,4298.2,4279.31,4260.42,0.8829,4279.31,4280.81,4341.71,4281.19,4280.29,4280.79,4288.82,4307.14,0.4,0.3303,-2.2149,0.5912,-1.5795,0,0,1,1,1,3,DOMINANT,3768.46,3244.21,680569.42,6113.55,6059.38,3549.69,28808.72,411786.09,33637.35,5488.34,64.895,14.99,100.996,7736.3999,92.21,83901.4375,1803.4,4.077,5.2,5.515,2026-09-15,258059,27721,230338,56417,318138,-261721
2026-09-25T18:57:44.309921+00:00,17424.0,17801.0,174254.0,177175.0,4294.91,4294.59,4295.225,True,1.2784,1.279702,1.2771,True,176.53,176527.21,-2273.21,-1.29,-2921.0,-1.68,False,176.99,174.25,1.55,4272.24,4300.98,4265.35,35.63,176958.0,178776.0,176846.0,1930.0,176.77,178.59,176.66,1.93,4298.93,4280.34,4261.75,0.8686,4280.34,4280.42,4341.64,4282.35,4281.1,4281.38,4288.82,4306.77,0.97,0.3867,-2.1599,0.3867,-1.5963,0,0,1,1,1,3,DOMINANT,3773.86,3248.86,681544.15,6122.31,6068.06,3554.78,28849.98,412375.87,33685.53,5496.2,64.885,14.98,100.97,7736.5298,92.23,83924.5391,1803.3,4.072,5.194,5.51,2026-09-15,258059,27721,230338,56417,318138,-261721
2026-09-25T20:43:48.396803+00:00,17424.0,17801.0,174254.0,177175.0,4285.27,4285.04,4285.505,True,1.2784,1.279702,1.2771,True,176.13,176131.2,-1877.2,-1.07,-2921.0,-1.68,False,176.99,174.25,1.55,4271.08,4300.98,4265.35,35.63,176958.0,178776.0,176846.0,1930.0,176.77,178.59,176.66,1.93,4300.67,4281.53,4262.39,0.8941,4281.53,4280.22,4341.57,4284.28,4282.41,4282.38,4289.06,4306.54,1.9,0.5579,-1.8912,0.6232,-1.4325,0,0,1,1,1,3,DOMINANT,3765.4,3241.57,680015.2,6108.57,6054.44,3546.8,28785.26,411450.76,33609.96,5483.87,64.755,14.87,101.013,7743.4102,92.82,84133.0625,1799.4,4.07,5.184,5.504,2026-09-22,253982,28129,225853,57458,320361,-262903
2026-09-25T22:12:13.310723+00:00,17424.0,17801.0,174254.0,177175.0,4285.16,4285.03,4285.29,True,1.2784,1.279702,1.2771,True,176.13,176126.57,-1872.57,-1.06,-2921.0,-1.68,False,176.99,174.25,1.55,4270.52,4300.98,4265.35,35.63,176958.0,178776.0,176846.0,1930.0,176.77,178.59,176.66,1.93,4301.0,4282.04,4263.08,0.8856,4282.04,4279.63,4341.46,4284.43,4282.69,4282.6,4288.91,4306.12,1.83,0.3454,-2.1114,0.3322,-1.7906,0,0,1,1,1,3,DOMINANT,3765.3,3241.48,679997.35,6108.41,6054.28,3546.71,28784.5,411439.96,33609.08,5483.73,64.71,14.87,101.035,7743.4102,92.44,83917.0,1800.8,4.07,5.184,5.504,2026-09-22,253982,28129,225853,57458,320361,-262903
2026-09-25T22:26:33.224987+00:00,17424.0,17801.0,174254.0,177175.0,4285.16,4285.03,4285.29,True,1.2784,1.279702,1.2771,True,176.13,176126.57,-1872.57,-1.06,-2921.0,-1.68,False,176.99,174.25,1.55,4270.69,4300.98,4265.35,35.63,176958.0,178776.0,176846.0,1930.0,176.77,178.59,176.66,1.93,4300.97,4282.77,4264.57,0.8499,4282.77,4279.16,4341.33,4284.55,4282.92,4282.79,4288.77,4305.7,1.76,0.3388,-2.1139,0.2365,-1.7762,0,0,1,1,1,3,DOMINANT,3765.3,3241.48,679997.35,6108.41,6054.28,3546.71,28784.5,411439.96,33609.08,5483.73,64.71,14.87,101.035,7743.4102,92.44,83964.7734,1800.8,4.07,5.184,5.504,2026-09-22,253982,28129,225853,57458,320361,-262903
2026-09-25T22:50:39.860721+00:00,17424.0,17801.0,174254.0,177175.0,4285.16,4285.03,4285.29,True,1.2784,1.279702,1.2771,True,176.13,176126.57,-1872.57,-1.06,-2921.0,-1.68,True,176.99,174.25,1.55,4273.05,4300.98,4265.35,35.63,176958.0,178776.0,176846.0,1930.0,176.77,178.59,176.66,1.93,4300.8,4283.49,4266.18,0.8082,4283.49,4279.12,4341.21,4284.64,4283.13,4282.96,4288.62,4305.3,1.68,0.2834,-2.1139,0.3428,-1.7944,0,0,0,1,1,2,EMERGING,3765.3,3241.48,679997.35,6108.41,6054.28,3546.71,28784.5,411439.96,33609.08,5483.73,64.71,14.87,101.035,7743.4102,92.44,84053.3906,1800.8,4.07,5.184,5.504,2026-09-22,253982,28129,225853,57458,320361,-262903
2026-09-26T00:08:01.769283+00:00,17424.0,17801.0,174254.0,177175.0,4285.16,4285.03,4285.29,True,1.2784,1.279702,1.2771,True,176.13,176126.57,-1872.57,-1.06,-2921.0,-1.68,True,176.99,174.25,1.55,4271.25,4300.98,4265.35,35.63,177355.0,178776.0,176846.0,1930.0,177.17,178.59,176.66,1.93,4300.7,4284.1,4267.5,0.775,4284.1,4279.2,4340.98,4284.72,4283.33,4283.13,4288.49,4304.9,1.59,0.3257,-2.1139,0.3388,-1.8219,0,0,0,1,1,2,EMERGING,3765.3,3241.48,679997.35,6108.41,6054.28,3546.71,28784.5,411439.96,33609.08,5483.73,64.71,14.87,101.035,7743.4102,92.44,84084.1094,1800.8,4.07,5.184,5.504,2026-09-22,253982,28129,225853,57458,320361,-262903
2026-09-26T01:00:41.871968+00:00,17424.0,17801.0,174254.0,177175.0,4285.16,4285.03,4285.29,True,1.2775,1.277811,1.2771,True,176.0,175996.31,-1742.31,-0.99,-2921.0,-1.68,True,176.99,174.25,1.55,4293.01,4300.98,4265.35,35.63,177849.0,178776.0,176846.0,1930.0,177.67,178.59,176.66,1.93,4300.26,4284.8,4269.34,0.7216,4284.8,4279.26,4340.75,4284.79,4283.5,4283.28,4288.36,4304.51,1.51,-0.1829,-2.1139,0.2834,-1.633,0,0,0,1,1,2,EMERGING,3759.23,3236.8,675083.07,6099.51,6056.33,3549.91,28816.16,411026.96,33614.86,5475.62,64.71,14.87,101.035,7743.4102,92.44,83897.75,1800.8,4.07,5.184,5.504,2026-09-22,253982,28129,225853,57458,320361,-262903
2026-09-26T01:26:04.003261+00:00,17424.0,17801.0,174254.0,177175.0,4285.16,4285.03,4285.29,True,1.2775,1.277811,1.2771,True,176.0,175996.31,-1742.31,-0.99,-2921.0,-1.68,True,176.99,174.25,1.55,4292.97,4300.98,4265.35,35.63,178177.0,178776.0,176846.0,1930.0,177.99,178.59,176.66,1.93,4299.37,4284.4,4269.43,0.6988,4284.4,4279.16,4340.44,4284.85,4283.66,4283.42,4288.23,4304.12,1.43,-0.1819,-2.1139,0.3257,-1.6777,0,0,0,1,1,2,EMERGING,3759.23,3236.8,675083.07,6099.51,6056.33,3549.91,28816.16,411026.96,33614.86,5475.62,64.71,14.87,101.035,7743.4102,92.44,83941.4688,1800.8,4.07,5.184,5.504,2026-09-22,253982,28129,225853,57458,320361,-262903
2026-09-26T01:38:09.577394+00:00,17424.0,17801.0,174254.0,177175.0,4285.16,4285.03,4285.29,True,1.2775,1.277811,1.2771,True,176.0,175996.31,-1742.31,-0.99,-2921.0,-1.68,True,176.99,174.25,1.55,4287.51,4300.98,4265.35,35.63,178177.0,178776.0,176846.0,1930.0,177.99,178.59,176.66,1.93,4298.44,4284.01,4269.58,0.6737,4284.01,4279.12,4340.11,4284.89,4283.8,4283.55,4288.11,4303.75,1.34,-0.0548,-2.1074,-0.1829,-1.6703,0,0,0,0,1,1,NO_TREND,3759.23,3236.8,675083.07,6099.51,6056.33,3549.91,28816.16,411026.96,33614.86,5475.62,64.71,14.87,101.035,7743.4102,92.44,83985.1328,1800.8,4.07,5.184,5.504,2026-09-22,253982,28129,225853,57458,320361,-262903
2026-09-26T05:24:58.839437+00:00,17424.0,17801.0,174254.0,177175.0,4285.16,4285.03,4285.29,True,1.2775,1.277811,1.2771,True,176.0,175996.31,-1742.31,-0.99,-2921.0,-1.68,True,176.99,174.25,1.55,4275.25,4300.98,4265.35,35.63,177299.0,178776.0,176846.0,1930.0,177.12,178.59,176.66,1.93,4298.25,4283.9,4269.55,0.67,4283.9,4279.15,4339.67,4284.93,4283.93,4283.67,4288.0,4303.38,1.26,0.2318,-2.6299,-0.1819,-1.0468,0,0,1,0,1,2,EMERGING,3759.23,3236.8,675083.07,6099.51,6056.33,3549.91,28816.16,411026.96,33614.86,5475.62,64.245,14.87,100.97,7743.4102,92.41,83987.8125,1774.7,4.07,5.184,5.504,2026-09-22,253982,28129,225853,57458,320361,-262903
2026-09-26T06:41:54.698429+00:00,17424.0,17801.0,174254.0,177175.0,4285.77,4286.25,4285.29,True,1.2775,1.277811,1.2771,True,176.02,176021.36,-1767.36,-1.0,-2921.0,-1.68,False,176.99,174.25,1.55,4278.06,4300.98,4265.35,35.63,177299.0,178776.0,176846.0,1930.0,177.12,178.59,176.66,1.93,4298.15,4284.39,4270.63,0.6423,4284.39,4279.15,4339.26,4284.97,4284.05,4283.78,4287.88,4303.02,1.19,0.166,-2.1074,-0.0548,-1.1641,0,0,0,0,1,1,NO_TREND,3759.76,3237.26,675179.17,6100.38,6057.19,3550.42,28820.26,411085.47,33619.65,5476.4,64.245,14.87,100.97,7743.4102,92.41,83913.2266,1774.7,4.07,5.184,5.504,2026-09-22,253982,28129,225853,57458,320361,-262903
