timestamp,uob_100g_buy,uob_100g_sell,uob_1kg_buy,uob_1kg_sell,gold_spot_usd_avg,gold_spot_cnbc,gold_spot_goldprice_org,gold_cross_validated,usdsgd_avg,usdsgd_exchangerate_api,usdsgd_frankfurter,forex_cross_validated,spot_sgd_per_gram,spot_sgd_per_kg,uob_1kg_premium_sgd,uob_1kg_premium_pct,uob_spread_sgd,uob_spread_pct,spot_stale,uob_gsa_sell,uob_gsa_buy,uob_gsa_spread_pct,spot_24h_open,spot_24h_high,spot_24h_low,spot_24h_range,uob_1kg_24h_open,uob_1kg_24h_high,uob_1kg_24h_low,uob_1kg_24h_range,uob_gsa_24h_open,uob_gsa_24h_high,uob_gsa_24h_low,uob_gsa_24h_range,spot_bb_upper,spot_bb_mid,spot_bb_lower,spot_bb_width_pct,spot_sma_20,spot_sma_50,spot_sma_200,spot_ema_12,spot_ema_20,spot_ema_26,spot_ema_50,spot_ema_100,spot_ema_osc,spot_roc_24h,spot_roc_7d,spot_roc_21,spot_roc_63,timid_c1_price_gt_ema100,timid_c2_ema50_gt_ema100,timid_c3_ema20_gt_sma20,timid_c4_roc21_positive,timid_c5_roc21_gt_roc63,timid_score,timid_zone,xau_eur,xau_gbp,xau_jpy,xau_aud,xau_cad,xau_chf,xau_cny,xau_inr,xau_hkd,xau_sgd,xag_usd,vix,dxy,spx,wti_oil,btc_usd,xpt_usd,ust_3m,ust_10y,ust_30y,cot_date,cot_noncomm_long,cot_noncomm_short,cot_noncomm_net,cot_comm_long,cot_comm_short,cot_comm_net
2026-02-19T11:55:55.311393Z,20234.0,20572.0,202353.0,204891.0,4983.16,4983.1162,4983.2075,True,1.2649,1.265994,1.2639,True,202.66,202660.01,-307.01,-0.15,-2538.0,-1.25
2026-02-19T12:42:16.180727Z,20230.0,20567.0,202309.0,204848.0,4985.89,4985.98,4985.805,True,1.2649,1.265994,1.2639,True,202.77,202771.06,-462.06,-0.23,-2539.0,-1.26
2026-02-19T12:43:21.934946Z,20230.0,20567.0,202309.0,204848.0,4985.42,4985.23,4985.605,True,1.2649,1.265994,1.2639,True,202.75,202751.75,-442.75,-0.22,-2539.0,-1.26
2026-02-19T13:26:42.986095Z,20238.0,20576.0,202389.0,204929.0,4985.68,4985.54,4985.81,True,1.2649,1.265994,1.2639,True,202.76,202762.22,-373.22,-0.18,-2540.0,-1.26
2026-02-19T14:32:39.635868Z,20279.0,20616.0,202797.0,205337.0,4973.05,4971.72,4974.3875,True,1.2649,1.265994,1.2639,True,202.25,202248.92,548.08,0.27,-2540.0,-1.25
2026-02-19T15:30:23.444237Z,20295.0,20633.0,202957.0,205499.0,5012.99,5012.47,5013.5025,True,1.2675,1.265994,1.2691,True,204.29,204291.98,-1334.98,-0.65,-2542.0,-1.25
2026-02-19T16:32:45.844341Z,20295.0,20633.0,202957.0,205499.0,4999.13,4997.5574,5000.695,True,1.2675,1.265994,1.2691,True,203.73,203727.15,-770.15,-0.38,-2542.0,-1.25
2026-02-19T17:36:06.881110Z,20295.0,20633.0,202957.0,205499.0,4992.71,4992.1438,4993.27,True,1.2675,1.265994,1.2691,True,203.47,203465.55,-508.55,-0.25,-2542.0,-1.25
2026-02-19T18:33:42.345557Z,20295.0,20633.0,202957.0,205499.0,4982.28,4982.29,4982.2775,True,1.2675,1.265994,1.2691,True,203.04,203040.78,-83.78,-0.04,-2542.0,-1.25
2026-02-19T19:28:35.559173Z,20295.0,20633.0,202957.0,205499.0,4989.78,4989.5,4990.0675,True,1.2675,1.265994,1.2691,True,203.35,203346.42,-389.42,-0.19,-2542.0,-1.25
2026-02-19T20:01:00.657609Z,20295.0,20633.0,202957.0,205499.0,4988.68,4988.1698,4989.1825,True,1.2675,1.265994,1.2691,True,203.3,203301.28,-344.28,-0.17,-2542.0,-1.25
2026-02-19T20:49:04.933125Z,20295.0,20633.0,202957.0,205499.0,5001.93,5001.63,5002.225,True,1.2675,1.265994,1.2691,True,203.84,203841.31,-884.31,-0.43,-2542.0,-1.25
2026-02-19T21:23:23.325267Z,20295.0,20633.0,202957.0,205499.0,4994.76,4996.85,4992.6675,True,1.2675,1.265994,1.2691,True,203.55,203549.17,-592.17,-0.29,-2542.0,-1.25
2026-02-19T21:58:46.175968Z,20295.0,20633.0,202957.0,205499.0,4995.74,4995.09,4996.39,True,1.2675,1.265994,1.2691,True,203.59,203589.15,-632.15,-0.31,-2542.0,-1.25
2026-02-19T22:45:54.786285Z,20295.0,20633.0,202957.0,205499.0,4995.4,4994.63,4996.16,True,1.2675,1.265994,1.2691,True,203.58,203575.09,-618.09,-0.3,-2542.0,-1.25
2026-02-19T23:17:27.891386Z,20295.0,20633.0,202957.0,205499.0,4996.89,4994.81,4998.97,True,1.2675,1.265994,1.2691,True,203.64,203636.02,-679.02,-0.33,-2542.0,-1.25
2026-02-19T23:49:57.818538Z,20295.0,20633.0,202957.0,205499.0,4996.44,4996.165,4996.72,True,1.2675,1.265994,1.2691,True,203.62,203617.78,-660.78,-0.32,-2542.0,-1.25
2026-02-20T01:23:12.505735Z,20307.0,20644.0,203076.0,205616.0,5008.31,5008.0509,5008.565,True,1.2689,1.268613,1.2691,True,204.31,204312.19,-1236.19,-0.61,-2540.0,-1.25
2026-02-20T03:59:02.238197Z,20287.0,20625.0,202877.0,205418.0,4990.88,4990.79,4990.96,True,1.2689,1.268613,1.2691,True,203.6,203601.02,-724.02,-0.36,-2541.0,-1.25
2026-02-20T05:20:02.988939Z,20307.0,20645.0,203081.0,205622.0,4999.37,4999.15,4999.5825,True,1.2689,1.268613,1.2691,True,203.95,203947.41,-866.41,-0.42,-2541.0,-1.25
2026-02-20T06:11:53.192805Z,20323.0,20660.0,203236.0,205778.0,5017.58,5017.1,5018.065,True,1.2689,1.268613,1.2691,True,204.69,204690.54,-1454.54,-0.71,-2542.0,-1.25
2026-02-20T07:17:05.493499Z,20393.0,20731.0,203938.0,206480.0,5022.59,5022.1714,5023.0,True,1.2689,1.268613,1.2691,True,204.89,204894.64,-956.64,-0.47,-2542.0,-1.25
2026-02-20T08:00:20.537962Z,20360.0,20698.0,203612.0,206154.0,5006.36,5005.61,5007.11,True,1.2689,1.268613,1.2691,True,204.23,204232.72,-620.72,-0.3,-2542.0,-1.25
2026-02-20T08:58:36.096386Z,20409.0,20747.0,204100.0,206643.0,5030.02,5029.79,5030.2475,True,1.2689,1.268613,1.2691,True,205.2,205197.87,-1097.87,-0.54,-2543.0,-1.25
2026-02-20T09:54:33.779871Z,20421.0,20759.0,204223.0,206766.0,5032.73,5032.79,5032.67,True,1.2689,1.268613,1.2691,True,205.31,205308.48,-1085.48,-0.53,-2543.0,-1.25
2026-02-20T10:48:30.958299Z,20446.0,20784.0,204467.0,207011.0,5026.17,5026.07,5026.2775,True,1.2689,1.268613,1.2691,True,205.04,205041.02,-574.02,-0.28,-2544.0,-1.24
2026-02-20T11:23:12.930984Z,20446.0,20784.0,204467.0,207011.0,5028.27,5028.041,5028.49,True,1.2689,1.268613,1.2691,True,205.13,205126.35,-659.35,-0.32,-2544.0,-1.24
2026-02-20T11:56:10.475907Z,20446.0,20784.0,204467.0,207011.0,5019.58,5019.45,5019.7025,True,1.2689,1.268613,1.2691,True,204.77,204771.87,-304.87,-0.15,-2544.0,-1.24
2026-02-20T13:18:41.744319Z,20389.0,20727.0,203896.0,206439.0,5029.15,5029.05,5029.245,True,1.2689,1.268613,1.2691,True,205.16,205162.33,-1266.33,-0.62,-2543.0,-1.25
2026-02-20T14:09:27.133897Z,20478.0,20816.0,204793.0,207338.0,5045.48,5045.32,5045.635,True,1.2689,1.268613,1.2691,True,205.83,205828.51,-1035.51,-0.5,-2545.0,-1.24
2026-02-20T15:02:14.734933Z,20511.0,20849.0,205120.0,207664.0,5058.1,5062.79,5053.4075,True,1.2688,1.268613,1.2689,True,206.33,206327.12,-1207.12,-0.59,-2544.0,-1.24
2026-02-20T15:52:38.715666Z,20511.0,20849.0,205120.0,207664.0,5039.76,5040.48,5039.0475,True,1.2688,1.268613,1.2689,True,205.58,205579.21,-459.21,-0.22,-2544.0,-1.24
2026-02-20T16:51:30.209042Z,20511.0,20849.0,205120.0,207664.0,5065.69,5065.19,5066.185,True,1.2688,1.268613,1.2689,True,206.64,206636.68,-1516.68,-0.73,-2544.0,-1.24
2026-02-20T17:44:32.028009Z,20511.0,20849.0,205120.0,207664.0,5069.36,5069.03,5069.6975,True,1.2688,1.268613,1.2689,True,206.79,206786.64,-1666.64,-0.81,-2544.0,-1.24
2026-02-20T18:27:23.755609Z,20511.0,20849.0,205120.0,207664.0,5060.78,5058.59,5062.98,True,1.2688,1.268613,1.2689,True,206.44,206436.7,-1316.7,-0.64,-2544.0,-1.24
2026-02-20T19:23:00.184810Z,20511.0,20849.0,205120.0,207664.0,5073.65,5073.49,5073.8025,True,1.2688,1.268613,1.2689,True,206.96,206961.33,-1841.33,-0.89,-2544.0,-1.24
2026-02-20T19:54:58.225014Z,20511.0,20849.0,205120.0,207664.0,5074.98,5074.72,5075.2425,True,1.2688,1.268613,1.2689,True,207.02,207015.78,-1895.78,-0.92,-2544.0,-1.24
2026-02-20T20:41:46.209081Z,20511.0,20849.0,205120.0,207664.0,5085.4,5085.19,5085.605,True,1.2688,1.268613,1.2689,True,207.44,207440.68,-2320.68,-1.12,-2544.0,-1.24
2026-02-20T21:11:03.386002Z,20511.0,20849.0,205120.0,207664.0,5092.16,5091.4712,5092.85,True,1.2688,1.268613,1.2689,True,207.72,207716.55,-2596.55,-1.25,-2544.0,-1.24
2026-02-20T21:45:27.089217Z,20511.0,20849.0,205120.0,207664.0,5099.81,5099.63,5099.985,True,1.2688,1.268613,1.2689,True,208.03,208028.48,-2908.48,-1.4,-2544.0,-1.24
2026-02-20T22:00:33.313751Z,20511.0,20849.0,205120.0,207664.0,5105.2,5103.49,5106.9075,True,1.2688,1.268613,1.2689,True,208.25,208248.4,-3128.4,-1.5,-2544.0,-1.24
2026-02-20T22:46:28.770029Z,20511.0,20849.0,205120.0,207664.0,5105.09,5103.49,5106.68,True,1.2688,1.268613,1.2689,True,208.24,208243.76,-3123.76,-1.5,-2544.0,-1.24
2026-02-20T23:16:15.652021Z,20511.0,20849.0,205120.0,207664.0,5105.09,5103.49,5106.68,True,1.2688,1.268613,1.2689,True,208.24,208243.76,-3123.76,-1.5,-2544.0,-1.24
2026-02-20T23:47:50.583659Z,20511.0,20849.0,205120.0,207664.0,5105.09,5103.49,5106.68,True,1.2688,1.268613,1.2689,True,208.24,208243.76,-3123.76,-1.5,-2544.0,-1.24
2026-02-21T00:55:40.693610Z,20511.0,20849.0,205120.0,207664.0,5105.09,5103.49,5106.68,True,1.2682,1.267575,1.2689,True,208.16,208158.58,-3038.58,-1.46,-2544.0,-1.24
2026-02-21T03:26:48.399433Z,20511.0,20849.0,205120.0,207664.0,5105.09,5103.49,5106.68,True,1.2682,1.267575,1.2689,True,208.16,208158.58,-3038.58,-1.46,-2544.0,-1.24
2026-02-21T04:52:52.679551Z,20511.0,20849.0,205120.0,207664.0,5105.09,5103.49,5106.68,True,1.2682,1.267575,1.2689,True,208.16,208158.58,-3038.58,-1.46,-2544.0,-1.24
2026-02-21T05:49:20.814786Z,20511.0,20849.0,205120.0,207664.0,5105.09,5103.49,5106.68,True,1.2682,1.267575,1.2689,True,208.16,208158.58,-3038.58,-1.46,-2544.0,-1.24
2026-02-21T06:31:24.096486Z,20511.0,20849.0,205120.0,207664.0,5105.09,5103.49,5106.68,True,1.2682,1.267575,1.2689,True,208.16,208158.58,-3038.58,-1.46,-2544.0,-1.24
2026-02-21T07:19:39.594779Z,20511.0,20849.0,205120.0,207664.0,5105.09,5103.49,5106.68,True,1.2682,1.267575,1.2689,True,208.16,208158.58,-3038.58,-1.46,-2544.0,-1.24
2026-02-21T07:49:27.475988Z,20511.0,20849.0,205120.0,207664.0,5105.09,5103.49,5106.68,True,1.2682,1.267575,1.2689,True,208.16,208158.58,-3038.58,-1.46,-2544.0,-1.24
2026-02-21T08:20:41.435843Z,20511.0,20849.0,205120.0,207664.0,5105.09,5103.49,5106.68,True,1.2682,1.267575,1.2689,True,208.16,208158.58,-3038.58,-1.46,-2544.0,-1.24
2026-02-21T08:57:56.257804Z,20511.0,20849.0,205120.0,207664.0,5105.09,5103.49,5106.68,True,1.2682,1.267575,1.2689,True,208.16,208158.58,-3038.58,-1.46,-2544.0,-1.24
2026-02-21T09:39:49.245037Z,20511.0,20849.0,205120.0,207664.0,5105.09,5103.49,5106.68,True,1.2682,1.267575,1.2689,True,208.16,208158.58,-3038.58,-1.46,-2544.0,-1.24
2026-02-21T09:59:17.426407Z,20511.0,20849.0,205120.0,207664.0,5105.09,5103.49,5106.68,True,1.2682,1.267575,1.2689,True,208.16,208158.58,-3038.58,-1.46,-2544.0,-1.24
2026-02-21T10:39:41.563622Z,20511.0,20849.0,205120.0,207664.0,5105.09,5103.49,5106.68,True,1.2682,1.267575,1.2689,True,208.16,208158.58,-3038.58,-1.46,-2544.0,-1.24
2026-02-21T11:00:42.463295Z,20511.0,20849.0,205120.0,207664.0,5105.09,5103.49,5106.68,True,1.2682,1.267575,1.2689,True,208.16,208158.58,-3038.58,-1.46,-2544.0,-1.24
2026-02-21T11:33:50.153169Z,20511.0,20849.0,205120.0,207664.0,5105.09,5103.49,5106.68,True,1.2682,1.267575,1.2689,True,208.16,208158.58,-3038.58,-1.46,-2544.0,-1.24
2026-02-21T11:53:09.641574Z,20511.0,20849.0,205120.0,207664.0,5105.09,5103.49,5106.68,True,1.2682,1.267575,1.2689,True,208.16,208158.58,-3038.58,-1.46,-2544.0,-1.24
2026-02-21T13:04:27.723788Z,20511.0,20849.0,205120.0,207664.0,5105.09,5103.49,5106.68,True,1.2682,1.267575,1.2689,True,208.16,208158.58,-3038.58,-1.46,-2544.0,-1.24
2026-02-21T13:51:34.526523Z,20511.0,20849.0,205120.0,207664.0,5105.09,5103.49,5106.68,True,1.2682,1.267575,1.2689,True,208.16,208158.58,-3038.58,-1.46,-2544.0,-1.24
2026-02-21T14:34:13.922141Z,20511.0,20849.0,205120.0,207664.0,5105.09,5103.49,5106.68,True,1.2682,1.267575,1.2689,True,208.16,208158.58,-3038.58,-1.46,-2544.0,-1.24
2026-02-21T14:57:31.272371Z,20511.0,20849.0,205120.0,207664.0,5105.09,5103.49,5106.68,True,1.2682,1.267575,1.2689,True,208.16,208158.58,-3038.58,-1.46,-2544.0,-1.24
2026-02-21T15:35:20.845539Z,20511.0,20849.0,205120.0,207664.0,5105.09,5103.49,5106.68,True,1.2682,1.267575,1.2689,True,208.16,208158.58,-3038.58,-1.46,-2544.0,-1.24
2026-02-21T15:55:43.563291Z,20511.0,20849.0,205120.0,207664.0,5105.09,5103.49,5106.68,True,1.2682,1.267575,1.2689,True,208.16,208158.58,-3038.58,-1.46,-2544.0,-1.24
2026-02-21T16:40:07.753463Z,20511.0,20849.0,205120.0,207664.0,5105.09,5103.49,5106.68,True,1.2682,1.267575,1.2689,True,208.16,208158.58,-3038.58,-1.46,-2544.0,-1.24
2026-02-21T17:03:26.920298Z,20511.0,20849.0,205120.0,207664.0,5105.09,5103.49,5106.68,True,1.2682,1.267575,1.2689,True,208.16,208158.58,-3038.58,-1.46,-2544.0,-1.24
2026-02-21T17:40:04.219234Z,20511.0,20849.0,205120.0,207664.0,5105.09,5103.49,5106.68,True,1.2682,1.267575,1.2689,True,208.16,208158.58,-3038.58,-1.46,-2544.0,-1.24
2026-02-21T17:59:28.288586Z,20511.0,20849.0,205120.0,207664.0,5105.09,5103.49,5106.68,True,1.2682,1.267575,1.2689,True,208.16,208158.58,-3038.58,-1.46,-2544.0,-1.24
2026-02-21T18:51:25.392354Z,20511.0,20849.0,205120.0,207664.0,5105.09,5103.49,5106.68,True,1.2682,1.267575,1.2689,True,208.16,208158.58,-3038.58,-1.46,-2544.0,-1.24
2026-02-21T19:31:24.090309Z,20511.0,20849.0,205120.0,207664.0,5105.09,5103.49,5106.68,True,1.2682,1.267575,1.2689,True,208.16,208158.58,-3038.58,-1.46,-2544.0,-1.24
2026-02-21T19:53:39.754144Z,20511.0,20849.0,205120.0,207664.0,5105.09,5103.49,5106.68,True,1.2682,1.267575,1.2689,True,208.16,208158.58,-3038.58,-1.46,-2544.0,-1.24
2026-02-21T20:34:15.028857Z,20511.0,20849.0,205120.0,207664.0,5105.09,5103.49,5106.68,True,1.2682,1.267575,1.2689,True,208.16,208158.58,-3038.58,-1.46,-2544.0,-1.24
2026-02-21T20:56:27.288674Z,20511.0,20849.0,205120.0,207664.0,5105.09,5103.49,5106.68,True,1.2682,1.267575,1.2689,True,208.16,208158.58,-3038.58,-1.46,-2544.0,-1.24
2026-02-21T21:33:09.052655Z,20511.0,20849.0,205120.0,207664.0,5105.09,5103.49,5106.68,True,1.2682,1.267575,1.2689,True,208.16,208158.58,-3038.58,-1.46,-2544.0,-1.24
2026-02-21T21:55:06.459627Z,20511.0,20849.0,205120.0,207664.0,5105.09,5103.49,5106.68,True,1.2682,1.267575,1.2689,True,208.16,208158.58,-3038.58,-1.46,-2544.0,-1.24
2026-02-21T22:33:08.547643Z,20511.0,20849.0,205120.0,207664.0,5105.09,5103.49,5106.68,True,1.2682,1.267575,1.2689,True,208.16,208158.58,-3038.58,-1.46,-2544.0,-1.24
2026-02-21T22:57:34.210072Z,20511.0,20849.0,205120.0,207664.0,5105.09,5103.49,5106.68,True,1.2682,1.267575,1.2689,True,208.16,208158.58,-3038.58,-1.46,-2544.0,-1.24
2026-02-21T23:33:59.464732Z,20511.0,20849.0,205120.0,207664.0,5105.09,5103.49,5106.68,True,1.2682,1.267575,1.2689,True,208.16,208158.58,-3038.58,-1.46,-2544.0,-1.24
2026-02-21T23:55:06.483090Z,20511.0,20849.0,205120.0,207664.0,5105.09,5103.49,5106.68,True,1.2682,1.267575,1.2689,True,208.16,208158.58,-3038.58,-1.46,-2544.0,-1.24
2026-02-22T02:50:28.079115Z,20511.0,20849.0,205120.0,207664.0,5105.09,5103.49,5106.68,True,1.2684,1.267892,1.2689,True,208.18,208184.59,-3064.59,-1.47,-2544.0,-1.24
2026-02-22T04:56:08.968852Z,20511.0,20849.0,205120.0,207664.0,5105.09,5103.49,5106.68,True,1.2684,1.267892,1.2689,True,208.18,208184.59,-3064.59,-1.47,-2544.0,-1.24
2026-02-22T05:58:15.019083Z,20511.0,20849.0,205120.0,207664.0,5105.09,5103.49,5106.68,True,1.2684,1.267892,1.2689,True,208.18,208184.59,-3064.59,-1.47,-2544.0,-1.24
2026-02-22T07:01:12.364148Z,20511.0,20849.0,205120.0,207664.0,5105.09,5103.49,5106.68,True,1.2684,1.267892,1.2689,True,208.18,208184.59,-3064.59,-1.47,-2544.0,-1.24
2026-02-22T07:48:34.762353Z,20511.0,20849.0,205120.0,207664.0,5105.09,5103.49,5106.68,True,1.2684,1.267892,1.2689,True,208.18,208184.59,-3064.59,-1.47,-2544.0,-1.24
2026-02-22T08:19:20.593802Z,20511.0,20849.0,205120.0,207664.0,5105.09,5103.49,5106.68,True,1.2684,1.267892,1.2689,True,208.18,208184.59,-3064.59,-1.47,-2544.0,-1.24
2026-02-22T08:53:49.403015Z,20511.0,20849.0,205120.0,207664.0,5105.09,5103.49,5106.68,True,1.2684,1.267892,1.2689,True,208.18,208184.59,-3064.59,-1.47,-2544.0,-1.24
2026-02-22T09:39:01.280913Z,20511.0,20849.0,205120.0,207664.0,5105.09,5103.49,5106.68,True,1.2684,1.267892,1.2689,True,208.18,208184.59,-3064.59,-1.47,-2544.0,-1.24
2026-02-22T09:59:07.131780Z,20511.0,20849.0,205120.0,207664.0,5105.09,5103.49,5106.68,True,1.2684,1.267892,1.2689,True,208.18,208184.59,-3064.59,-1.47,-2544.0,-1.24
2026-02-22T10:38:19.301586Z,20511.0,20849.0,205120.0,207664.0,5105.09,5103.49,5106.68,True,1.2684,1.267892,1.2689,True,208.18,208184.59,-3064.59,-1.47,-2544.0,-1.24
2026-02-22T10:59:27.953408Z,20511.0,20849.0,205120.0,207664.0,5105.09,5103.49,5106.68,True,1.2684,1.267892,1.2689,True,208.18,208184.59,-3064.59,-1.47,-2544.0,-1.24
2026-02-22T11:32:26.059450Z,20511.0,20849.0,205120.0,207664.0,5105.09,5103.49,5106.68,True,1.2684,1.267892,1.2689,True,208.18,208184.59,-3064.59,-1.47,-2544.0,-1.24
2026-02-22T11:53:59.038105Z,20511.0,20849.0,205120.0,207664.0,5105.09,5103.49,5106.68,True,1.2684,1.267892,1.2689,True,208.18,208184.59,-3064.59,-1.47,-2544.0,-1.24
2026-02-22T13:06:10.752459Z,20511.0,20849.0,205120.0,207664.0,5105.09,5103.49,5106.68,True,1.2684,1.267892,1.2689,True,208.18,208184.59,-3064.59,-1.47,-2544.0,-1.24
2026-02-22T13:52:10.620029Z,20511.0,20849.0,205120.0,207664.0,5105.09,5103.49,5106.68,True,1.2684,1.267892,1.2689,True,208.18,208184.59,-3064.59,-1.47,-2544.0,-1.24
2026-02-22T14:33:58.616336Z,20511.0,20849.0,205120.0,207664.0,5105.09,5103.49,5106.68,True,1.2684,1.267892,1.2689,True,208.18,208184.59,-3064.59,-1.47,-2544.0,-1.24
2026-02-22T14:58:03.003981Z,20511.0,20849.0,205120.0,207664.0,5105.09,5103.49,5106.68,True,1.2684,1.267892,1.2689,True,208.18,208184.59,-3064.59,-1.47,-2544.0,-1.24
2026-02-22T15:35:30.682739Z,20511.0,20849.0,205120.0,207664.0,5105.09,5103.49,5106.68,True,1.2684,1.267892,1.2689,True,208.18,208184.59,-3064.59,-1.47,-2544.0,-1.24
2026-02-22T15:57:06.164609Z,20511.0,20849.0,205120.0,207664.0,5105.09,5103.49,5106.68,True,1.2684,1.267892,1.2689,True,208.18,208184.59,-3064.59,-1.47,-2544.0,-1.24
2026-02-22T16:42:12.956752Z,20511.0,20849.0,205120.0,207664.0,5105.09,5103.49,5106.68,True,1.2684,1.267892,1.2689,True,208.18,208184.59,-3064.59,-1.47,-2544.0,-1.24
2026-02-22T17:13:34.540123Z,20511.0,20849.0,205120.0,207664.0,5105.09,5103.49,5106.68,True,1.2684,1.267892,1.2689,True,208.18,208184.59,-3064.59,-1.47,-2544.0,-1.24
2026-02-22T17:46:24.573880Z,20511.0,20849.0,205120.0,207664.0,5105.09,5103.49,5106.68,True,1.2684,1.267892,1.2689,True,208.18,208184.59,-3064.59,-1.47,-2544.0,-1.24
2026-02-22T18:01:55.017460Z,20511.0,20849.0,205120.0,207664.0,5105.09,5103.49,5106.68,True,1.2684,1.267892,1.2689,True,208.18,208184.59,-3064.59,-1.47,-2544.0,-1.24
2026-02-22T18:54:07.478239Z,20511.0,20849.0,205120.0,207664.0,5105.09,5103.49,5106.68,True,1.2684,1.267892,1.2689,True,208.18,208184.59,-3064.59,-1.47,-2544.0,-1.24
2026-02-22T19:32:32.513782Z,20511.0,20849.0,205120.0,207664.0,5105.09,5103.49,5106.68,True,1.2684,1.267892,1.2689,True,208.18,208184.59,-3064.59,-1.47,-2544.0,-1.24
2026-02-22T19:53:49.378392Z,20511.0,20849.0,205120.0,207664.0,5105.09,5103.49,5106.68,True,1.2684,1.267892,1.2689,True,208.18,208184.59,-3064.59,-1.47,-2544.0,-1.24
2026-02-22T20:35:57.140064Z,20511.0,20849.0,205120.0,207664.0,5105.09,5103.49,5106.68,True,1.2684,1.267892,1.2689,True,208.18,208184.59,-3064.59,-1.47,-2544.0,-1.24
2026-02-22T20:58:10.481274Z,20511.0,20849.0,205120.0,207664.0,5105.09,5103.49,5106.68,True,1.2684,1.267892,1.2689,True,208.18,208184.59,-3064.59,-1.47,-2544.0,-1.24
2026-02-22T21:34:19.501921Z,20511.0,20849.0,205120.0,207664.0,5105.09,5103.49,5106.68,True,1.2684,1.267892,1.2689,True,208.18,208184.59,-3064.59,-1.47,-2544.0,-1.24
2026-02-22T21:55:20.029852Z,20511.0,20849.0,205120.0,207664.0,5105.09,5103.49,5106.68,True,1.2684,1.267892,1.2689,True,208.18,208184.59,-3064.59,-1.47,-2544.0,-1.24
2026-02-22T22:33:43.287182Z,20511.0,20849.0,205120.0,207664.0,5105.09,5103.49,5106.68,True,1.2684,1.267892,1.2689,True,208.18,208184.59,-3064.59,-1.47,-2544.0,-1.24
2026-02-22T22:59:08.032088Z,20511.0,20849.0,205120.0,207664.0,5105.09,5103.49,5106.68,True,1.2684,1.267892,1.2689,True,208.18,208184.59,-3064.59,-1.47,-2544.0,-1.24
2026-02-22T23:36:48.157142Z,20511.0,20849.0,205120.0,207664.0,5149.09,5148.67,5149.5,True,1.2684,1.267892,1.2689,True,209.98,209978.9,-4858.9,-2.31,-2544.0,-1.24
2026-02-22T23:57:54.164542Z,20511.0,20849.0,205120.0,207664.0,5167.24,5166.91,5167.565,True,1.2684,1.267892,1.2689,True,210.72,210719.16,-5599.16,-2.66,-2544.0,-1.24
2026-02-23T03:14:16.988493Z,20919.0,21257.0,209202.0,211746.0,5158.48,5156.09,5160.875,True,1.2676,1.266266,1.2689,True,210.23,210227.3,-1025.3,-0.49,-2544.0,-1.22
2026-02-23T05:12:05.657755Z,20849.0,21187.0,208504.0,211047.0,5158.08,5158.04,5158.1175,True,1.2676,1.266266,1.2689,True,210.21,210210.84,-1706.84,-0.81,-2543.0,-1.22
2026-02-23T06:37:33.222794Z,20836.0,21174.0,208373.0,210915.0,5154.22,5152.43,5156.01,True,1.2676,1.266266,1.2689,True,210.05,210053.58,-1680.58,-0.8,-2542.0,-1.22
2026-02-23T07:42:05.837516Z,20735.0,21072.0,207357.0,209898.0,5133.27,5133.478,5133.07,True,1.2676,1.266266,1.2689,True,209.2,209199.96,-1842.96,-0.88,-2541.0,-1.23
2026-02-23T08:32:28.879786Z,20735.0,21072.0,207357.0,209898.0,5124.76,5125.48,5124.035,True,1.2676,1.266266,1.2689,True,208.85,208852.88,-1495.88,-0.72,-2541.0,-1.23
2026-02-23T09:36:40.827011Z,20792.0,21129.0,207926.0,210468.0,5146.45,5146.09,5146.8025,True,1.2676,1.266266,1.2689,True,209.74,209736.77,-1810.77,-0.86,-2542.0,-1.22
2026-02-23T10:34:38.352139Z,20816.0,21154.0,208171.0,210714.0,5147.82,5146.98,5148.6675,True,1.2676,1.266266,1.2689,True,209.79,209792.91,-1621.91,-0.77,-2543.0,-1.22
2026-02-23T11:26:26.850681Z,20878.0,21216.0,208791.0,211336.0,5151.07,5151.48,5150.66,True,1.2676,1.266266,1.2689,True,209.93,209925.21,-1134.21,-0.54,-2545.0,-1.22
2026-02-23T12:02:26.374417Z,20841.0,21179.0,208417.0,210962.0,5153.66,5153.6856,5153.6325,True,1.2676,1.266266,1.2689,True,210.03,210030.72,-1613.72,-0.77,-2545.0,-1.22
2026-02-23T13:41:34.446520Z,20865.0,21203.0,208662.0,211208.0,5149.23,5149.09,5149.3775,True,1.2676,1.266266,1.2689,True,209.85,209850.38,-1188.38,-0.57,-2546.0,-1.22
2026-02-23T14:37:53.146152Z,20902.0,21240.0,209027.0,211573.0,5174.05,5171.29,5176.8,True,1.2676,1.266266,1.2689,True,210.86,210861.53,-1834.53,-0.87,-2546.0,-1.22
2026-02-23T15:31:51.250788Z,21024.0,21362.0,210247.0,212795.0,5196.95,5196.13,5197.7725,True,1.2663,1.266266,1.2664,True,211.59,211586.18,-1339.18,-0.63,-2548.0,-1.21
2026-02-23T16:35:37.003676Z,21024.0,21362.0,210247.0,212795.0,5209.73,5208.3105,5211.1475,True,1.2663,1.266266,1.2664,True,212.11,212106.41,-1859.41,-0.88,-2548.0,-1.21
2026-02-23T17:45:53.543217Z,21024.0,21362.0,210247.0,212795.0,5200.16,5200.7339,5199.5825,True,1.2663,1.266266,1.2664,True,211.72,211716.75,-1469.75,-0.69,-2548.0,-1.21
2026-02-23T18:43:26.945490Z,21024.0,21362.0,210247.0,212795.0,5207.18,5207.66,5206.6925,True,1.2663,1.266266,1.2664,True,212.0,212002.48,-1755.48,-0.83,-2548.0,-1.21
2026-02-23T19:47:42.479295Z,21024.0,21362.0,210247.0,212795.0,5217.21,5217.26,5217.155,True,1.2663,1.266266,1.2664,True,212.41,212410.89,-2163.89,-1.02,-2548.0,-1.21
2026-02-23T20:30:31.521015Z,21024.0,21362.0,210247.0,212795.0,5225.04,5225.09,5224.995,True,1.2663,1.266266,1.2664,True,212.73,212729.88,-2482.88,-1.17,-2548.0,-1.21
2026-02-23T21:26:33.068129Z,21024.0,21362.0,210247.0,212795.0,5230.6,5230.4,5230.795,True,1.2663,1.266266,1.2664,True,212.96,212956.04,-2709.04,-1.27,-2548.0,-1.21
2026-02-23T22:10:37.365963Z,21024.0,21362.0,210247.0,212795.0,5227.8,5227.79,5227.805,True,1.2663,1.266266,1.2664,True,212.84,212842.04,-2595.04,-1.22,-2548.0,-1.21
2026-02-23T23:04:36.758447Z,21024.0,21362.0,210247.0,212795.0,5236.92,5246.03,5227.805,True,1.2663,1.266266,1.2664,True,213.21,213213.35,-2966.35,-1.39,-2548.0,-1.21
2026-02-23T23:46:37.382771Z,21024.0,21362.0,210247.0,212795.0,5239.1,5238.58,5239.62,True,1.2663,1.266266,1.2664,True,213.3,213302.21,-3055.21,-1.43,-2548.0,-1.21
2026-02-24T00:54:49.018359Z,21154.0,21493.0,211551.0,214101.0,5226.81,5226.45,5227.175,True,1.2662,1.266028,1.2664,True,212.78,212781.94,-1230.94,-0.58,-2550.0,-1.21
2026-02-24T03:39:20.350900Z,20959.0,21297.0,209599.0,212147.0,5187.0,5186.72,5187.285,True,1.2662,1.266028,1.2664,True,211.16,211161.29,-1562.29,-0.74,-2548.0,-1.22
2026-02-24T05:13:05.475979Z,20906.0,21245.0,209071.0,211619.0,5172.0,5172.7131,5171.295,True,1.2662,1.266028,1.2664,True,210.55,210550.71,-1479.71,-0.7,-2548.0,-1.22
2026-02-24T06:15:41.591562Z,20967.0,21306.0,209682.0,212231.0,5182.19,5181.65,5182.7275,True,1.2662,1.266028,1.2664,True,210.97,210965.32,-1283.32,-0.61,-2549.0,-1.22
2026-02-24T07:30:43.706709Z,20927.0,21265.0,209275.0,211823.0,5182.66,5182.29,5183.02,True,1.2662,1.266028,1.2664,True,210.98,210984.3,-1709.3,-0.81,-2548.0,-1.22
2026-02-24T08:27:35.134115Z,20964.0,21303.0,209650.0,212200.0,5172.93,5172.71,5173.15,True,1.2662,1.266028,1.2664,True,210.59,210588.4,-938.4,-0.45,-2550.0,-1.22
2026-02-24T09:32:01.951075Z,20979.0,21318.0,209804.0,212353.0,5169.91,5169.6,5170.22,True,1.2662,1.266028,1.2664,True,210.47,210465.46,-661.46,-0.31,-2549.0,-1.21
2026-02-24T10:31:18.628015Z,20939.0,21277.0,209396.0,211943.0,5169.43,5168.98,5169.8875,True,1.2662,1.266028,1.2664,True,210.45,210446.07,-1050.07,-0.5,-2547.0,-1.22
2026-02-24T11:27:20.530353Z,20918.0,21256.0,209191.0,211738.0,5173.59,5173.6094,5173.565,True,1.2662,1.266028,1.2664,True,210.62,210615.16,-1424.16,-0.68,-2547.0,-1.22
2026-02-24T12:04:17.088845Z,20918.0,21256.0,209191.0,211738.0,5170.28,5169.84,5170.715,True,1.2662,1.266028,1.2664,True,210.48,210480.42,-1289.42,-0.61,-2547.0,-1.22
2026-02-24T13:42:43.827180Z,20886.0,21224.0,208868.0,211415.0,5146.09,5146.37,5145.805,True,1.2662,1.266028,1.2664,True,209.5,209495.65,-627.65,-0.3,-2547.0,-1.22
2026-02-24T14:42:09.847609Z,20731.0,21069.0,207321.0,209867.0,5131.29,5132.9653,5129.62,True,1.2662,1.266028,1.2664,True,208.89,208893.36,-1572.36,-0.75,-2546.0,-1.23
2026-02-24T15:42:25.493310Z,20772.0,21110.0,207728.0,210275.0,5146.32,5146.42,5146.2275,True,1.2667,1.266028,1.2673,True,209.58,209579.73,-1851.73,-0.88,-2547.0,-1.23
2026-02-24T16:49:48.796897Z,20772.0,21110.0,207728.0,210275.0,5136.3,5135.69,5136.915,True,1.2667,1.266028,1.2673,True,209.17,209171.62,-1443.62,-0.69,-2547.0,-1.23
2026-02-24T17:52:13.099308Z,20772.0,21110.0,207728.0,210275.0,5158.17,5157.7169,5158.615,True,1.2667,1.266028,1.2673,True,210.06,210061.99,-2333.99,-1.11,-2547.0,-1.23
2026-02-24T19:12:48.946279Z,20772.0,21110.0,207728.0,210275.0,5153.49,5152.46,5154.53,True,1.2667,1.266028,1.2673,True,209.87,209871.77,-2143.77,-1.02,-2547.0,-1.23
2026-02-24T19:54:50.903530Z,20772.0,21110.0,207728.0,210275.0,5153.7,5154.78,5152.625,True,1.2667,1.266028,1.2673,True,209.88,209880.22,-2152.22,-1.03,-2547.0,-1.23
2026-02-24T20:46:03.649061Z,20772.0,21110.0,207728.0,210275.0,5171.53,5171.75,5171.32,True,1.2667,1.266028,1.2673,True,210.61,210606.43,-2878.43,-1.37,-2547.0,-1.23
2026-02-24T21:21:39.578262Z,20772.0,21110.0,207728.0,210275.0,5157.86,5157.63,5158.0975,True,1.2667,1.266028,1.2673,True,210.05,210049.68,-2321.68,-1.11,-2547.0,-1.23
2026-02-24T22:01:01.173025Z,20772.0,21110.0,207728.0,210275.0,5142.57,5141.17,5143.9775,True,1.2667,1.266028,1.2673,True,209.43,209427.01,-1699.01,-0.81,-2547.0,-1.23
2026-02-24T23:39:46.098626Z,20772.0,21110.0,207728.0,210275.0,5135.43,5134.82,5136.0375,True,1.2667,1.266028,1.2673,True,209.14,209136.04,-1408.04,-0.67,-2547.0,-1.23
2026-02-25T00:03:05.849792Z,20866.0,21204.0,208671.0,211217.0,5147.21,5148.93,5145.4825,True,1.2667,1.266028,1.2673,True,209.62,209615.67,-944.67,-0.45,-2546.0,-1.22
2026-02-25T03:14:36.340685Z,20975.0,21313.0,209757.0,212303.0,5185.34,5185.18,5185.5075,True,1.2671,1.266954,1.2673,True,211.25,211245.97,-1488.97,-0.7,-2546.0,-1.21
2026-02-25T05:07:47.689309Z,20942.0,21280.0,209432.0,211978.0,5190.4,5190.29,5190.5,True,1.2671,1.266954,1.2673,True,211.45,211451.75,-2019.75,-0.96,-2546.0,-1.22
2026-02-25T06:16:47.236073Z,20966.0,21304.0,209673.0,212217.0,5194.16,5196.49,5191.8325,True,1.2671,1.266954,1.2673,True,211.61,211605.19,-1932.19,-0.91,-2544.0,-1.21
2026-02-25T07:31:13.832351Z,20966.0,21304.0,209673.0,212217.0,5188.99,5188.76,5189.215,True,1.2671,1.266954,1.2673,True,211.39,211394.41,-1721.41,-0.81,-2544.0,-1.21
2026-02-25T08:27:56.295238Z,20966.0,21304.0,209673.0,212217.0,5190.15,5190.02,5190.285,True,1.2671,1.266954,1.2673,True,211.44,211441.88,-1768.88,-0.84,-2544.0,-1.21
2026-02-25T09:32:02.186546Z,20954.0,21292.0,209554.0,212100.0,5185.97,5185.39,5186.545,True,1.2671,1.266954,1.2673,True,211.27,211271.38,-1717.38,-0.81,-2546.0,-1.21
2026-02-25T10:34:17.436934Z,20963.0,21301.0,209637.0,212184.0,5171.85,5171.66,5172.0425,True,1.2671,1.266954,1.2673,True,210.7,210696.3,-1059.3,-0.5,-2547.0,-1.21
2026-02-25T11:27:11.927693Z,20902.0,21240.0,209027.0,211573.0,5165.42,5164.389,5166.4575,True,1.2671,1.266954,1.2673,True,210.43,210434.43,-1407.43,-0.67,-2546.0,-1.22
2026-02-25T12:03:28.948034Z,20902.0,21240.0,209027.0,211573.0,5180.91,5180.51,5181.31,True,1.2671,1.266954,1.2673,True,211.07,211065.34,-2038.34,-0.97,-2546.0,-1.22
2026-02-25T12:10:48.498236Z,20902.0,21240.0,209027.0,211573.0,5181.57,5181.57,5181.5725,True,1.2671,1.266954,1.2673,True,211.09,211092.28,-2065.28,-0.98,-2546.0,-1.22
2026-02-25T12:11:52.226627Z,20902.0,21240.0,209027.0,211573.0,5181.63,5181.3385,5181.93,True,1.2671,1.266954,1.2673,True,211.09,211094.85,-2067.85,-0.98,-2546.0,-1.22
2026-02-25T12:12:36.184472Z,20902.0,21240.0,209027.0,211573.0,5181.69,5181.3,5182.0875,True,1.2671,1.266954,1.2673,True,211.1,211097.27,-2070.27,-0.98,-2546.0,-1.22
2026-02-25T12:12:52.549998Z,20902.0,21240.0,209027.0,211573.0,5181.12,5180.49,5181.7425,True,1.2671,1.266954,1.2673,True,211.07,211073.75,-2046.75,-0.97,-2546.0,-1.22
2026-02-25T13:44:35.008784Z,20979.0,21317.0,209796.0,212342.0,5188.3,5187.89,5188.7025,True,1.2671,1.266954,1.2673,True,211.37,211366.25,-1570.25,-0.74,-2546.0,-1.21
2026-02-25T14:39:38.784369Z,20979.0,21317.0,209796.0,212342.0,5163.99,5162.6499,5165.3225,True,1.2671,1.266954,1.2673,True,210.38,210375.89,-579.89,-0.28,-2546.0,-1.21
2026-02-25T15:42:52.685266Z,20926.0,21264.0,209268.0,211813.0,5191.11,5191.93,5190.295,True,1.2659,1.266954,1.2649,True,211.28,211280.71,-2012.71,-0.95,-2545.0,-1.22
2026-02-25T16:50:30.328831Z,20926.0,21264.0,209268.0,211813.0,5208.76,5209.31,5208.21,True,1.2659,1.266954,1.2649,True,212.0,211998.97,-2730.97,-1.29,-2545.0,-1.22
2026-02-25T17:58:12.919898Z,20926.0,21264.0,209268.0,211813.0,5204.9,5205.69,5204.11,True,1.2659,1.266954,1.2649,True,211.84,211841.86,-2573.86,-1.21,-2545.0,-1.22
2026-02-25T19:16:39.075122Z,20926.0,21264.0,209268.0,211813.0,5203.86,5203.43,5204.2975,True,1.2659,1.266954,1.2649,True,211.8,211799.69,-2531.69,-1.2,-2545.0,-1.22
2026-02-25T19:59:08.264164Z,20926.0,21264.0,209268.0,211813.0,5204.46,5204.39,5204.5225,True,1.2659,1.266954,1.2649,True,211.82,211823.8,-2555.8,-1.21,-2545.0,-1.22
2026-02-25T20:47:53.781385Z,20926.0,21264.0,209268.0,211813.0,5168.45,5168.97,5167.935,True,1.2659,1.266954,1.2649,True,210.36,210358.43,-1090.43,-0.52,-2545.0,-1.22
2026-02-25T21:36:04.747040Z,20926.0,21264.0,209268.0,211813.0,5169.86,5166.93,5172.7825,True,1.2659,1.266954,1.2649,True,210.42,210415.57,-1147.57,-0.55,-2545.0,-1.22
2026-02-25T22:02:26.026843Z,20926.0,21264.0,209268.0,211813.0,5164.26,5163.45,5165.07,True,1.2659,1.266954,1.2649,True,210.19,210187.8,-919.8,-0.44,-2545.0,-1.22
2026-02-25T22:52:31.475199Z,20926.0,21264.0,209268.0,211813.0,5164.26,5163.45,5165.07,True,1.2659,1.266954,1.2649,True,210.19,210187.8,-919.8,-0.44,-2545.0,-1.22
2026-02-25T23:29:06.409388Z,20926.0,21264.0,209268.0,211813.0,5170.25,5170.21,5170.29,True,1.2659,1.266954,1.2649,True,210.43,210431.59,-1163.59,-0.55,-2545.0,-1.22
2026-02-25T23:55:59.164045Z,20926.0,21264.0,209268.0,211813.0,5168.49,5168.42,5168.565,True,1.2659,1.266954,1.2649,True,210.36,210360.06,-1092.06,-0.52,-2545.0,-1.22
2026-02-26T02:23:10.472881Z,20945.0,21283.0,209463.0,212004.0,5185.67,5184.85,5186.4825,True,1.2645,1.264127,1.2649,True,210.82,210823.38,-1360.38,-0.65,-2541.0,-1.21
2026-02-26T02:24:29.633526Z,20917.0,21254.0,209179.0,211719.0,5183.68,5183.91,5183.455,True,1.2645,1.264127,1.2649,True,210.74,210742.73,-1563.73,-0.74,-2540.0,-1.21
2026-02-26T04:28:11.771380Z,20972.0,21310.0,209734.0,212277.0,5193.47,5193.21,5193.735,True,1.2645,1.264127,1.2649,True,211.14,211140.74,-1406.74,-0.67,-2543.0,-1.21
2026-02-26T05:42:05.821006Z,20981.0,21318.0,209818.0,212359.0,5199.6,5199.6,5199.61,True,1.2645,1.264127,1.2649,True,211.39,211390.06,-1572.06,-0.74,-2541.0,-1.21
2026-02-26T06:28:05.017475Z,20962.0,21300.0,209632.0,212173.0,5196.63,5198.49,5194.7725,True,1.2645,1.264127,1.2649,True,211.27,211269.16,-1637.16,-0.77,-2541.0,-1.21
2026-02-26T07:35:59.034086Z,20925.0,21263.0,209262.0,211803.0,5185.73,5186.03,5185.4225,True,1.2645,1.264127,1.2649,True,210.83,210825.82,-1563.82,-0.74,-2541.0,-1.21
2026-02-26T08:08:28.408701Z,20913.0,21250.0,209140.0,211681.0,5180.48,No Data,5180.475,False,1.2645,1.264127,1.2649,True,210.61,210612.33,-1472.33,-0.7,-2541.0,-1.21
2026-02-26T09:07:37.949901Z,20920.0,21257.0,209206.0,211748.0,5176.53,5176.36,5176.7,True,1.2645,1.264127,1.2649,True,210.45,210451.94,-1245.94,-0.59,-2542.0,-1.22
2026-02-26T10:08:54.598369Z,20920.0,21257.0,209206.0,211748.0,5189.35,5189.25,5189.455,True,1.2645,1.264127,1.2649,True,210.97,210973.24,-1767.24,-0.84,-2542.0,-1.22
2026-02-26T11:09:01.405234Z,20897.0,21235.0,208982.0,211526.0,5176.72,5176.65,5176.7825,True,1.2645,1.264127,1.2649,True,210.46,210459.52,-1477.52,-0.7,-2544.0,-1.22
2026-02-26T11:56:59.216024Z,20897.0,21235.0,208982.0,211526.0,5162.06,5161.4,5162.7125,True,1.2645,1.264127,1.2649,True,209.86,209863.51,-881.51,-0.42,-2544.0,-1.22
2026-02-26T13:10:28.361216Z,20901.0,21239.0,209020.0,211562.0,5172.48,5172.98,5171.975,True,1.2645,1.264127,1.2649,True,210.29,210287.19,-1267.19,-0.6,-2542.0,-1.22
2026-02-26T14:16:02.263472Z,20869.0,21206.0,208697.0,211239.0,5166.3,5165.79,5166.81,True,1.2645,1.264127,1.2649,True,210.04,210036.04,-1339.04,-0.64,-2542.0,-1.22
2026-02-26T15:08:36.199626Z,20881.0,21218.0,208818.0,211361.0,5166.64,5165.8,5167.475,True,1.2636,1.264127,1.2631,True,209.9,209900.27,-1082.27,-0.52,-2543.0,-1.22
2026-02-26T16:10:06.699944Z,20881.0,21218.0,208818.0,211361.0,5177.46,5177.17,5177.745,True,1.2636,1.264127,1.2631,True,210.34,210339.84,-1521.84,-0.72,-2543.0,-1.22
2026-02-26T17:30:40.540078Z,20881.0,21218.0,208818.0,211361.0,5174.42,5174.39,5174.4525,True,1.2636,1.264127,1.2631,True,210.22,210216.49,-1398.49,-0.67,-2543.0,-1.22
2026-02-26T18:26:44.109930Z,20881.0,21218.0,208818.0,211361.0,5174.89,5174.81,5174.97,True,1.2636,1.264127,1.2631,True,210.24,210235.53,-1417.53,-0.67,-2543.0,-1.22
2026-02-26T19:29:21.567087Z,20881.0,21218.0,208818.0,211361.0,5185.03,5184.41,5185.655,True,1.2636,1.264127,1.2631,True,210.65,210647.58,-1829.58,-0.87,-2543.0,-1.22
2026-02-26T20:06:22.429071Z,20881.0,21218.0,208818.0,211361.0,5195.17,5194.81,5195.52,True,1.2636,1.264127,1.2631,True,211.06,211059.23,-2241.23,-1.06,-2543.0,-1.22
2026-02-26T20:57:16.414332Z,20881.0,21218.0,208818.0,211361.0,5190.74,5189.47,5192.005,True,1.2636,1.264127,1.2631,True,210.88,210879.35,-2061.35,-0.98,-2543.0,-1.22
2026-02-26T21:34:54.362698Z,20881.0,21218.0,208818.0,211361.0,5185.61,5185.52,5185.6975,True,1.2636,1.264127,1.2631,True,210.67,210670.99,-1852.99,-0.88,-2543.0,-1.22
2026-02-26T22:00:27.852274Z,20881.0,21218.0,208818.0,211361.0,5185.02,5184.72,5185.315,True,1.2636,1.264127,1.2631,True,210.65,210646.97,-1828.97,-0.87,-2543.0,-1.22
2026-02-26T22:54:54.746443Z,20881.0,21218.0,208818.0,211361.0,5182.61,5179.9,5185.315,True,1.2636,1.264127,1.2631,True,210.55,210549.06,-1731.06,-0.82,-2543.0,-1.22
2026-02-26T23:26:34.751124Z,20881.0,21218.0,208818.0,211361.0,5182.81,No Data,5182.81,False,1.2636,1.264127,1.2631,True,210.56,210557.29,-1739.29,-0.83,-2543.0,-1.22
2026-02-26T23:57:29.680887Z,20881.0,21218.0,208818.0,211361.0,5184.1,5183.47,5184.725,True,1.2636,1.264127,1.2631,True,210.61,210609.6,-1791.6,-0.85,-2543.0,-1.22
2026-02-27T02:24:02.693127Z,20999.0,21337.0,210000.0,212545.0,5186.4,5186.27,5186.53,True,1.2634,1.263776,1.2631,True,210.67,210673.87,-673.87,-0.32,-2545.0,-1.21
2026-02-27T04:26:33.539004Z,20950.0,21288.0,209510.0,212054.0,5187.14,5187.2,5187.08,True,1.2634,1.263776,1.2631,True,210.7,210703.93,-1193.93,-0.57,-2544.0,-1.21
2026-02-27T05:39:49.528480Z,20974.0,21312.0,209750.0,212293.0,5193.6,5193.03,5194.1625,True,1.2634,1.263776,1.2631,True,210.97,210966.19,-1216.19,-0.58,-2543.0,-1.21
2026-02-27T06:32:44.172953Z,21007.0,21345.0,210084.0,212628.0,5193.63,5193.03,5194.2325,True,1.2634,1.263776,1.2631,True,210.97,210967.61,-883.61,-0.42,-2544.0,-1.21
2026-02-27T07:31:10.705923Z,20938.0,21276.0,209388.0,211932.0,5179.35,5178.49,5180.205,True,1.2634,1.263776,1.2631,True,210.39,210387.4,-999.4,-0.48,-2544.0,-1.21
2026-02-27T08:05:25.992732Z,20942.0,21280.0,209429.0,211973.0,5180.37,5180.01,5180.7275,True,1.2634,1.263776,1.2631,True,210.43,210428.88,-999.88,-0.48,-2544.0,-1.21
2026-02-27T09:01:10.057393Z,20926.0,21263.0,209267.0,211810.0,5178.32,5177.78,5178.855,True,1.2634,1.263776,1.2631,True,210.35,210345.56,-1078.56,-0.51,-2543.0,-1.22
2026-02-27T10:01:06.462396Z,20926.0,21263.0,209267.0,211810.0,5175.68,5174.94,5176.42,True,1.2634,1.263776,1.2631,True,210.24,210238.42,-971.42,-0.46,-2543.0,-1.22
2026-02-27T10:04:05.895637Z,20926.0,21263.0,209267.0,211810.0,5175.09,5175.26,5174.92,True,1.2634,1.263776,1.2631,True,210.21,210214.46,-947.46,-0.45,-2543.0,-1.22
2026-02-27T11:00:03.497789Z,20930.0,21269.0,209313.0,211860.0,5177.54,5177.28,5177.8,True,1.2634,1.263776,1.2631,True,210.31,210313.98,-1000.98,-0.48,-2547.0,-1.22
2026-02-27T11:39:47.905814Z,20963.0,21301.0,209638.0,212186.0,5177.88,5177.97,5177.7875,True,1.2634,1.263776,1.2631,True,210.33,210327.74,-689.74,-0.33,-2548.0,-1.22
2026-02-27T11:59:55.390636Z,20963.0,21301.0,209638.0,212186.0,5185.16,5185.09,5185.2225,True,1.2634,1.263776,1.2631,True,210.62,210623.35,-985.35,-0.47,-2548.0,-1.22
2026-02-27T13:18:07.482751Z,21016.0,21354.0,210166.0,212713.0,5216.42,5214.73,5218.105,True,1.2634,1.263776,1.2631,True,211.89,211893.2,-1727.2,-0.82,-2547.0,-1.21
2026-02-27T14:06:28.061229Z,21122.0,21460.0,211227.0,213778.0,5226.71,5226.62,5226.805,True,1.2634,1.263776,1.2631,True,212.31,212311.39,-1084.39,-0.51,-2551.0,-1.21
2026-02-27T15:00:35.744917Z,21166.0,21505.0,211670.0,214220.0,5224.0,5224.5,5223.5025,True,1.2647,1.263776,1.2657,True,212.42,212419.6,-749.6,-0.35,-2550.0,-1.2
2026-02-27T15:53:59.021226Z,21166.0,21505.0,211670.0,214220.0,5238.63,5234.69,5242.5725,True,1.2647,1.263776,1.2657,True,213.01,213014.48,-1344.48,-0.63,-2550.0,-1.2
2026-02-27T16:37:35.968997Z,21166.0,21505.0,211670.0,214220.0,5231.46,5231.31,5231.605,True,1.2647,1.263776,1.2657,True,212.72,212722.78,-1052.78,-0.49,-2550.0,-1.2
2026-02-27T17:18:31.738947Z,21166.0,21505.0,211670.0,214220.0,5229.29,5229.7,5228.8875,True,1.2647,1.263776,1.2657,True,212.63,212634.8,-964.8,-0.45,-2550.0,-1.2
2026-02-27T17:55:54.066930Z,21166.0,21505.0,211670.0,214220.0,5233.93,5232.49,5235.38,True,1.2647,1.263776,1.2657,True,212.82,212823.52,-1153.52,-0.54,-2550.0,-1.2
2026-02-27T18:41:25.908573Z,21166.0,21505.0,211670.0,214220.0,5233.06,No Data,5233.055,False,1.2647,1.263776,1.2657,True,212.79,212787.74,-1117.74,-0.53,-2550.0,-1.2
2026-02-27T19:31:06.021541Z,21166.0,21505.0,211670.0,214220.0,5248.64,5247.59,5249.6925,True,1.2647,1.263776,1.2657,True,213.42,213421.51,-1751.51,-0.82,-2550.0,-1.2
2026-02-27T19:57:45.026636Z,21166.0,21505.0,211670.0,214220.0,5249.84,5249.12,5250.5675,True,1.2647,1.263776,1.2657,True,213.47,213470.41,-1800.41,-0.84,-2550.0,-1.2
2026-02-27T20:33:04.748024Z,21166.0,21505.0,211670.0,214220.0,5259.26,5259.58,5258.9325,True,1.2647,1.263776,1.2657,True,213.85,213853.14,-2183.14,-1.02,-2550.0,-1.2
2026-02-27T20:58:03.651443Z,21166.0,21505.0,211670.0,214220.0,5262.89,5263.73,5262.045,True,1.2647,1.263776,1.2657,True,214.0,214000.8,-2330.8,-1.09,-2550.0,-1.2
2026-02-27T21:33:54.337883Z,21166.0,21505.0,211670.0,214220.0,5261.4,5260.87,5261.92,True,1.2647,1.263776,1.2657,True,213.94,213940.11,-2270.11,-1.06,-2550.0,-1.2
2026-02-27T21:56:06.744095Z,21166.0,21505.0,211670.0,214220.0,5277.57,5277.82,5277.325,True,1.2647,1.263776,1.2657,True,214.6,214597.92,-2927.92,-1.36,-2550.0,-1.2
2026-02-27T22:22:07.293643Z,21166.0,21505.0,211670.0,214220.0,5277.96,5277.82,5278.105,True,1.2647,1.263776,1.2657,True,214.61,214613.78,-2943.78,-1.37,-2550.0,-1.2
2026-02-27T22:55:03.930645Z,21166.0,21505.0,211670.0,214220.0,5277.96,5277.82,5278.105,True,1.2647,1.263776,1.2657,True,214.61,214613.78,-2943.78,-1.37,-2550.0,-1.2
2026-02-27T23:21:48.877705Z,21166.0,21505.0,211670.0,214220.0,5277.96,5277.82,5278.105,True,1.2647,1.263776,1.2657,True,214.61,214613.78,-2943.78,-1.37,-2550.0,-1.2
2026-02-27T23:53:12.792755Z,21166.0,21505.0,211670.0,214220.0,5277.96,5277.82,5278.105,True,1.2647,1.263776,1.2657,True,214.61,214613.78,-2943.78,-1.37,-2550.0,-1.2
2026-02-28T01:40:57.276726Z,21166.0,21505.0,211670.0,214220.0,5277.96,5277.82,5278.105,True,1.2653,1.264904,1.2657,True,214.71,214709.49,-3039.49,-1.42,-2550.0,-1.2
2026-02-28T03:52:06.137242Z,21166.0,21505.0,211670.0,214220.0,5277.96,5277.82,5278.105,True,1.2653,1.264904,1.2657,True,214.71,214709.49,-3039.49,-1.42,-2550.0,-1.2
2026-02-28T04:52:46.852426Z,21166.0,21505.0,211670.0,214220.0,5277.96,5277.82,5278.105,True,1.2653,1.264904,1.2657,True,214.71,214709.49,-3039.49,-1.42,-2550.0,-1.2
2026-02-28T05:30:56.897676Z,21166.0,21505.0,211670.0,214220.0,5277.96,5277.82,5278.105,True,1.2653,1.264904,1.2657,True,214.71,214709.49,-3039.49,-1.42,-2550.0,-1.2
2026-02-28T05:59:08.746139Z,21166.0,21505.0,211670.0,214220.0,5277.82,5277.82,No Data,False,1.2653,1.264904,1.2657,True,214.7,214703.69,-3033.69,-1.41,-2550.0,-1.2
2026-02-28T06:51:10.028266Z,21166.0,21505.0,211670.0,214220.0,5277.7,5277.29,5278.105,True,1.2653,1.264904,1.2657,True,214.7,214698.71,-3028.71,-1.41,-2550.0,-1.2
2026-02-28T07:23:37.024043Z,21166.0,21505.0,211670.0,214220.0,5277.7,5277.29,5278.105,True,1.2653,1.264904,1.2657,True,214.7,214698.71,-3028.71,-1.41,-2550.0,-1.2
2026-02-28T07:51:15.461730Z,21166.0,21505.0,211670.0,214220.0,5277.7,5277.29,5278.105,True,1.2653,1.264904,1.2657,True,214.7,214698.71,-3028.71,-1.41,-2550.0,-1.2
2026-02-28T08:25:13.997735Z,21166.0,21505.0,211670.0,214220.0,5277.7,5277.29,5278.105,True,1.2653,1.264904,1.2657,True,214.7,214698.71,-3028.71,-1.41,-2550.0,-1.2
2026-02-28T08:56:40.318428Z,21166.0,21505.0,211670.0,214220.0,5277.7,5277.29,5278.105,True,1.2653,1.264904,1.2657,True,214.7,214698.71,-3028.71,-1.41,-2550.0,-1.2
2026-02-28T09:27:37.510940Z,21166.0,21505.0,211670.0,214220.0,5277.7,5277.29,5278.105,True,1.2653,1.264904,1.2657,True,214.7,214698.71,-3028.71,-1.41,-2550.0,-1.2
2026-02-28T09:51:43.149115Z,21166.0,21505.0,211670.0,214220.0,5277.7,5277.29,5278.105,True,1.2653,1.264904,1.2657,True,214.7,214698.71,-3028.71,-1.41,-2550.0,-1.2
2026-02-28T10:19:58.623545Z,21166.0,21505.0,211670.0,214220.0,5277.7,5277.29,5278.105,True,1.2653,1.264904,1.2657,True,214.7,214698.71,-3028.71,-1.41,-2550.0,-1.2
2026-02-28T10:44:08.595360Z,21166.0,21505.0,211670.0,214220.0,5277.7,5277.29,5278.105,True,1.2653,1.264904,1.2657,True,214.7,214698.71,-3028.71,-1.41,-2550.0,-1.2
2026-02-28T11:16:38.152237Z,21166.0,21505.0,211670.0,214220.0,5277.7,5277.29,5278.105,True,1.2653,1.264904,1.2657,True,214.7,214698.71,-3028.71,-1.41,-2550.0,-1.2
2026-02-28T11:33:56.031557Z,21166.0,21505.0,211670.0,214220.0,5277.7,5277.29,5278.105,True,1.2653,1.264904,1.2657,True,214.7,214698.71,-3028.71,-1.41,-2550.0,-1.2
2026-02-28T11:48:36.796450Z,21166.0,21505.0,211670.0,214220.0,5277.7,5277.29,5278.105,True,1.2653,1.264904,1.2657,True,214.7,214698.71,-3028.71,-1.41,-2550.0,-1.2
2026-02-28T12:38:59.896195Z,21166.0,21505.0,211670.0,214220.0,5277.7,5277.29,5278.105,True,1.2653,1.264904,1.2657,True,214.7,214698.71,-3028.71,-1.41,-2550.0,-1.2
2026-02-28T13:23:56.657975Z,21166.0,21505.0,211670.0,214220.0,5277.7,5277.29,5278.105,True,1.2653,1.264904,1.2657,True,214.7,214698.71,-3028.71,-1.41,-2550.0,-1.2
2026-02-28T13:56:18.210659Z,21166.0,21505.0,211670.0,214220.0,5277.7,5277.29,5278.105,True,1.2653,1.264904,1.2657,True,214.7,214698.71,-3028.71,-1.41,-2550.0,-1.2
2026-02-28T14:22:11.852269Z,21166.0,21505.0,211670.0,214220.0,5277.7,5277.29,5278.105,True,1.2653,1.264904,1.2657,True,214.7,214698.71,-3028.71,-1.41,-2550.0,-1.2
2026-02-28T14:52:20.344231Z,21166.0,21505.0,211670.0,214220.0,5277.7,5277.29,5278.105,True,1.2653,1.264904,1.2657,True,214.7,214698.71,-3028.71,-1.41,-2550.0,-1.2
2026-02-28T15:19:25.257505Z,21166.0,21505.0,211670.0,214220.0,5277.7,5277.29,5278.105,True,1.2653,1.264904,1.2657,True,214.7,214698.71,-3028.71,-1.41,-2550.0,-1.2
2026-02-28T15:40:50.302284Z,21166.0,21505.0,211670.0,214220.0,5277.7,5277.29,5278.105,True,1.2653,1.264904,1.2657,True,214.7,214698.71,-3028.71,-1.41,-2550.0,-1.2
2026-02-28T16:22:44.102214Z,21166.0,21505.0,211670.0,214220.0,5277.7,5277.29,5278.105,True,1.2653,1.264904,1.2657,True,214.7,214698.71,-3028.71,-1.41,-2550.0,-1.2
2026-02-28T16:53:46.467816Z,21166.0,21505.0,211670.0,214220.0,5277.7,5277.29,5278.105,True,1.2653,1.264904,1.2657,True,214.7,214698.71,-3028.71,-1.41,-2550.0,-1.2
2026-02-28T17:17:47.520195Z,21166.0,21505.0,211670.0,214220.0,5277.7,5277.29,5278.105,True,1.2653,1.264904,1.2657,True,214.7,214698.71,-3028.71,-1.41,-2550.0,-1.2
2026-02-28T17:40:11.341324Z,21166.0,21505.0,211670.0,214220.0,5277.7,5277.29,5278.105,True,1.2653,1.264904,1.2657,True,214.7,214698.71,-3028.71,-1.41,-2550.0,-1.2
2026-02-28T18:28:51.347745Z,21166.0,21505.0,211670.0,214220.0,5277.7,5277.29,5278.105,True,1.2653,1.264904,1.2657,True,214.7,214698.71,-3028.71,-1.41,-2550.0,-1.2
2026-02-28T18:58:49.906985Z,21166.0,21505.0,211670.0,214220.0,5277.7,5277.29,5278.105,True,1.2653,1.264904,1.2657,True,214.7,214698.71,-3028.71,-1.41,-2550.0,-1.2
2026-02-28T19:26:10.953747Z,21166.0,21505.0,211670.0,214220.0,5277.7,5277.29,5278.105,True,1.2653,1.264904,1.2657,True,214.7,214698.71,-3028.71,-1.41,-2550.0,-1.2
2026-02-28T19:47:29.594786Z,21166.0,21505.0,211670.0,214220.0,5277.7,5277.29,5278.105,True,1.2653,1.264904,1.2657,True,214.7,214698.71,-3028.71,-1.41,-2550.0,-1.2
2026-02-28T20:21:54.036777Z,21166.0,21505.0,211670.0,214220.0,5277.7,5277.29,5278.105,True,1.2653,1.264904,1.2657,True,214.7,214698.71,-3028.71,-1.41,-2550.0,-1.2
2026-02-28T20:53:02.401656Z,21166.0,21505.0,211670.0,214220.0,5277.7,5277.29,5278.105,True,1.2653,1.264904,1.2657,True,214.7,214698.71,-3028.71,-1.41,-2550.0,-1.2
2026-02-28T21:18:15.814415Z,21166.0,21505.0,211670.0,214220.0,5277.7,5277.29,5278.105,True,1.2653,1.264904,1.2657,True,214.7,214698.71,-3028.71,-1.41,-2550.0,-1.2
2026-02-28T21:38:21.673326Z,21166.0,21505.0,211670.0,214220.0,5277.7,5277.29,5278.105,True,1.2653,1.264904,1.2657,True,214.7,214698.71,-3028.71,-1.41,-2550.0,-1.2
2026-02-28T21:51:51.644166Z,21166.0,21505.0,211670.0,214220.0,5277.7,5277.29,5278.105,True,1.2653,1.264904,1.2657,True,214.7,214698.71,-3028.71,-1.41,-2550.0,-1.2
2026-02-28T22:19:45.461079Z,21166.0,21505.0,211670.0,214220.0,5277.7,5277.29,5278.105,True,1.2653,1.264904,1.2657,True,214.7,214698.71,-3028.71,-1.41,-2550.0,-1.2
2026-02-28T22:43:12.934615Z,21166.0,21505.0,211670.0,214220.0,5277.7,5277.29,5278.105,True,1.2653,1.264904,1.2657,True,214.7,214698.71,-3028.71,-1.41,-2550.0,-1.2
2026-02-28T23:18:32.690491Z,21166.0,21505.0,211670.0,214220.0,5277.7,5277.29,5278.105,True,1.2653,1.264904,1.2657,True,214.7,214698.71,-3028.71,-1.41,-2550.0,-1.2
2026-02-28T23:39:53.597717Z,21166.0,21505.0,211670.0,214220.0,5277.7,5277.29,5278.105,True,1.2653,1.264904,1.2657,True,214.7,214698.71,-3028.71,-1.41,-2550.0,-1.2
2026-02-28T23:53:40.380987Z,21166.0,21505.0,211670.0,214220.0,5277.7,5277.29,5278.105,True,1.2653,1.264904,1.2657,True,214.7,214698.71,-3028.71,-1.41,-2550.0,-1.2
2026-03-01T02:01:24.547630Z,21166.0,21505.0,211670.0,214220.0,5277.7,5277.29,5278.105,True,1.2653,1.26499,1.2657,True,214.71,214706.0,-3036.0,-1.41,-2550.0,-1.2
2026-03-01T04:31:36.853506Z,21166.0,21505.0,211670.0,214220.0,5277.7,5277.29,5278.105,True,1.2653,1.26499,1.2657,True,214.71,214706.0,-3036.0,-1.41,-2550.0,-1.2
2026-03-01T05:39:07.797596Z,21166.0,21505.0,211670.0,214220.0,5277.7,5277.29,5278.105,True,1.2653,1.26499,1.2657,True,214.71,214706.0,-3036.0,-1.41,-2550.0,-1.2
2026-03-01T06:26:56.689540Z,21166.0,21505.0,211670.0,214220.0,5277.7,5277.29,5278.105,True,1.2653,1.26499,1.2657,True,214.71,214706.0,-3036.0,-1.41,-2550.0,-1.2
2026-03-01T07:21:35.747644Z,21166.0,21505.0,211670.0,214220.0,5277.7,5277.29,5278.105,True,1.2653,1.26499,1.2657,True,214.71,214706.0,-3036.0,-1.41,-2550.0,-1.2
2026-03-01T07:54:50.913911Z,21166.0,21505.0,211670.0,214220.0,5277.7,5277.29,5278.105,True,1.2653,1.26499,1.2657,True,214.71,214706.0,-3036.0,-1.41,-2550.0,-1.2
2026-03-01T08:27:24.144008Z,21166.0,21505.0,211670.0,214220.0,5277.7,5277.29,5278.105,True,1.2653,1.26499,1.2657,True,214.71,214706.0,-3036.0,-1.41,-2550.0,-1.2
2026-03-01T08:59:20.977998Z,21166.0,21505.0,211670.0,214220.0,5277.7,5277.29,5278.105,True,1.2653,1.26499,1.2657,True,214.71,214706.0,-3036.0,-1.41,-2550.0,-1.2
2026-03-01T09:37:46.744921Z,21166.0,21505.0,211670.0,214220.0,5277.7,5277.29,5278.105,True,1.2653,1.26499,1.2657,True,214.71,214706.0,-3036.0,-1.41,-2550.0,-1.2
2026-03-01T09:55:59.684618Z,21166.0,21505.0,211670.0,214220.0,5277.7,5277.29,5278.105,True,1.2653,1.26499,1.2657,True,214.71,214706.0,-3036.0,-1.41,-2550.0,-1.2
2026-03-01T10:24:10.270297Z,21166.0,21505.0,211670.0,214220.0,5277.7,5277.29,5278.105,True,1.2653,1.26499,1.2657,True,214.71,214706.0,-3036.0,-1.41,-2550.0,-1.2
2026-03-01T10:54:32.771503Z,21166.0,21505.0,211670.0,214220.0,5277.7,5277.29,5278.105,True,1.2653,1.26499,1.2657,True,214.71,214706.0,-3036.0,-1.41,-2550.0,-1.2
2026-03-01T11:17:51.990508Z,21166.0,21505.0,211670.0,214220.0,5277.7,5277.29,5278.105,True,1.2653,1.26499,1.2657,True,214.71,214706.0,-3036.0,-1.41,-2550.0,-1.2
2026-03-01T11:36:44.703440Z,21166.0,21505.0,211670.0,214220.0,5277.7,5277.29,5278.105,True,1.2653,1.26499,1.2657,True,214.71,214706.0,-3036.0,-1.41,-2550.0,-1.2
2026-03-01T11:50:26.038563Z,21166.0,21505.0,211670.0,214220.0,5277.7,5277.29,5278.105,True,1.2653,1.26499,1.2657,True,214.71,214706.0,-3036.0,-1.41,-2550.0,-1.2
2026-03-01T12:41:28.713532Z,21166.0,21505.0,211670.0,214220.0,5277.7,5277.29,5278.105,True,1.2653,1.26499,1.2657,True,214.71,214706.0,-3036.0,-1.41,-2550.0,-1.2
2026-03-01T13:36:46.182141Z,21166.0,21505.0,211670.0,214220.0,5277.7,5277.29,5278.105,True,1.2653,1.26499,1.2657,True,214.71,214706.0,-3036.0,-1.41,-2550.0,-1.2
2026-03-01T13:58:58.262101Z,21166.0,21505.0,211670.0,214220.0,5277.7,5277.29,5278.105,True,1.2653,1.26499,1.2657,True,214.71,214706.0,-3036.0,-1.41,-2550.0,-1.2
2026-03-01T14:31:36.462658Z,21166.0,21505.0,211670.0,214220.0,5277.7,5277.29,5278.105,True,1.2653,1.26499,1.2657,True,214.71,214706.0,-3036.0,-1.41,-2550.0,-1.2
2026-03-01T14:54:04.789313Z,21166.0,21505.0,211670.0,214220.0,5277.7,5277.29,5278.105,True,1.2653,1.26499,1.2657,True,214.71,214706.0,-3036.0,-1.41,-2550.0,-1.2
2026-03-01T15:20:02.764467Z,21166.0,21505.0,211670.0,214220.0,5277.7,5277.29,5278.105,True,1.2653,1.26499,1.2657,True,214.71,214706.0,-3036.0,-1.41,-2550.0,-1.2
2026-03-01T15:41:46.192948Z,21166.0,21505.0,211670.0,214220.0,5277.7,5277.29,5278.105,True,1.2653,1.26499,1.2657,True,214.71,214706.0,-3036.0,-1.41,-2550.0,-1.2
2026-03-01T16:24:02.778870Z,21166.0,21505.0,211670.0,214220.0,5277.7,5277.29,5278.105,True,1.2653,1.26499,1.2657,True,214.71,214706.0,-3036.0,-1.41,-2550.0,-1.2
2026-03-01T16:56:56.379053Z,21166.0,21505.0,211670.0,214220.0,5277.7,5277.29,5278.105,True,1.2653,1.26499,1.2657,True,214.71,214706.0,-3036.0,-1.41,-2550.0,-1.2
2026-03-01T17:23:48.641648Z,21166.0,21505.0,211670.0,214220.0,5277.7,5277.29,5278.105,True,1.2653,1.26499,1.2657,True,214.71,214706.0,-3036.0,-1.41,-2550.0,-1.2
2026-03-01T17:53:09.460001Z,21166.0,21505.0,211670.0,214220.0,5277.7,5277.29,5278.105,True,1.2653,1.26499,1.2657,True,214.71,214706.0,-3036.0,-1.41,-2550.0,-1.2
2026-03-01T18:29:09.702567Z,21166.0,21505.0,211670.0,214220.0,5277.7,5277.29,5278.105,True,1.2653,1.26499,1.2657,True,214.71,214706.0,-3036.0,-1.41,-2550.0,-1.2
2026-03-01T19:00:16.686087Z,21166.0,21505.0,211670.0,214220.0,5277.7,5277.29,5278.105,True,1.2653,1.26499,1.2657,True,214.71,214706.0,-3036.0,-1.41,-2550.0,-1.2
2026-03-01T19:30:29.769792Z,21166.0,21505.0,211670.0,214220.0,5277.7,5277.29,5278.105,True,1.2653,1.26499,1.2657,True,214.71,214706.0,-3036.0,-1.41,-2550.0,-1.2
2026-03-01T19:49:43.668854Z,21166.0,21505.0,211670.0,214220.0,5277.7,5277.29,5278.105,True,1.2653,1.26499,1.2657,True,214.71,214706.0,-3036.0,-1.41,-2550.0,-1.2
2026-03-01T20:22:52.038118Z,21166.0,21505.0,211670.0,214220.0,5277.7,5277.29,5278.105,True,1.2653,1.26499,1.2657,True,214.71,214706.0,-3036.0,-1.41,-2550.0,-1.2
2026-03-01T20:54:21.487809Z,21166.0,21505.0,211670.0,214220.0,5277.7,5277.29,5278.105,True,1.2653,1.26499,1.2657,True,214.71,214706.0,-3036.0,-1.41,-2550.0,-1.2
2026-03-01T21:20:09.607033Z,21166.0,21505.0,211670.0,214220.0,5277.7,5277.29,5278.105,True,1.2653,1.26499,1.2657,True,214.71,214706.0,-3036.0,-1.41,-2550.0,-1.2
2026-03-01T21:41:12.537502Z,21166.0,21505.0,211670.0,214220.0,5277.7,5277.29,5278.105,True,1.2653,1.26499,1.2657,True,214.71,214706.0,-3036.0,-1.41,-2550.0,-1.2
2026-03-01T22:20:37.047516Z,21166.0,21505.0,211670.0,214220.0,5277.7,5277.29,5278.105,True,1.2653,1.26499,1.2657,True,214.71,214706.0,-3036.0,-1.41,-2550.0,-1.2
2026-03-01T22:54:19.781243Z,21166.0,21505.0,211670.0,214220.0,5277.7,5277.29,5278.105,True,1.2653,1.26499,1.2657,True,214.71,214706.0,-3036.0,-1.41,-2550.0,-1.2
2026-03-01T23:20:44.019290Z,21166.0,21505.0,211670.0,214220.0,5348.65,5350.85,5346.445,True,1.2653,1.26499,1.2657,True,217.59,217592.37,-5922.37,-2.72,-2550.0,-1.2
2026-03-01T23:53:06.742026Z,21166.0,21505.0,211670.0,214220.0,5384.07,5382.79,5385.3575,True,1.2653,1.26499,1.2657,True,219.03,219033.57,-7363.57,-3.36,-2550.0,-1.2
2026-03-02T01:52:27.923272Z,21610.0,21990.0,216111.0,219077.0,5333.1,5332.37,5333.8325,True,1.2671,1.268419,1.2657,True,217.25,217253.9,-1142.9,-0.53,-2966.0,-1.37
2026-03-02T04:12:16.173001Z,21724.0,22104.0,217251.0,220219.0,5357.8,5357.49,5358.105,True,1.2671,1.268419,1.2657,True,218.26,218259.95,-1008.95,-0.46,-2968.0,-1.37
2026-03-02T05:31:38.405845Z,21697.0,22078.0,216982.0,219953.0,5349.46,5348.94,5349.9825,True,1.2671,1.268419,1.2657,True,217.92,217920.35,-938.35,-0.43,-2971.0,-1.37
2026-03-02T06:34:46.169853Z,21833.0,22215.0,218341.0,221317.0,5377.98,5377.59,5378.36,True,1.2671,1.268419,1.2657,True,219.08,219081.91,-740.91,-0.34,-2976.0,-1.36
2026-03-02T07:35:02.586893Z,21985.0,22367.0,219861.0,222841.0,5408.39,5407.91,5408.86,True,1.2671,1.268419,1.2657,True,220.32,220320.72,-459.72,-0.21,-2980.0,-1.36
2026-03-02T08:05:08.952761Z,21990.0,22372.0,219911.0,222893.0,5405.84,5405.04,5406.6425,True,1.2671,1.268419,1.2657,True,220.22,220217.1,-306.1,-0.14,-2982.0,-1.36
2026-03-02T09:03:09.810748Z,21970.0,22352.0,219712.0,222694.0,5395.15,5394.59,5395.7125,True,1.2671,1.268419,1.2657,True,219.78,219781.62,-69.62,-0.03,-2982.0,-1.36
2026-03-02T10:08:00.824489Z,21924.0,22306.0,219248.0,222227.0,5384.85,5384.59,5385.1025,True,1.2671,1.268419,1.2657,True,219.36,219361.83,-113.83,-0.05,-2979.0,-1.36
2026-03-02T11:04:54.689094Z,21915.0,22297.0,219162.0,222140.0,5388.02,5387.1001,5388.9325,True,1.2671,1.268419,1.2657,True,219.49,219490.97,-328.97,-0.15,-2978.0,-1.36
2026-03-02T11:47:29.043154Z,21915.0,22297.0,219162.0,222140.0,5379.81,5379.55,5380.07,True,1.2671,1.268419,1.2657,True,219.16,219156.67,5.33,0.0,-2978.0,-1.36
2026-03-02T12:52:44.060282Z,21941.0,22323.0,219421.0,222402.0,5392.43,5392.09,5392.7625,True,1.2671,1.268419,1.2657,True,219.67,219670.61,-249.61,-0.11,-2981.0,-1.36
2026-03-02T13:58:44.958431Z,21991.0,22374.0,219921.0,222904.0,5393.11,5393.35,5392.8725,True,1.2671,1.268419,1.2657,True,219.7,219698.52,222.48,0.1,-2983.0,-1.36
2026-03-02T14:50:49.259683Z,21791.0,22173.0,217920.0,220901.0,5339.06,5339.87,5338.25,True,1.2671,1.268419,1.2657,True,217.5,217496.64,423.36,0.19,-2981.0,-1.37
2026-03-02T15:38:58.661336Z,21791.0,22173.0,217920.0,220901.0,5343.19,5342.79,5343.5825,True,1.2711,1.268419,1.2737,True,218.35,218351.88,-431.88,-0.2,-2981.0,-1.37
2026-03-02T16:07:27.377041Z,21791.0,22173.0,217920.0,220901.0,5290.75,5289.99,5291.515,True,1.2711,1.268419,1.2737,True,216.21,216209.15,1710.85,0.79,-2981.0,-1.37
2026-03-02T17:08:05.847914Z,21791.0,22173.0,217920.0,220901.0,5304.89,5304.7,5305.0875,True,1.2711,1.268419,1.2737,True,216.79,216787.04,1132.96,0.52,-2981.0,-1.37
2026-03-02T18:00:51.000575Z,21791.0,22173.0,217920.0,220901.0,5306.27,5305.29,5307.26,True,1.2711,1.268419,1.2737,True,216.84,216843.48,1076.52,0.5,-2981.0,-1.37
2026-03-02T19:08:02.686303Z,21791.0,22173.0,217920.0,220901.0,5325.56,5325.56,No Data,False,1.2711,1.268419,1.2737,True,217.63,217631.57,288.43,0.13,-2981.0,-1.37
2026-03-02T19:52:26.808873Z,21791.0,22173.0,217920.0,220901.0,5323.91,5323.91,No Data,False,1.2711,1.268419,1.2737,True,217.56,217564.14,355.86,0.16,-2981.0,-1.37
2026-03-02T20:34:04.911503Z,21791.0,22173.0,217920.0,220901.0,5334.09,5334.09,No Data,False,1.2711,1.268419,1.2737,True,217.98,217980.16,-60.16,-0.03,-2981.0,-1.37
2026-03-02T21:04:47.425796Z,21791.0,22173.0,217920.0,220901.0,5337.18,5337.18,No Data,False,1.2711,1.268419,1.2737,True,218.11,218106.43,-186.43,-0.09,-2981.0,-1.37
2026-03-02T21:51:39.302316Z,21791.0,22173.0,217920.0,220901.0,5325.99,5325.99,No Data,False,1.2711,1.268419,1.2737,True,217.65,217649.15,270.85,0.12,-2981.0,-1.37
2026-03-02T22:24:02.732340Z,21791.0,22173.0,217920.0,220901.0,5321.7,5321.7012,No Data,False,1.2711,1.268419,1.2737,True,217.47,217473.88,446.12,0.21,-2981.0,-1.37
2026-03-02T22:57:24.063471Z,21791.0,22173.0,217920.0,220901.0,5321.79,5321.7876,No Data,False,1.2711,1.268419,1.2737,True,217.48,217477.41,442.59,0.2,-2981.0,-1.37
2026-03-02T23:29:52.211627Z,21791.0,22173.0,217920.0,220901.0,5336.22,5336.22,No Data,False,1.2711,1.268419,1.2737,True,218.07,218067.2,-147.2,-0.07,-2981.0,-1.37
2026-03-02T23:55:52.808312Z,21791.0,22173.0,217920.0,220901.0,5340.37,5340.37,No Data,False,1.2711,1.268419,1.2737,True,218.24,218236.79,-316.79,-0.15,-2981.0,-1.37
2026-03-03T02:02:51.331500Z,21752.0,22133.0,217526.0,220503.0,5335.43,5335.43,No Data,False,1.2733,1.27295,1.2737,True,218.42,218423.53,-897.53,-0.41,-2977.0,-1.37
2026-03-03T04:23:40.336557Z,21823.0,22205.0,218242.0,221221.0,5369.17,5369.17,No Data,False,1.2733,1.27295,1.2737,True,219.8,219804.79,-1562.79,-0.71,-2979.0,-1.36
2026-03-03T05:36:41.817376Z,21840.0,22222.0,218407.0,221388.0,5342.58,5342.58,No Data,False,1.2733,1.27295,1.2737,True,218.72,218716.24,-309.24,-0.14,-2981.0,-1.36
2026-03-03T06:29:20.794288Z,21574.0,21956.0,215754.0,218733.0,5318.77,5318.77,No Data,False,1.2733,1.27295,1.2737,True,217.74,217741.5,-1987.5,-0.91,-2979.0,-1.38
2026-03-03T07:28:40.150582Z,21622.0,22004.0,216232.0,219210.0,5314.37,5314.37,No Data,False,1.2733,1.27295,1.2737,True,217.56,217561.37,-1329.37,-0.61,-2978.0,-1.38
2026-03-03T08:04:36.117794Z,21716.0,22098.0,217169.0,220153.0,5330.78,5330.78,No Data,False,1.2733,1.27295,1.2737,True,218.23,218233.17,-1064.17,-0.49,-2984.0,-1.37
2026-03-03T09:01:31.470060Z,21666.0,22049.0,216672.0,219658.0,5298.19,5298.19,No Data,False,1.2733,1.27295,1.2737,True,216.9,216898.99,-226.99,-0.1,-2986.0,-1.38
2026-03-03T10:01:59.204758Z,21544.0,21927.0,215446.0,218431.0,5269.86,5269.86,No Data,False,1.2733,1.27295,1.2737,True,215.74,215739.21,-293.21,-0.14,-2985.0,-1.39
2026-03-03T11:01:38.033771Z,21462.0,21845.0,214630.0,217617.0,5253.79,5253.79,No Data,False,1.2733,1.27295,1.2737,True,215.08,215081.33,-451.33,-0.21,-2987.0,-1.39
2026-03-03T11:48:31.492630Z,20907.0,21289.0,209079.0,212057.0,5141.43,5141.43,No Data,False,1.2733,1.27295,1.2737,True,210.48,210481.5,-1402.5,-0.67,-2978.0,-1.42
2026-03-03T12:51:29.947219Z,21244.0,21626.0,212449.0,215431.0,5204.99,5204.99,No Data,False,1.2733,1.27295,1.2737,True,213.08,213083.54,-634.54,-0.3,-2982.0,-1.4
2026-03-03T13:58:00.502624Z,20993.0,21375.0,209943.0,212921.0,5148.89,5148.89,No Data,False,1.2733,1.27295,1.2737,True,210.79,210786.9,-843.9,-0.4,-2978.0,-1.42
2026-03-03T14:50:14.492348Z,20948.0,21330.0,209490.0,212469.0,5053.19,5053.19,No Data,False,1.2733,1.27295,1.2737,True,206.87,206869.1,2620.9,1.27,-2979.0,-1.42
2026-03-03T15:43:42.553196Z,20755.0,21137.0,207558.0,210534.0,5060.39,5060.39,No Data,False,1.2755,1.27295,1.278,True,207.51,207513.65,44.35,0.02,-2976.0,-1.43
2026-03-03T16:42:31.217266Z,20755.0,21137.0,207558.0,210534.0,5118.4,5118.4,No Data,False,1.2755,1.27295,1.278,True,209.89,209892.5,-2334.5,-1.11,-2976.0,-1.43
2026-03-03T17:40:51.566184Z,20755.0,21137.0,207558.0,210534.0,5078.49,5078.49,No Data,False,1.2755,1.27295,1.278,True,208.26,208255.89,-697.89,-0.34,-2976.0,-1.43
2026-03-03T18:43:00.360956Z,20755.0,21137.0,207558.0,210534.0,5132.65,5132.65,No Data,False,1.2755,1.27295,1.278,True,210.48,210476.85,-2918.85,-1.39,-2976.0,-1.43
2026-03-03T19:37:14.711118Z,20755.0,21137.0,207558.0,210534.0,5104.46,5104.46,No Data,False,1.2755,1.27295,1.278,True,209.32,209320.85,-1762.85,-0.84,-2976.0,-1.43
2026-03-03T20:01:19.695624Z,20755.0,21137.0,207558.0,210534.0,5113.82,5113.82,No Data,False,1.2755,1.27295,1.278,True,209.7,209704.68,-2146.68,-1.02,-2976.0,-1.43
2026-03-03T20:49:08.339842Z,20755.0,21137.0,207558.0,210534.0,5100.47,5100.47,No Data,False,1.2755,1.27295,1.278,True,209.16,209157.23,-1599.23,-0.76,-2976.0,-1.43
2026-03-03T21:31:14.391192Z,20755.0,21137.0,207558.0,210534.0,5091.32,5091.32,No Data,False,1.2755,1.27295,1.278,True,208.78,208782.01,-1224.01,-0.59,-2976.0,-1.43
2026-03-03T21:59:01.000146Z,20755.0,21137.0,207558.0,210534.0,5088.89,5088.89,No Data,False,1.2755,1.27295,1.278,True,208.68,208682.37,-1124.37,-0.54,-2976.0,-1.43
2026-03-03T22:37:32.027085Z,20755.0,21137.0,207558.0,210534.0,5087.33,5087.3262,No Data,False,1.2755,1.27295,1.278,True,208.62,208618.24,-1060.24,-0.51,-2976.0,-1.43
2026-03-03T22:57:55.387118Z,20755.0,21137.0,207558.0,210534.0,5087.33,5087.3262,No Data,False,1.2755,1.27295,1.278,True,208.62,208618.24,-1060.24,-0.51,-2976.0,-1.43
2026-03-03T23:31:48.607260Z,20755.0,21137.0,207558.0,210534.0,5120.89,5120.89,No Data,False,1.2755,1.27295,1.278,True,209.99,209994.6,-2436.6,-1.16,-2976.0,-1.43
2026-03-03T23:55:37.738497Z,20755.0,21137.0,207558.0,210534.0,5123.53,5123.53,No Data,False,1.2755,1.27295,1.278,True,210.1,210102.86,-2544.86,-1.21,-2976.0,-1.43
2026-03-04T01:54:04.301598Z,21104.0,21487.0,211052.0,214033.0,5169.79,5169.79,No Data,False,1.2778,1.277508,1.278,True,212.38,212378.67,-1326.67,-0.62,-2981.0,-1.41
2026-03-04T04:06:42.575596Z,21138.0,21520.0,211387.0,214365.0,5175.57,5175.5708,No Data,False,1.2778,1.277508,1.278,True,212.62,212616.15,-1229.15,-0.58,-2978.0,-1.41
2026-03-04T05:15:12.131046Z,21094.0,21477.0,210953.0,213933.0,5159.95,5159.95,No Data,False,1.2778,1.277508,1.278,True,211.97,211974.43,-1021.43,-0.48,-2980.0,-1.41
2026-03-04T06:01:10.577329Z,21088.0,21470.0,210888.0,213868.0,5153.53,5153.53,No Data,False,1.2778,1.277508,1.278,True,211.71,211710.69,-822.69,-0.39,-2980.0,-1.41
2026-03-04T07:07:37.712428Z,21035.0,21417.0,210361.0,213338.0,5174.21,5174.21,No Data,False,1.2778,1.277508,1.278,True,212.56,212560.24,-2199.24,-1.03,-2977.0,-1.42
2026-03-04T07:53:22.953137Z,21067.0,21449.0,210680.0,213655.0,5170.99,5170.99,No Data,False,1.2778,1.277508,1.278,True,212.43,212427.96,-1747.96,-0.82,-2975.0,-1.41
2026-03-04T08:35:18.500039Z,21054.0,21436.0,210549.0,213525.0,5163.45,5163.45,No Data,False,1.2778,1.277508,1.278,True,212.12,212118.21,-1569.21,-0.74,-2976.0,-1.41
2026-03-04T09:08:12.628860Z,21138.0,21520.0,211387.0,214365.0,5161.28,5161.28,No Data,False,1.2778,1.277508,1.278,True,212.03,212029.07,-642.07,-0.3,-2978.0,-1.41
2026-03-04T09:59:10.921299Z,21112.0,21494.0,211132.0,214108.0,5180.99,5180.99,No Data,False,1.2778,1.277508,1.278,True,212.84,212838.77,-1706.77,-0.8,-2976.0,-1.41
2026-03-04T10:47:44.153375Z,21104.0,21485.0,211047.0,214019.0,5181.23,5181.23,No Data,False,1.2778,1.277508,1.278,True,212.85,212848.63,-1801.63,-0.85,-2972.0,-1.41
2026-03-04T11:27:43.582366Z,21104.0,21485.0,211047.0,214019.0,5194.07,5194.07,No Data,False,1.2778,1.277508,1.278,True,213.38,213376.11,-2329.11,-1.09,-2972.0,-1.41
2026-03-04T11:56:21.719279Z,21132.0,21514.0,211332.0,214304.0,5192.78,5192.78,No Data,False,1.2778,1.277508,1.278,True,213.32,213323.11,-1991.11,-0.93,-2972.0,-1.41
2026-03-04T12:56:51.708210Z,21050.0,21432.0,210515.0,213487.0,5162.86,5162.86,No Data,False,1.2778,1.277508,1.278,True,212.09,212093.98,-1578.98,-0.74,-2972.0,-1.41
2026-03-04T13:58:58.630750Z,21113.0,21494.0,211136.0,214109.0,5175.63,5175.63,No Data,False,1.2778,1.277508,1.278,True,212.62,212618.58,-1482.58,-0.7,-2973.0,-1.41
2026-03-04T14:43:14.435648Z,21034.0,21416.0,210351.0,213325.0,5169.49,5169.49,No Data,False,1.2778,1.277508,1.278,True,212.37,212366.34,-2015.34,-0.95,-2974.0,-1.41
2026-03-04T15:37:30.356590Z,20993.0,21375.0,209942.0,212915.0,5160.66,5160.66,No Data,False,1.2759,1.277508,1.2743,True,211.7,211696.65,-1754.65,-0.83,-2973.0,-1.42
2026-03-04T16:22:23.999026Z,20993.0,21375.0,209942.0,212915.0,5146.58,5146.58,No Data,False,1.2759,1.277508,1.2743,True,211.12,211119.07,-1177.07,-0.56,-2973.0,-1.42
2026-03-04T17:22:45.008889Z,20993.0,21375.0,209942.0,212915.0,5145.88,5145.88,No Data,False,1.2759,1.277508,1.2743,True,211.09,211090.36,-1148.36,-0.54,-2973.0,-1.42
2026-03-04T18:06:50.477687Z,20993.0,21375.0,209942.0,212915.0,5132.87,5132.87,No Data,False,1.2759,1.277508,1.2743,True,210.56,210556.67,-614.67,-0.29,-2973.0,-1.42
2026-03-04T19:08:24.504115Z,20993.0,21375.0,209942.0,212915.0,5131.69,5131.69,No Data,False,1.2759,1.277508,1.2743,True,210.51,210508.26,-566.26,-0.27,-2973.0,-1.42
2026-03-04T19:52:05.775198Z,20993.0,21375.0,209942.0,212915.0,5132.69,5132.69,No Data,False,1.2759,1.277508,1.2743,True,210.55,210549.29,-607.29,-0.29,-2973.0,-1.42
2026-03-04T20:32:15.394460Z,20993.0,21375.0,209942.0,212915.0,5139.19,5139.19,No Data,False,1.2759,1.277508,1.2743,True,210.82,210815.92,-873.92,-0.41,-2973.0,-1.42
2026-03-04T21:01:09.958256Z,20993.0,21375.0,209942.0,212915.0,5136.92,5136.92,No Data,False,1.2759,1.277508,1.2743,True,210.72,210722.81,-780.81,-0.37,-2973.0,-1.42
2026-03-04T21:50:44.641137Z,20993.0,21375.0,209942.0,212915.0,5135.14,5135.14,No Data,False,1.2759,1.277508,1.2743,True,210.65,210649.79,-707.79,-0.34,-2973.0,-1.42
2026-03-04T22:28:18.882438Z,20993.0,21375.0,209942.0,212915.0,5139.43,5139.4321,No Data,False,1.2759,1.277508,1.2743,True,210.83,210825.85,-883.85,-0.42,-2973.0,-1.42
2026-03-04T23:01:02.785058Z,20993.0,21375.0,209942.0,212915.0,5144.99,5144.99,No Data,False,1.2759,1.277508,1.2743,True,211.05,211053.85,-1111.85,-0.53,-2973.0,-1.42
2026-03-04T23:46:26.802616Z,20993.0,21375.0,209942.0,212915.0,5160.23,5160.23,No Data,False,1.2759,1.277508,1.2743,True,211.68,211679.01,-1737.01,-0.82,-2973.0,-1.42
2026-03-05T01:51:41.595625Z,21063.0,21444.0,210636.0,213607.0,5173.5,5173.5,No Data,False,1.2747,1.275048,1.2743,True,212.02,212018.77,-1382.77,-0.65,-2971.0,-1.41
2026-03-05T04:10:13.377190Z,21124.0,21506.0,211255.0,214231.0,5183.68,5183.68,No Data,False,1.2747,1.275048,1.2743,True,212.44,212435.97,-1180.97,-0.56,-2976.0,-1.41
2026-03-05T05:18:48.756511Z,21104.0,21486.0,211050.0,214026.0,5171.82,5171.82,No Data,False,1.2747,1.275048,1.2743,True,211.95,211949.92,-899.92,-0.42,-2976.0,-1.41
2026-03-05T06:05:12.063241Z,21051.0,21433.0,210517.0,213493.0,5153.59,5153.59,No Data,False,1.2747,1.275048,1.2743,True,211.2,211202.83,-685.83,-0.32,-2976.0,-1.41
2026-03-05T07:11:35.588423Z,21042.0,21424.0,210434.0,213410.0,5167.16,5167.16,No Data,False,1.2747,1.275048,1.2743,True,211.76,211758.95,-1324.95,-0.63,-2976.0,-1.41
2026-03-05T07:56:35.221050Z,21042.0,21424.0,210434.0,213410.0,5160.17,5160.17,No Data,False,1.2747,1.275048,1.2743,True,211.47,211472.49,-1038.49,-0.49,-2976.0,-1.41
2026-03-05T08:42:33.679166Z,21018.0,21400.0,210189.0,213166.0,5162.04,5162.04,No Data,False,1.2747,1.275048,1.2743,True,211.55,211549.12,-1360.12,-0.64,-2977.0,-1.42
2026-03-05T09:39:40.613267Z,21059.0,21440.0,210597.0,213569.0,5161.69,5161.69,No Data,False,1.2747,1.275048,1.2743,True,211.53,211534.78,-937.78,-0.44,-2972.0,-1.41
2026-03-05T10:24:03.237914Z,21014.0,21395.0,210147.0,213121.0,5153.14,5153.14,No Data,False,1.2747,1.275048,1.2743,True,211.18,211184.39,-1037.39,-0.49,-2974.0,-1.42
2026-03-05T11:09:53.771935Z,21014.0,21395.0,210147.0,213121.0,5162.89,5162.89,No Data,False,1.2747,1.275048,1.2743,True,211.58,211583.96,-1436.96,-0.68,-2974.0,-1.42
2026-03-05T11:50:10.020199Z,21042.0,21424.0,210434.0,213410.0,5162.61,5162.61,No Data,False,1.2747,1.275048,1.2743,True,211.57,211572.48,-1138.48,-0.54,-2976.0,-1.41
2026-03-05T12:54:12.119325Z,21042.0,21424.0,210434.0,213410.0,5163.39,5163.39,No Data,False,1.2747,1.275048,1.2743,True,211.6,211604.45,-1170.45,-0.55,-2976.0,-1.41
2026-03-05T14:00:02.690906Z,20936.0,21318.0,209368.0,212343.0,5115.46,5115.46,No Data,False,1.2747,1.275048,1.2743,True,209.64,209640.2,-272.2,-0.13,-2975.0,-1.42
2026-03-05T14:56:50.680308Z,20788.0,21170.0,207888.0,210863.0,5100.0,5100.0,No Data,False,1.2747,1.275048,1.2743,True,209.01,209006.62,-1118.62,-0.54,-2975.0,-1.43
2026-03-05T15:52:23.066430Z,20788.0,21170.0,207888.0,210863.0,5090.6,5090.6,No Data,False,1.2761,1.275048,1.2772,True,208.86,208858.71,-970.71,-0.46,-2975.0,-1.43
2026-03-05T18:01:04.065402Z,20788.0,21170.0,207888.0,210863.0,5062.97,5062.97,No Data,False,1.2761,1.275048,1.2772,True,207.73,207725.1,162.9,0.08,-2975.0,-1.43
2026-03-05T19:36:43.671443Z,20788.0,21170.0,207888.0,210863.0,5060.68,5060.68,No Data,False,1.2761,1.275048,1.2772,True,207.63,207631.14,256.86,0.12,-2975.0,-1.43
2026-03-05T20:07:26.017521Z,20788.0,21170.0,207888.0,210863.0,5065.17,5065.17,No Data,False,1.2761,1.275048,1.2772,True,207.82,207815.36,72.64,0.03,-2975.0,-1.43
2026-03-05T20:54:48.128185Z,20788.0,21170.0,207888.0,210863.0,5074.68,5074.68,No Data,False,1.2761,1.275048,1.2772,True,208.21,208205.54,-317.54,-0.15,-2975.0,-1.43
2026-03-05T21:31:38.838484Z,20788.0,21170.0,207888.0,210863.0,5078.82,5078.82,No Data,False,1.2761,1.275048,1.2772,True,208.38,208375.39,-487.39,-0.23,-2975.0,-1.43
2026-03-05T22:00:59.037512Z,20788.0,21170.0,207888.0,210863.0,5080.54,5080.54,No Data,False,1.2761,1.275048,1.2772,True,208.45,208445.96,-557.96,-0.27,-2975.0,-1.43
2026-03-05T23:29:42.215850Z,20788.0,21170.0,207888.0,210863.0,5090.53,5090.53,No Data,False,1.2761,1.275048,1.2772,True,208.86,208855.84,-967.84,-0.46,-2975.0,-1.43
2026-03-06T00:06:18.470389Z,20788.0,21170.0,207888.0,210863.0,5086.7,5086.7,No Data,False,1.2761,1.275048,1.2772,True,208.7,208698.7,-810.7,-0.39,-2975.0,-1.43
2026-03-06T03:09:48.374678Z,20939.0,21321.0,209401.0,212376.0,5131.69,5131.69,No Data,False,1.2782,1.279185,1.2772,True,210.89,210885.84,-1484.84,-0.7,-2975.0,-1.42
2026-03-06T04:53:06.847502Z,20977.0,21359.0,209778.0,212754.0,5134.06,5134.06,No Data,False,1.2782,1.279185,1.2772,True,210.98,210983.23,-1205.23,-0.57,-2976.0,-1.42
2026-03-06T05:42:35.270553Z,20923.0,21305.0,209244.0,212220.0,5120.94,5120.94,No Data,False,1.2782,1.279185,1.2772,True,210.44,210444.07,-1200.07,-0.57,-2976.0,-1.42
2026-03-06T06:43:17.294844Z,20903.0,21285.0,209039.0,212015.0,5120.67,5120.67,No Data,False,1.2782,1.279185,1.2772,True,210.43,210432.97,-1393.97,-0.66,-2976.0,-1.42
2026-03-06T07:36:23.906347Z,20874.0,21256.0,208752.0,211726.0,5110.64,5110.64,No Data,False,1.2782,1.279185,1.2772,True,210.02,210020.79,-1268.79,-0.6,-2974.0,-1.42
2026-03-06T08:01:55.358774Z,20874.0,21256.0,208752.0,211726.0,5118.61,5118.61,No Data,False,1.2782,1.279185,1.2772,True,210.35,210348.32,-1596.32,-0.76,-2974.0,-1.42
2026-03-06T08:56:51.471148Z,20837.0,21219.0,208383.0,211356.0,5108.29,5108.29,No Data,False,1.2782,1.279185,1.2772,True,209.92,209924.22,-1541.22,-0.73,-2973.0,-1.43
2026-03-06T09:40:24.883029Z,20821.0,21203.0,208216.0,211192.0,5091.32,5091.32,No Data,False,1.2782,1.279185,1.2772,True,209.23,209226.84,-1010.84,-0.48,-2976.0,-1.43
2026-03-06T10:31:55.233887Z,20800.0,21182.0,208008.0,210986.0,5086.65,5086.65,No Data,False,1.2782,1.279185,1.2772,True,209.03,209034.93,-1026.93,-0.49,-2978.0,-1.43
2026-03-06T11:04:42.842799Z,20800.0,21182.0,208008.0,210986.0,5083.93,5083.93,No Data,False,1.2782,1.279185,1.2772,True,208.92,208923.15,-915.15,-0.44,-2978.0,-1.43
2026-03-06T11:45:29.153208Z,20841.0,21223.0,208419.0,211399.0,5082.61,5082.61,No Data,False,1.2782,1.279185,1.2772,True,208.87,208868.9,-449.9,-0.22,-2980.0,-1.43
2026-03-06T12:49:02.281964Z,20824.0,21207.0,208254.0,211234.0,5091.35,5091.35,No Data,False,1.2782,1.279185,1.2772,True,209.23,209228.07,-974.07,-0.47,-2980.0,-1.43
2026-03-06T13:53:16.687832Z,20948.0,21330.0,209490.0,212469.0,5109.3,5109.3,No Data,False,1.2782,1.279185,1.2772,True,209.97,209965.73,-475.73,-0.23,-2979.0,-1.42
2026-03-06T14:35:16.951307Z,20878.0,21261.0,208788.0,211770.0,5119.95,5119.95,No Data,False,1.2782,1.279185,1.2772,True,210.4,210403.39,-1615.39,-0.77,-2982.0,-1.43
2026-03-06T15:07:43.298510Z,20878.0,21261.0,208788.0,211770.0,5149.99,5149.99,No Data,False,1.2801,1.279185,1.281,True,211.95,211952.47,-3164.47,-1.49,-2982.0,-1.43
2026-03-06T15:54:51.157576Z,20878.0,21261.0,208788.0,211770.0,5141.89,5141.89,No Data,False,1.2801,1.279185,1.281,True,211.62,211619.1,-2831.1,-1.34,-2982.0,-1.43
2026-03-06T16:36:46.958512Z,20878.0,21261.0,208788.0,211770.0,5139.17,5139.17,No Data,False,1.2801,1.279185,1.281,True,211.51,211507.16,-2719.16,-1.29,-2982.0,-1.43
2026-03-06T17:20:09.458064Z,20878.0,21261.0,208788.0,211770.0,5140.39,5140.39,No Data,False,1.2801,1.279185,1.281,True,211.56,211557.37,-2769.37,-1.31,-2982.0,-1.43
2026-03-06T17:56:19.305089Z,20878.0,21261.0,208788.0,211770.0,5132.89,5132.89,No Data,False,1.2801,1.279185,1.281,True,211.25,211248.7,-2460.7,-1.16,-2982.0,-1.43
2026-03-06T18:45:09.888520Z,20878.0,21261.0,208788.0,211770.0,5165.61,5165.61,No Data,False,1.2801,1.279185,1.281,True,212.6,212595.32,-3807.32,-1.79,-2982.0,-1.43
2026-03-06T19:31:55.188216Z,20878.0,21261.0,208788.0,211770.0,5165.66,5165.66,No Data,False,1.2801,1.279185,1.281,True,212.6,212597.38,-3809.38,-1.79,-2982.0,-1.43
2026-03-06T19:58:16.186484Z,20878.0,21261.0,208788.0,211770.0,5160.32,5160.32,No Data,False,1.2801,1.279185,1.281,True,212.38,212377.61,-3589.61,-1.69,-2982.0,-1.43
2026-03-06T20:38:09.857599Z,20878.0,21261.0,208788.0,211770.0,5153.84,5153.84,No Data,False,1.2801,1.279185,1.281,True,212.11,212110.92,-3322.92,-1.57,-2982.0,-1.43
2026-03-06T21:00:34.145855Z,20878.0,21261.0,208788.0,211770.0,5152.59,5152.59,No Data,False,1.2801,1.279185,1.281,True,212.06,212059.47,-3271.47,-1.54,-2982.0,-1.43
2026-03-06T21:46:02.618383Z,20878.0,21261.0,208788.0,211770.0,5169.19,5169.19,No Data,False,1.2801,1.279185,1.281,True,212.74,212742.66,-3954.66,-1.86,-2982.0,-1.43
2026-03-06T22:25:00.632838Z,20878.0,21261.0,208788.0,211770.0,5169.87,5169.87,No Data,False,1.2801,1.279185,1.281,True,212.77,212770.65,-3982.65,-1.87,-2982.0,-1.43
2026-03-06T22:59:04.262539Z,20878.0,21261.0,208788.0,211770.0,5169.87,5169.87,No Data,False,1.2801,1.279185,1.281,True,212.77,212770.65,-3982.65,-1.87,-2982.0,-1.43
2026-03-06T23:35:01.799375Z,20878.0,21261.0,208788.0,211770.0,5169.87,5169.87,No Data,False,1.2801,1.279185,1.281,True,212.77,212770.65,-3982.65,-1.87,-2982.0,-1.43
2026-03-06T23:54:38.774565Z,20878.0,21261.0,208788.0,211770.0,5169.87,5169.87,No Data,False,1.2801,1.279185,1.281,True,212.77,212770.65,-3982.65,-1.87,-2982.0,-1.43
2026-03-07T01:44:54.641674Z,20878.0,21261.0,208788.0,211770.0,5169.87,5169.87,No Data,False,1.28,1.279097,1.281,True,212.76,212763.33,-3975.33,-1.87,-2982.0,-1.43
2026-03-07T03:57:51.501660Z,20878.0,21261.0,208788.0,211770.0,5169.87,5169.87,No Data,False,1.28,1.279097,1.281,True,212.76,212763.33,-3975.33,-1.87,-2982.0,-1.43
2026-03-07T05:01:49.089361Z,20878.0,21261.0,208788.0,211770.0,5169.87,5169.87,No Data,False,1.28,1.279097,1.281,True,212.76,212763.33,-3975.33,-1.87,-2982.0,-1.43
2026-03-07T05:54:13.324457Z,20878.0,21261.0,208788.0,211770.0,5169.87,5169.87,No Data,False,1.28,1.279097,1.281,True,212.76,212763.33,-3975.33,-1.87,-2982.0,-1.43
2026-03-07T06:36:04.672160Z,20878.0,21261.0,208788.0,211770.0,5169.87,5169.87,No Data,False,1.28,1.279097,1.281,True,212.76,212763.33,-3975.33,-1.87,-2982.0,-1.43
2026-03-07T07:06:19.595620Z,20878.0,21261.0,208788.0,211770.0,5169.87,5169.87,No Data,False,1.28,1.279097,1.281,True,212.76,212763.33,-3975.33,-1.87,-2982.0,-1.43
2026-03-07T07:43:56.776432Z,20878.0,21261.0,208788.0,211770.0,5169.87,5169.87,No Data,False,1.28,1.279097,1.281,True,212.76,212763.33,-3975.33,-1.87,-2982.0,-1.43
2026-03-07T08:27:10.607898Z,20878.0,21261.0,208788.0,211770.0,5169.87,5169.87,No Data,False,1.28,1.279097,1.281,True,212.76,212763.33,-3975.33,-1.87,-2982.0,-1.43
2026-03-07T08:58:56.493733Z,20878.0,21261.0,208788.0,211770.0,5169.87,5169.87,No Data,False,1.28,1.279097,1.281,True,212.76,212763.33,-3975.33,-1.87,-2982.0,-1.43
2026-03-07T09:36:20.829523Z,20878.0,21261.0,208788.0,211770.0,5169.87,5169.87,No Data,False,1.28,1.279097,1.281,True,212.76,212763.33,-3975.33,-1.87,-2982.0,-1.43
2026-03-07T09:54:55.297290Z,20878.0,21261.0,208788.0,211770.0,5169.87,5169.87,No Data,False,1.28,1.279097,1.281,True,212.76,212763.33,-3975.33,-1.87,-2982.0,-1.43
2026-03-07T10:20:09.298871Z,20878.0,21261.0,208788.0,211770.0,5169.87,5169.87,No Data,False,1.28,1.279097,1.281,True,212.76,212763.33,-3975.33,-1.87,-2982.0,-1.43
2026-03-07T10:44:51.480345Z,20878.0,21261.0,208788.0,211770.0,5169.87,5169.87,No Data,False,1.28,1.279097,1.281,True,212.76,212763.33,-3975.33,-1.87,-2982.0,-1.43
2026-03-07T11:17:32.738425Z,20878.0,21261.0,208788.0,211770.0,5169.87,5169.87,No Data,False,1.28,1.279097,1.281,True,212.76,212763.33,-3975.33,-1.87,-2982.0,-1.43
2026-03-07T11:36:36.549765Z,20878.0,21261.0,208788.0,211770.0,5169.87,5169.87,No Data,False,1.28,1.279097,1.281,True,212.76,212763.33,-3975.33,-1.87,-2982.0,-1.43
2026-03-07T11:50:41.010730Z,20878.0,21261.0,208788.0,211770.0,5169.87,5169.87,No Data,False,1.28,1.279097,1.281,True,212.76,212763.33,-3975.33,-1.87,-2982.0,-1.43
2026-03-07T12:40:05.258316Z,20878.0,21261.0,208788.0,211770.0,5169.87,5169.87,No Data,False,1.28,1.279097,1.281,True,212.76,212763.33,-3975.33,-1.87,-2982.0,-1.43
2026-03-07T13:26:43.721933Z,20878.0,21261.0,208788.0,211770.0,5169.87,5169.87,No Data,False,1.28,1.279097,1.281,True,212.76,212763.33,-3975.33,-1.87,-2982.0,-1.43
2026-03-07T13:58:16.678793Z,20878.0,21261.0,208788.0,211770.0,5169.87,5169.87,No Data,False,1.28,1.279097,1.281,True,212.76,212763.33,-3975.33,-1.87,-2982.0,-1.43
2026-03-07T14:29:11.313199Z,20878.0,21261.0,208788.0,211770.0,5169.87,5169.87,No Data,False,1.28,1.279097,1.281,True,212.76,212763.33,-3975.33,-1.87,-2982.0,-1.43
2026-03-07T14:54:34.632910Z,20878.0,21261.0,208788.0,211770.0,5169.87,5169.87,No Data,False,1.28,1.279097,1.281,True,212.76,212763.33,-3975.33,-1.87,-2982.0,-1.43
2026-03-07T15:20:00.985277Z,20878.0,21261.0,208788.0,211770.0,5169.87,5169.87,No Data,False,1.28,1.279097,1.281,True,212.76,212763.33,-3975.33,-1.87,-2982.0,-1.43
2026-03-07T15:41:23.815471Z,20878.0,21261.0,208788.0,211770.0,5169.87,5169.87,No Data,False,1.28,1.279097,1.281,True,212.76,212763.33,-3975.33,-1.87,-2982.0,-1.43
2026-03-07T16:23:20.166321Z,20878.0,21261.0,208788.0,211770.0,5169.87,5169.87,No Data,False,1.28,1.279097,1.281,True,212.76,212763.33,-3975.33,-1.87,-2982.0,-1.43
2026-03-07T16:55:21.407064Z,20878.0,21261.0,208788.0,211770.0,5169.87,5169.87,No Data,False,1.28,1.279097,1.281,True,212.76,212763.33,-3975.33,-1.87,-2982.0,-1.43
2026-03-07T17:18:43.877165Z,20878.0,21261.0,208788.0,211770.0,5169.87,5169.87,No Data,False,1.28,1.279097,1.281,True,212.76,212763.33,-3975.33,-1.87,-2982.0,-1.43
2026-03-07T17:41:26.390926Z,20878.0,21261.0,208788.0,211770.0,5169.87,5169.87,No Data,False,1.28,1.279097,1.281,True,212.76,212763.33,-3975.33,-1.87,-2982.0,-1.43
2026-03-07T18:29:10.141077Z,20878.0,21261.0,208788.0,211770.0,5169.87,5169.87,No Data,False,1.28,1.279097,1.281,True,212.76,212763.33,-3975.33,-1.87,-2982.0,-1.43
2026-03-07T18:59:21.209896Z,20878.0,21261.0,208788.0,211770.0,5169.87,5169.87,No Data,False,1.28,1.279097,1.281,True,212.76,212763.33,-3975.33,-1.87,-2982.0,-1.43
2026-03-07T19:29:02.320446Z,20878.0,21261.0,208788.0,211770.0,5169.87,5169.87,No Data,False,1.28,1.279097,1.281,True,212.76,212763.33,-3975.33,-1.87,-2982.0,-1.43
2026-03-07T19:49:13.339003Z,20878.0,21261.0,208788.0,211770.0,5169.87,5169.87,No Data,False,1.28,1.279097,1.281,True,212.76,212763.33,-3975.33,-1.87,-2982.0,-1.43
2026-03-07T20:21:25.421778Z,20878.0,21261.0,208788.0,211770.0,5169.87,5169.87,No Data,False,1.28,1.279097,1.281,True,212.76,212763.33,-3975.33,-1.87,-2982.0,-1.43
2026-03-07T20:53:31.890800Z,20878.0,21261.0,208788.0,211770.0,5169.87,5169.87,No Data,False,1.28,1.279097,1.281,True,212.76,212763.33,-3975.33,-1.87,-2982.0,-1.43
2026-03-07T21:18:14.962205Z,20878.0,21261.0,208788.0,211770.0,5169.87,5169.87,No Data,False,1.28,1.279097,1.281,True,212.76,212763.33,-3975.33,-1.87,-2982.0,-1.43
2026-03-07T21:39:03.225273Z,20878.0,21261.0,208788.0,211770.0,5169.87,5169.87,No Data,False,1.28,1.279097,1.281,True,212.76,212763.33,-3975.33,-1.87,-2982.0,-1.43
2026-03-07T21:52:32.297371Z,20878.0,21261.0,208788.0,211770.0,5169.87,5169.87,No Data,False,1.28,1.279097,1.281,True,212.76,212763.33,-3975.33,-1.87,-2982.0,-1.43
2026-03-07T22:20:14.526465Z,20878.0,21261.0,208788.0,211770.0,5169.87,5169.87,No Data,False,1.28,1.279097,1.281,True,212.76,212763.33,-3975.33,-1.87,-2982.0,-1.43
2026-03-07T22:53:48.771215Z,20878.0,21261.0,208788.0,211770.0,5169.87,5169.87,No Data,False,1.28,1.279097,1.281,True,212.76,212763.33,-3975.33,-1.87,-2982.0,-1.43
2026-03-07T23:19:38.468766Z,20878.0,21261.0,208788.0,211770.0,5170.49,5170.49,No Data,False,1.28,1.279097,1.281,True,212.79,212788.85,-4000.85,-1.88,-2982.0,-1.43
2026-03-07T23:40:57.997673Z,20878.0,21261.0,208788.0,211770.0,5170.49,5170.49,No Data,False,1.28,1.279097,1.281,True,212.79,212788.85,-4000.85,-1.88,-2982.0,-1.43
2026-03-08T01:52:54.390116Z,20878.0,21261.0,208788.0,211770.0,5170.49,5170.49,No Data,False,1.28,1.279093,1.281,True,212.79,212788.52,-4000.52,-1.88,-2982.0,-1.43
2026-03-08T04:09:16.745953Z,20878.0,21261.0,208788.0,211770.0,5170.49,5170.49,No Data,False,1.28,1.279093,1.281,True,212.79,212788.52,-4000.52,-1.88,-2982.0,-1.43
2026-03-08T05:15:34.312106Z,20878.0,21261.0,208788.0,211770.0,5170.49,5170.49,No Data,False,1.28,1.279093,1.281,True,212.79,212788.52,-4000.52,-1.88,-2982.0,-1.43
2026-03-08T05:59:07.561902Z,20878.0,21261.0,208788.0,211770.0,5170.49,5170.49,No Data,False,1.28,1.279093,1.281,True,212.79,212788.52,-4000.52,-1.88,-2982.0,-1.43
2026-03-08T06:55:16.696345Z,20878.0,21261.0,208788.0,211770.0,5170.49,5170.49,No Data,False,1.28,1.279093,1.281,True,212.79,212788.52,-4000.52,-1.88,-2982.0,-1.43
2026-03-08T07:28:59.505279Z,20878.0,21261.0,208788.0,211770.0,5170.49,5170.49,No Data,False,1.28,1.279093,1.281,True,212.79,212788.52,-4000.52,-1.88,-2982.0,-1.43
2026-03-08T07:54:02.433816Z,20878.0,21261.0,208788.0,211770.0,5170.49,5170.49,No Data,False,1.28,1.279093,1.281,True,212.79,212788.52,-4000.52,-1.88,-2982.0,-1.43
2026-03-08T08:27:39.875565Z,20878.0,21261.0,208788.0,211770.0,5170.49,5170.49,No Data,False,1.28,1.279093,1.281,True,212.79,212788.52,-4000.52,-1.88,-2982.0,-1.43
2026-03-08T08:59:17.069753Z,20878.0,21261.0,208788.0,211770.0,5170.49,5170.49,No Data,False,1.28,1.279093,1.281,True,212.79,212788.52,-4000.52,-1.88,-2982.0,-1.43
2026-03-08T09:37:47.924447Z,20878.0,21261.0,208788.0,211770.0,5170.49,5170.49,No Data,False,1.28,1.279093,1.281,True,212.79,212788.52,-4000.52,-1.88,-2982.0,-1.43
2026-03-08T09:56:20.169869Z,20878.0,21261.0,208788.0,211770.0,5170.49,5170.49,No Data,False,1.28,1.279093,1.281,True,212.79,212788.52,-4000.52,-1.88,-2982.0,-1.43
2026-03-08T10:25:26.061680Z,20878.0,21261.0,208788.0,211770.0,5170.49,5170.49,No Data,False,1.28,1.279093,1.281,True,212.79,212788.52,-4000.52,-1.88,-2982.0,-1.43
2026-03-08T10:55:02.172894Z,20878.0,21261.0,208788.0,211770.0,5170.49,5170.49,No Data,False,1.28,1.279093,1.281,True,212.79,212788.52,-4000.52,-1.88,-2982.0,-1.43
2026-03-08T11:18:24.307567Z,20878.0,21261.0,208788.0,211770.0,5170.49,5170.49,No Data,False,1.28,1.279093,1.281,True,212.79,212788.52,-4000.52,-1.88,-2982.0,-1.43
2026-03-08T11:39:12.998432Z,20878.0,21261.0,208788.0,211770.0,5170.49,5170.49,No Data,False,1.28,1.279093,1.281,True,212.79,212788.52,-4000.52,-1.88,-2982.0,-1.43
2026-03-08T11:53:02.385608Z,20878.0,21261.0,208788.0,211770.0,5170.49,5170.49,No Data,False,1.28,1.279093,1.281,True,212.79,212788.52,-4000.52,-1.88,-2982.0,-1.43
2026-03-08T12:41:23.822021Z,20878.0,21261.0,208788.0,211770.0,5170.49,5170.49,No Data,False,1.28,1.279093,1.281,True,212.79,212788.52,-4000.52,-1.88,-2982.0,-1.43
2026-03-08T13:37:54.262343Z,20878.0,21261.0,208788.0,211770.0,5170.49,5170.49,No Data,False,1.28,1.279093,1.281,True,212.79,212788.52,-4000.52,-1.88,-2982.0,-1.43
2026-03-08T14:00:05.133736Z,20878.0,21261.0,208788.0,211770.0,5170.49,5170.49,No Data,False,1.28,1.279093,1.281,True,212.79,212788.52,-4000.52,-1.88,-2982.0,-1.43
2026-03-08T14:33:59.888433Z,20878.0,21261.0,208788.0,211770.0,5170.49,5170.49,No Data,False,1.28,1.279093,1.281,True,212.79,212788.52,-4000.52,-1.88,-2982.0,-1.43
2026-03-08T14:54:53.587346Z,20878.0,21261.0,208788.0,211770.0,5170.49,5170.49,No Data,False,1.28,1.279093,1.281,True,212.79,212788.52,-4000.52,-1.88,-2982.0,-1.43
2026-03-08T15:20:37.801161Z,20878.0,21261.0,208788.0,211770.0,5170.49,5170.49,No Data,False,1.28,1.279093,1.281,True,212.79,212788.52,-4000.52,-1.88,-2982.0,-1.43
2026-03-08T15:51:30.558298Z,20878.0,21261.0,208788.0,211770.0,5170.49,5170.49,No Data,False,1.28,1.279093,1.281,True,212.79,212788.52,-4000.52,-1.88,-2982.0,-1.43
2026-03-08T16:24:09.772116Z,20878.0,21261.0,208788.0,211770.0,5170.49,5170.49,No Data,False,1.28,1.279093,1.281,True,212.79,212788.52,-4000.52,-1.88,-2982.0,-1.43
2026-03-08T16:56:51.850244Z,20878.0,21261.0,208788.0,211770.0,5170.49,5170.49,No Data,False,1.28,1.279093,1.281,True,212.79,212788.52,-4000.52,-1.88,-2982.0,-1.43
2026-03-08T17:24:38.491070Z,20878.0,21261.0,208788.0,211770.0,5170.49,5170.49,No Data,False,1.28,1.279093,1.281,True,212.79,212788.52,-4000.52,-1.88,-2982.0,-1.43
2026-03-08T17:53:54.778944Z,20878.0,21261.0,208788.0,211770.0,5170.49,5170.49,No Data,False,1.28,1.279093,1.281,True,212.79,212788.52,-4000.52,-1.88,-2982.0,-1.43
2026-03-08T18:29:34.946294Z,20878.0,21261.0,208788.0,211770.0,5170.49,5170.49,No Data,False,1.28,1.279093,1.281,True,212.79,212788.52,-4000.52,-1.88,-2982.0,-1.43
2026-03-08T19:00:42.174565Z,20878.0,21261.0,208788.0,211770.0,5170.49,5170.49,No Data,False,1.28,1.279093,1.281,True,212.79,212788.52,-4000.52,-1.88,-2982.0,-1.43
2026-03-08T19:38:09.004801Z,20878.0,21261.0,208788.0,211770.0,5170.49,5170.49,No Data,False,1.28,1.279093,1.281,True,212.79,212788.52,-4000.52,-1.88,-2982.0,-1.43
2026-03-08T19:51:59.511425Z,20878.0,21261.0,208788.0,211770.0,5170.49,5170.49,No Data,False,1.28,1.279093,1.281,True,212.79,212788.52,-4000.52,-1.88,-2982.0,-1.43
2026-03-08T20:21:59.484645Z,20878.0,21261.0,208788.0,211770.0,5170.49,5170.49,No Data,False,1.28,1.279093,1.281,True,212.79,212788.52,-4000.52,-1.88,-2982.0,-1.43
2026-03-08T20:54:55.486343Z,20878.0,21261.0,208788.0,211770.0,5170.49,5170.49,No Data,False,1.28,1.279093,1.281,True,212.79,212788.52,-4000.52,-1.88,-2982.0,-1.43
2026-03-08T21:20:25.400523Z,20878.0,21261.0,208788.0,211770.0,5170.49,5170.49,No Data,False,1.28,1.279093,1.281,True,212.79,212788.52,-4000.52,-1.88,-2982.0,-1.43
2026-03-08T21:51:33.102785Z,20878.0,21261.0,208788.0,211770.0,5170.49,5170.49,No Data,False,1.28,1.279093,1.281,True,212.79,212788.52,-4000.52,-1.88,-2982.0,-1.43
2026-03-08T22:20:10.563538Z,20878.0,21261.0,208788.0,211770.0,5126.44,5126.44,No Data,False,1.28,1.279093,1.281,True,210.98,210975.66,-2187.66,-1.04,-2982.0,-1.43
2026-03-08T22:45:08.267759Z,20878.0,21261.0,208788.0,211770.0,5123.92,5123.92,No Data,False,1.28,1.279093,1.281,True,210.87,210871.96,-2083.96,-0.99,-2982.0,-1.43
2026-03-08T23:20:46.000103Z,20878.0,21261.0,208788.0,211770.0,5097.59,5097.59,No Data,False,1.28,1.279093,1.281,True,209.79,209788.36,-1000.36,-0.48,-2982.0,-1.43
2026-03-08T23:53:13.981644Z,20878.0,21261.0,208788.0,211770.0,5061.8,5061.8,No Data,False,1.28,1.279093,1.281,True,208.32,208315.44,472.56,0.23,-2982.0,-1.43
2026-03-09T01:54:05.801624Z,20844.0,21228.0,208451.0,211438.0,5075.59,5075.59,No Data,False,1.2815,1.281988,1.281,True,209.12,209119.17,-668.17,-0.32,-2987.0,-1.43
2026-03-09T04:14:57.860343Z,20866.0,21249.0,208669.0,211654.0,5090.48,5090.48,No Data,False,1.2815,1.281988,1.281,True,209.73,209732.65,-1063.65,-0.51,-2985.0,-1.43
2026-03-09T05:36:16.644093Z,20865.0,21247.0,208658.0,211638.0,5107.74,5107.74,No Data,False,1.2815,1.281988,1.281,True,210.44,210443.78,-1785.78,-0.85,-2980.0,-1.43
2026-03-09T06:39:47.361788Z,21014.0,21397.0,210147.0,213130.0,5114.79,5114.79,No Data,False,1.2815,1.281988,1.281,True,210.73,210734.25,-587.25,-0.28,-2983.0,-1.42
2026-03-09T07:38:02.169665Z,20882.0,21265.0,208829.0,211811.0,5103.0,5103.0,No Data,False,1.2815,1.281988,1.281,True,210.25,210248.49,-1419.49,-0.68,-2982.0,-1.43
2026-03-09T08:06:06.474325Z,20882.0,21265.0,208829.0,211811.0,5105.5,5105.5,No Data,False,1.2815,1.281988,1.281,True,210.35,210351.49,-1522.49,-0.72,-2982.0,-1.43
2026-03-09T09:03:46.473884Z,20890.0,21273.0,208912.0,211893.0,5100.83,5100.83,No Data,False,1.2815,1.281988,1.281,True,210.16,210159.08,-1247.08,-0.59,-2981.0,-1.43
2026-03-09T10:09:14.957243Z,20882.0,21265.0,208832.0,211811.0,5106.38,5106.38,No Data,False,1.2815,1.281988,1.281,True,210.39,210387.75,-1555.75,-0.74,-2979.0,-1.43
2026-03-09T11:05:34.258382Z,20820.0,21203.0,208215.0,211193.0,5095.32,5095.32,No Data,False,1.2815,1.281988,1.281,True,209.93,209932.07,-1717.07,-0.82,-2978.0,-1.43
2026-03-09T11:51:16.538900Z,20820.0,21203.0,208215.0,211193.0,5085.2,5085.2,No Data,False,1.2815,1.281988,1.281,True,209.52,209515.11,-1300.11,-0.62,-2978.0,-1.43
2026-03-09T12:56:17.415881Z,20874.0,21256.0,208750.0,211728.0,5093.46,5093.46,No Data,False,1.2815,1.281988,1.281,True,209.86,209855.43,-1105.43,-0.53,-2978.0,-1.43
2026-03-09T14:05:49.294366Z,20734.0,21116.0,207353.0,210328.0,5084.69,5084.69,No Data,False,1.2815,1.281988,1.281,True,209.49,209494.1,-2141.1,-1.02,-2975.0,-1.43
2026-03-09T15:13:07.739072Z,20817.0,21198.0,208176.0,211151.0,5080.92,5080.92,No Data,False,1.281,1.281988,1.2801,True,209.27,209265.26,-1089.26,-0.52,-2975.0,-1.43
2026-03-09T16:15:11.595628Z,20817.0,21198.0,208176.0,211151.0,5103.24,5103.24,No Data,False,1.281,1.281988,1.2801,True,210.18,210184.54,-2008.54,-0.96,-2975.0,-1.43
2026-03-09T17:11:46.012432Z,20817.0,21198.0,208176.0,211151.0,5099.43,5099.43,No Data,False,1.281,1.281988,1.2801,True,210.03,210027.62,-1851.62,-0.88,-2975.0,-1.43
2026-03-09T18:02:53.797455Z,20817.0,21198.0,208176.0,211151.0,5094.61,5094.61,No Data,False,1.281,1.281988,1.2801,True,209.83,209829.11,-1653.11,-0.79,-2975.0,-1.43
2026-03-09T19:11:44.832758Z,20817.0,21198.0,208176.0,211151.0,5123.6,5123.6,No Data,False,1.281,1.281988,1.2801,True,211.02,211023.1,-2847.1,-1.35,-2975.0,-1.43
2026-03-09T19:53:33.371436Z,20817.0,21198.0,208176.0,211151.0,5132.19,5132.19,No Data,False,1.281,1.281988,1.2801,True,211.38,211376.89,-3200.89,-1.51,-2975.0,-1.43
2026-03-09T20:30:46.664849Z,20817.0,21198.0,208176.0,211151.0,5136.72,5136.72,No Data,False,1.281,1.281988,1.2801,True,211.56,211563.47,-3387.47,-1.6,-2975.0,-1.43
2026-03-09T21:02:10.115072Z,20817.0,21198.0,208176.0,211151.0,5136.91,5136.9121,No Data,False,1.281,1.281988,1.2801,True,211.57,211571.38,-3395.38,-1.6,-2975.0,-1.43
2026-03-09T21:48:53.529249Z,20817.0,21198.0,208176.0,211151.0,5135.37,5135.3677,No Data,False,1.281,1.281988,1.2801,True,211.51,211507.77,-3331.77,-1.58,-2975.0,-1.43
2026-03-09T22:25:23.042939Z,20817.0,21198.0,208176.0,211151.0,5123.21,5123.21,No Data,False,1.281,1.281988,1.2801,True,211.01,211007.04,-2831.04,-1.34,-2975.0,-1.43
2026-03-09T22:58:49.337078Z,20817.0,21198.0,208176.0,211151.0,5144.81,5144.81,No Data,False,1.281,1.281988,1.2801,True,211.9,211896.67,-3720.67,-1.76,-2975.0,-1.43
2026-03-09T23:35:06.596454Z,20817.0,21198.0,208176.0,211151.0,5142.56,5142.56,No Data,False,1.281,1.281988,1.2801,True,211.8,211804.0,-3628.0,-1.71,-2975.0,-1.43
2026-03-09T23:54:24.521959Z,20817.0,21198.0,208176.0,211151.0,5140.49,5140.49,No Data,False,1.281,1.281988,1.2801,True,211.72,211718.74,-3542.74,-1.67,-2975.0,-1.43
2026-03-10T01:47:04.570637Z,21038.0,21420.0,210392.0,213364.0,5168.8,5168.8,No Data,False,1.2786,1.277086,1.2801,True,212.48,212477.42,-2085.42,-0.98,-2972.0,-1.41
2026-03-10T04:06:52.610694Z,21038.0,21420.0,210392.0,213364.0,5155.15,5155.15,No Data,False,1.2786,1.277086,1.2801,True,211.92,211916.3,-1524.3,-0.72,-2972.0,-1.41
2026-03-10T05:16:37.610524Z,21030.0,21411.0,210309.0,213281.0,5173.12,5173.12,No Data,False,1.2786,1.277086,1.2801,True,212.66,212655.01,-2346.01,-1.1,-2972.0,-1.41
2026-03-10T06:02:33.654605Z,21047.0,21428.0,210481.0,213452.0,5179.39,5179.39,No Data,False,1.2786,1.277086,1.2801,True,212.91,212912.75,-2431.75,-1.14,-2971.0,-1.41
2026-03-10T07:09:55.473274Z,21046.0,21427.0,210471.0,213440.0,5172.67,5172.67,No Data,False,1.2786,1.277086,1.2801,True,212.64,212636.51,-2165.51,-1.02,-2969.0,-1.41
2026-03-10T07:56:18.389551Z,20984.0,21365.0,209854.0,212818.0,5178.36,5178.36,No Data,False,1.2786,1.277086,1.2801,True,212.87,212870.41,-3016.41,-1.42,-2964.0,-1.41
2026-03-10T08:41:26.093216Z,21043.0,21424.0,210442.0,213408.0,5189.17,5189.17,No Data,False,1.2786,1.277086,1.2801,True,213.31,213314.79,-2872.79,-1.35,-2966.0,-1.41
2026-03-10T09:40:18.648225Z,21075.0,21456.0,210764.0,213732.0,5182.88,5182.88,No Data,False,1.2786,1.277086,1.2801,True,213.06,213056.22,-2292.22,-1.08,-2968.0,-1.41
2026-03-10T10:36:20.328880Z,21075.0,21456.0,210764.0,213732.0,5168.65,5168.65,No Data,False,1.2786,1.277086,1.2801,True,212.47,212471.26,-1707.26,-0.8,-2968.0,-1.41
2026-03-10T11:18:41.207811Z,21038.0,21419.0,210394.0,213360.0,5180.24,5180.24,No Data,False,1.2786,1.277086,1.2801,True,212.95,212947.69,-2553.69,-1.2,-2966.0,-1.41
2026-03-10T11:50:11.282700Z,21038.0,21419.0,210394.0,213360.0,5173.08,5173.08,No Data,False,1.2786,1.277086,1.2801,True,212.65,212653.36,-2259.36,-1.06,-2966.0,-1.41
2026-03-10T12:54:14.480742Z,21022.0,21403.0,210233.0,213201.0,5181.09,5181.09,No Data,False,1.2786,1.277086,1.2801,True,212.98,212982.64,-2749.64,-1.29,-2968.0,-1.41
2026-03-10T14:02:50.147934Z,21128.0,21509.0,211288.0,214257.0,5204.29,5204.29,No Data,False,1.2786,1.277086,1.2801,True,213.94,213936.33,-2648.33,-1.24,-2969.0,-1.41
2026-03-10T15:12:35.083798Z,21152.0,21533.0,211532.0,214500.0,5216.37,5216.37,No Data,False,1.2746,1.277086,1.2722,True,213.77,213770.46,-2238.46,-1.05,-2968.0,-1.4
2026-03-10T16:16:39.595472Z,21152.0,21533.0,211532.0,214500.0,5223.48,5223.48,No Data,False,1.2746,1.277086,1.2722,True,214.06,214061.83,-2529.83,-1.18,-2968.0,-1.4
2026-03-10T17:10:53.990073Z,21152.0,21533.0,211532.0,214500.0,5231.47,5231.47,No Data,False,1.2746,1.277086,1.2722,True,214.39,214389.27,-2857.27,-1.33,-2968.0,-1.4
2026-03-10T18:02:45.931915Z,21152.0,21533.0,211532.0,214500.0,5220.29,5220.29,No Data,False,1.2746,1.277086,1.2722,True,213.93,213931.1,-2399.1,-1.12,-2968.0,-1.4
2026-03-10T19:10:01.544373Z,21152.0,21533.0,211532.0,214500.0,5193.15,5193.15,No Data,False,1.2746,1.277086,1.2722,True,212.82,212818.89,-1286.89,-0.6,-2968.0,-1.4
2026-03-10T19:53:45.883319Z,21152.0,21533.0,211532.0,214500.0,5193.09,5193.09,No Data,False,1.2746,1.277086,1.2722,True,212.82,212816.43,-1284.43,-0.6,-2968.0,-1.4
2026-03-10T20:30:01.826881Z,21152.0,21533.0,211532.0,214500.0,5196.22,5196.22,No Data,False,1.2746,1.277086,1.2722,True,212.94,212944.7,-1412.7,-0.66,-2968.0,-1.4
2026-03-10T21:01:24.740520Z,21152.0,21533.0,211532.0,214500.0,5191.31,5191.3076,No Data,False,1.2746,1.277086,1.2722,True,212.74,212743.39,-1211.39,-0.57,-2968.0,-1.4
2026-03-10T21:44:15.170015Z,21152.0,21533.0,211532.0,214500.0,5191.31,5191.3076,No Data,False,1.2746,1.277086,1.2722,True,212.74,212743.39,-1211.39,-0.57,-2968.0,-1.4
2026-03-10T22:25:01.551978Z,21152.0,21533.0,211532.0,214500.0,5191.1,5191.1,No Data,False,1.2746,1.277086,1.2722,True,212.73,212734.88,-1202.88,-0.57,-2968.0,-1.4
2026-03-10T22:57:54.925517Z,21152.0,21533.0,211532.0,214500.0,5187.91,5187.9116,No Data,False,1.2746,1.277086,1.2722,True,212.6,212604.22,-1072.22,-0.5,-2968.0,-1.4
2026-03-10T23:32:23.468336Z,21152.0,21533.0,211532.0,214500.0,5192.67,5192.67,No Data,False,1.2746,1.277086,1.2722,True,212.8,212799.22,-1267.22,-0.6,-2968.0,-1.4
2026-03-10T23:55:10.838581Z,21152.0,21533.0,211532.0,214500.0,5191.59,5191.59,No Data,False,1.2746,1.277086,1.2722,True,212.75,212754.96,-1222.96,-0.57,-2968.0,-1.4
2026-03-11T01:46:56.798551Z,21218.0,21558.0,212193.0,214753.0,5215.19,5215.19,No Data,False,1.2726,1.272969,1.2722,True,213.38,213376.95,-1183.95,-0.55,-2560.0,-1.21
2026-03-11T04:07:30.610125Z,21148.0,21487.0,211488.0,214046.0,5203.29,5203.29,No Data,False,1.2726,1.272969,1.2722,True,212.89,212890.07,-1402.07,-0.66,-2558.0,-1.21
2026-03-11T05:18:10.243721Z,21104.0,21443.0,211045.0,213601.0,5204.74,5204.74,No Data,False,1.2726,1.272969,1.2722,True,212.95,212949.39,-1904.39,-0.89,-2556.0,-1.21
2026-03-11T06:05:35.217216Z,21086.0,21426.0,210874.0,213430.0,5199.69,5199.69,No Data,False,1.2726,1.272969,1.2722,True,212.74,212742.77,-1868.77,-0.88,-2556.0,-1.21
2026-03-11T07:13:11.387600Z,21100.0,21440.0,211013.0,213569.0,5197.46,5197.46,No Data,False,1.2726,1.272969,1.2722,True,212.65,212651.54,-1638.54,-0.77,-2556.0,-1.21
2026-03-11T07:56:52.682747Z,21083.0,21422.0,210836.0,213393.0,5194.39,5194.39,No Data,False,1.2726,1.272969,1.2722,True,212.53,212525.93,-1689.93,-0.8,-2557.0,-1.21
2026-03-11T08:43:21.955594Z,21091.0,21431.0,210920.0,213479.0,5182.76,5182.76,No Data,False,1.2726,1.272969,1.2722,True,212.05,212050.09,-1130.09,-0.53,-2559.0,-1.21
2026-03-11T09:39:38.663120Z,21121.0,21461.0,211216.0,213777.0,5193.74,5193.74,No Data,False,1.2726,1.272969,1.2722,True,212.5,212499.33,-1283.33,-0.6,-2561.0,-1.21
2026-03-11T10:23:32.334701Z,21153.0,21494.0,211543.0,214105.0,5193.29,5193.29,No Data,False,1.2726,1.272969,1.2722,True,212.48,212480.92,-937.92,-0.44,-2562.0,-1.21
2026-03-11T11:18:19.309686Z,21153.0,21494.0,211543.0,214105.0,5186.47,5186.47,No Data,False,1.2726,1.272969,1.2722,True,212.2,212201.89,-658.89,-0.31,-2562.0,-1.21
2026-03-11T11:50:08.522530Z,21092.0,21432.0,210929.0,213488.0,5186.29,5186.29,No Data,False,1.2726,1.272969,1.2722,True,212.19,212194.52,-1265.52,-0.6,-2559.0,-1.21
2026-03-11T12:53:41.268649Z,21133.0,21473.0,211339.0,213900.0,5173.74,5173.74,No Data,False,1.2726,1.272969,1.2722,True,211.68,211681.04,-342.04,-0.16,-2561.0,-1.21
2026-03-11T14:04:25.472142Z,21088.0,21428.0,210891.0,213452.0,5181.39,5181.39,No Data,False,1.2726,1.272969,1.2722,True,211.99,211994.04,-1103.04,-0.52,-2561.0,-1.21
2026-03-11T15:08:13.601685Z,21067.0,21407.0,210682.0,213241.0,5179.3,5179.3,No Data,False,1.2736,1.272969,1.2742,True,212.08,212075.05,-1393.05,-0.66,-2559.0,-1.21
2026-03-11T16:05:21.439108Z,21067.0,21407.0,210682.0,213241.0,5168.49,5168.49,No Data,False,1.2736,1.272969,1.2742,True,211.63,211632.41,-950.41,-0.45,-2559.0,-1.21
2026-03-11T17:12:28.229492Z,21067.0,21407.0,210682.0,213241.0,5176.08,5176.08,No Data,False,1.2736,1.272969,1.2742,True,211.94,211943.2,-1261.2,-0.6,-2559.0,-1.21
2026-03-11T18:05:39.939169Z,21067.0,21407.0,210682.0,213241.0,5169.48,5169.48,No Data,False,1.2736,1.272969,1.2742,True,211.67,211672.95,-990.95,-0.47,-2559.0,-1.21
2026-03-11T19:12:00.522360Z,21067.0,21407.0,210682.0,213241.0,5172.85,5172.85,No Data,False,1.2736,1.272969,1.2742,True,211.81,211810.94,-1128.94,-0.53,-2559.0,-1.21
2026-03-11T19:53:22.034559Z,21067.0,21407.0,210682.0,213241.0,5177.77,5177.77,No Data,False,1.2736,1.272969,1.2742,True,212.01,212012.4,-1330.4,-0.63,-2559.0,-1.21
2026-03-11T20:30:40.581816Z,21067.0,21407.0,210682.0,213241.0,5177.55,5177.55,No Data,False,1.2736,1.272969,1.2742,True,212.0,212003.39,-1321.39,-0.62,-2559.0,-1.21
2026-03-11T21:01:07.204683Z,21067.0,21407.0,210682.0,213241.0,5174.81,5174.81,No Data,False,1.2736,1.272969,1.2742,True,211.89,211891.2,-1209.2,-0.57,-2559.0,-1.21
2026-03-11T21:49:07.360545Z,21067.0,21407.0,210682.0,213241.0,5175.87,5175.87,No Data,False,1.2736,1.272969,1.2742,True,211.93,211934.6,-1252.6,-0.59,-2559.0,-1.21
2026-03-11T22:24:07.759864Z,21067.0,21407.0,210682.0,213241.0,5174.1,5174.1,No Data,False,1.2736,1.272969,1.2742,True,211.86,211862.12,-1180.12,-0.56,-2559.0,-1.21
2026-03-11T22:55:16.747535Z,21067.0,21407.0,210682.0,213241.0,5155.69,5155.69,No Data,False,1.2736,1.272969,1.2742,True,211.11,211108.3,-426.3,-0.2,-2559.0,-1.21
2026-03-11T23:22:11.474755Z,21067.0,21407.0,210682.0,213241.0,5154.35,5154.3462,No Data,False,1.2736,1.272969,1.2742,True,211.05,211053.27,-371.27,-0.18,-2559.0,-1.21
2026-03-11T23:55:01.881085Z,21067.0,21407.0,210682.0,213241.0,5139.76,5139.76,No Data,False,1.2736,1.272969,1.2742,True,210.46,210456.02,225.98,0.11,-2559.0,-1.21
2026-03-12T01:50:06.705447Z,21009.0,21349.0,210104.0,212664.0,5170.37,5170.37,No Data,False,1.2744,1.27458,1.2742,True,211.84,211843.29,-1739.29,-0.82,-2560.0,-1.22
2026-03-12T04:11:41.549704Z,21018.0,21358.0,210188.0,212750.0,5151.46,5151.46,No Data,False,1.2744,1.27458,1.2742,True,211.07,211068.5,-880.5,-0.42,-2562.0,-1.22
2026-03-12T05:31:08.786972Z,20987.0,21327.0,209876.0,212437.0,5144.1,5144.1,No Data,False,1.2744,1.27458,1.2742,True,210.77,210766.94,-890.94,-0.42,-2561.0,-1.22
2026-03-12T06:31:38.712660Z,21006.0,21347.0,210073.0,212635.0,5155.61,5155.61,No Data,False,1.2744,1.27458,1.2742,True,211.24,211238.54,-1165.54,-0.55,-2562.0,-1.22
2026-03-12T07:31:51.845981Z,21079.0,21420.0,210802.0,213364.0,5169.2,5169.2,No Data,False,1.2744,1.27458,1.2742,True,211.8,211795.35,-993.35,-0.47,-2562.0,-1.22
2026-03-12T08:05:32.431167Z,21120.0,21461.0,211211.0,213775.0,5182.96,5182.96,No Data,False,1.2744,1.27458,1.2742,True,212.36,212359.14,-1148.14,-0.54,-2564.0,-1.21
2026-03-12T09:03:47.606314Z,21120.0,21461.0,211211.0,213775.0,5178.55,5178.55,No Data,False,1.2744,1.27458,1.2742,True,212.18,212178.45,-967.45,-0.46,-2564.0,-1.21
2026-03-12T10:02:18.436205Z,21146.0,21486.0,211466.0,214030.0,5188.29,5188.29,No Data,False,1.2744,1.27458,1.2742,True,212.58,212577.52,-1111.52,-0.52,-2564.0,-1.21
2026-03-12T11:01:58.342970Z,21129.0,21470.0,211301.0,213864.0,5181.98,5181.98,No Data,False,1.2744,1.27458,1.2742,True,212.32,212318.98,-1017.98,-0.48,-2563.0,-1.21
2026-03-12T11:45:11.597096Z,21096.0,21437.0,210973.0,213536.0,5179.24,5179.2373,No Data,False,1.2744,1.27458,1.2742,True,212.21,212206.61,-1233.61,-0.58,-2563.0,-1.21
2026-03-12T12:53:50.768397Z,21071.0,21411.0,210720.0,213282.0,5182.98,5182.98,No Data,False,1.2744,1.27458,1.2742,True,212.36,212359.96,-1639.96,-0.77,-2562.0,-1.22
2026-03-12T14:01:59.706125Z,21030.0,21371.0,210312.0,212877.0,5156.55,5156.55,No Data,False,1.2744,1.27458,1.2742,True,211.28,211277.05,-965.05,-0.46,-2565.0,-1.22
2026-03-12T15:11:24.117208Z,21013.0,21354.0,210140.0,212705.0,5132.23,5132.23,No Data,False,1.2749,1.27458,1.2753,True,210.37,210371.35,-231.35,-0.11,-2565.0,-1.22
2026-03-12T16:17:05.146729Z,21013.0,21354.0,210140.0,212705.0,5129.87,5129.87,No Data,False,1.2749,1.27458,1.2753,True,210.27,210274.61,-134.61,-0.06,-2565.0,-1.22
2026-03-12T17:13:39.795004Z,21013.0,21354.0,210140.0,212705.0,5125.42,5125.42,No Data,False,1.2749,1.27458,1.2753,True,210.09,210092.21,47.79,0.02,-2565.0,-1.22
2026-03-12T18:04:34.601295Z,21013.0,21354.0,210140.0,212705.0,5109.54,5109.54,No Data,False,1.2749,1.27458,1.2753,True,209.44,209441.28,698.72,0.33,-2565.0,-1.22
2026-03-12T19:12:54.695976Z,21013.0,21354.0,210140.0,212705.0,5092.46,5092.46,No Data,False,1.2749,1.27458,1.2753,True,208.74,208741.17,1398.83,0.67,-2565.0,-1.22
2026-03-12T19:54:39.188520Z,21013.0,21354.0,210140.0,212705.0,5094.78,5094.78,No Data,False,1.2749,1.27458,1.2753,True,208.84,208836.27,1303.73,0.62,-2565.0,-1.22
2026-03-12T20:31:10.790466Z,21013.0,21354.0,210140.0,212705.0,5057.21,5057.21,No Data,False,1.2749,1.27458,1.2753,True,207.3,207296.26,2843.74,1.37,-2565.0,-1.22
2026-03-12T21:03:10.938999Z,21013.0,21354.0,210140.0,212705.0,5078.83,5078.83,No Data,False,1.2749,1.27458,1.2753,True,208.18,208182.47,1957.53,0.94,-2565.0,-1.22
2026-03-12T21:49:37.727307Z,21013.0,21354.0,210140.0,212705.0,5078.89,5078.8926,No Data,False,1.2749,1.27458,1.2753,True,208.19,208185.04,1954.96,0.94,-2565.0,-1.22
2026-03-12T22:22:50.122650Z,21013.0,21354.0,210140.0,212705.0,5088.61,5088.61,No Data,False,1.2749,1.27458,1.2753,True,208.58,208583.36,1556.64,0.75,-2565.0,-1.22
2026-03-12T22:57:26.551655Z,21013.0,21354.0,210140.0,212705.0,5093.12,5093.12,No Data,False,1.2749,1.27458,1.2753,True,208.77,208768.22,1371.78,0.66,-2565.0,-1.22
2026-03-12T23:31:27.085495Z,21013.0,21354.0,210140.0,212705.0,5092.44,5092.44,No Data,False,1.2749,1.27458,1.2753,True,208.74,208740.35,1399.65,0.67,-2565.0,-1.22
2026-03-12T23:55:48.305731Z,21013.0,21354.0,210140.0,212705.0,5098.49,5098.49,No Data,False,1.2749,1.27458,1.2753,True,208.99,208988.34,1151.66,0.55,-2565.0,-1.22
2026-03-13T01:57:55.484239Z,20939.0,21280.0,209401.0,211965.0,5117.83,5117.83,No Data,False,1.2764,1.277541,1.2753,True,210.02,210024.7,-623.7,-0.3,-2564.0,-1.22
2026-03-13T04:15:50.154812Z,20911.0,21252.0,209120.0,211686.0,5113.74,5113.74,No Data,False,1.2764,1.277541,1.2753,True,209.86,209856.85,-736.85,-0.35,-2566.0,-1.23
2026-03-13T05:29:10.645610Z,20886.0,21226.0,208866.0,211431.0,5104.68,5104.68,No Data,False,1.2764,1.277541,1.2753,True,209.49,209485.05,-619.05,-0.3,-2565.0,-1.23
2026-03-13T06:30:03.159213Z,20890.0,21231.0,208915.0,211481.0,5090.42,5090.42,No Data,False,1.2764,1.277541,1.2753,True,208.9,208899.85,15.15,0.01,-2566.0,-1.23
2026-03-13T07:31:01.810429Z,20817.0,21158.0,208181.0,210748.0,5084.77,5084.77,No Data,False,1.2764,1.277541,1.2753,True,208.67,208667.98,-486.98,-0.23,-2567.0,-1.23
2026-03-13T08:05:35.268862Z,20844.0,21185.0,208452.0,211019.0,5069.51,5069.51,No Data,False,1.2764,1.277541,1.2753,True,208.04,208041.75,410.25,0.2,-2567.0,-1.23
2026-03-13T09:00:04.078040Z,20796.0,21137.0,207967.0,210533.0,5084.39,5084.39,No Data,False,1.2764,1.277541,1.2753,True,208.65,208652.39,-685.39,-0.33,-2566.0,-1.23
2026-03-13T09:51:58.607723Z,20829.0,21170.0,208296.0,210863.0,5090.06,5090.06,No Data,False,1.2764,1.277541,1.2753,True,208.89,208885.07,-589.07,-0.28,-2567.0,-1.23
2026-03-13T10:33:25.344043Z,20853.0,21194.0,208543.0,211110.0,5085.39,5085.39,No Data,False,1.2764,1.277541,1.2753,True,208.69,208693.43,-150.43,-0.07,-2567.0,-1.23
2026-03-13T11:07:22.624937Z,20853.0,21194.0,208543.0,211110.0,5094.49,5094.49,No Data,False,1.2764,1.277541,1.2753,True,209.07,209066.87,-523.87,-0.25,-2567.0,-1.23
2026-03-13T11:47:20.839892Z,20853.0,21194.0,208543.0,211110.0,5094.19,5094.19,No Data,False,1.2764,1.277541,1.2753,True,209.05,209054.56,-511.56,-0.24,-2567.0,-1.23
2026-03-13T12:52:47.499415Z,20899.0,21240.0,208997.0,211563.0,5118.66,5118.66,No Data,False,1.2764,1.277541,1.2753,True,210.06,210058.76,-1061.76,-0.51,-2566.0,-1.23
2026-03-13T13:58:41.327879Z,20932.0,21273.0,209326.0,211892.0,5099.69,5099.69,No Data,False,1.2764,1.277541,1.2753,True,209.28,209280.27,45.73,0.02,-2566.0,-1.23
2026-03-13T14:50:48.780682Z,20825.0,21166.0,208257.0,210822.0,5075.99,5075.99,No Data,False,1.2764,1.277541,1.2753,True,208.31,208307.67,-50.67,-0.02,-2565.0,-1.23
2026-03-13T15:39:18.650450Z,20825.0,21166.0,208257.0,210822.0,5058.78,5058.78,No Data,False,1.2786,1.277541,1.2796,True,207.95,207951.09,305.91,0.15,-2565.0,-1.23
2026-03-13T16:20:00.668723Z,20825.0,21166.0,208257.0,210822.0,5030.89,5030.89,No Data,False,1.2786,1.277541,1.2796,True,206.8,206804.62,1452.38,0.7,-2565.0,-1.23
2026-03-13T17:02:06.355638Z,20825.0,21166.0,208257.0,210822.0,5045.23,5045.23,No Data,False,1.2786,1.277541,1.2796,True,207.39,207394.1,862.9,0.42,-2565.0,-1.23
2026-03-13T17:53:18.823129Z,20825.0,21166.0,208257.0,210822.0,5046.59,5046.59,No Data,False,1.2786,1.277541,1.2796,True,207.45,207450.0,807.0,0.39,-2565.0,-1.23
2026-03-13T18:37:24.069873Z,20825.0,21166.0,208257.0,210822.0,5044.98,5044.98,No Data,False,1.2786,1.277541,1.2796,True,207.38,207383.82,873.18,0.42,-2565.0,-1.23
2026-03-13T19:20:17.381809Z,20825.0,21166.0,208257.0,210822.0,5035.46,5035.46,No Data,False,1.2786,1.277541,1.2796,True,206.99,206992.48,1264.52,0.61,-2565.0,-1.23
2026-03-13T19:58:50.018727Z,20825.0,21166.0,208257.0,210822.0,5018.17,5018.17,No Data,False,1.2786,1.277541,1.2796,True,206.28,206281.74,1975.26,0.96,-2565.0,-1.23
2026-03-13T20:43:20.527881Z,20825.0,21166.0,208257.0,210822.0,5021.19,5021.19,No Data,False,1.2786,1.277541,1.2796,True,206.41,206405.88,1851.12,0.9,-2565.0,-1.23
2026-03-13T21:29:26.492631Z,20825.0,21166.0,208257.0,210822.0,5018.67,5018.67,No Data,False,1.2786,1.277541,1.2796,True,206.3,206302.29,1954.71,0.95,-2565.0,-1.23
2026-03-13T21:58:54.382495Z,20825.0,21166.0,208257.0,210822.0,5018.43,5018.4277,No Data,False,1.2786,1.277541,1.2796,True,206.29,206292.33,1964.67,0.95,-2565.0,-1.23
2026-03-13T22:34:51.941639Z,20825.0,21166.0,208257.0,210822.0,5018.67,5018.67,No Data,False,1.2786,1.277541,1.2796,True,206.3,206302.29,1954.71,0.95,-2565.0,-1.23
2026-03-13T22:58:26.013251Z,20825.0,21166.0,208257.0,210822.0,5018.43,5018.4277,No Data,False,1.2786,1.277541,1.2796,True,206.29,206292.33,1964.67,0.95,-2565.0,-1.23
2026-03-13T23:34:16.288582Z,20825.0,21166.0,208257.0,210822.0,5018.67,5018.67,No Data,False,1.2786,1.277541,1.2796,True,206.3,206302.29,1954.71,0.95,-2565.0,-1.23
2026-03-13T23:56:47.320854Z,20825.0,21166.0,208257.0,210822.0,5018.67,5018.67,No Data,False,1.2786,1.277541,1.2796,True,206.3,206302.29,1954.71,0.95,-2565.0,-1.23
2026-03-14T02:06:40.221270Z,20825.0,21166.0,208257.0,210822.0,5018.67,5018.67,No Data,False,1.2804,1.281213,1.2796,True,206.6,206598.54,1658.46,0.8,-2565.0,-1.23
2026-03-14T04:19:41.305299Z,20825.0,21166.0,208257.0,210822.0,5018.67,5018.67,No Data,False,1.2804,1.281213,1.2796,True,206.6,206598.54,1658.46,0.8,-2565.0,-1.23
2026-03-14T05:26:44.333758Z,20825.0,21166.0,208257.0,210822.0,5018.43,5018.43,No Data,False,1.2804,1.281213,1.2796,True,206.59,206588.66,1668.34,0.81,-2565.0,-1.23
2026-03-14T06:26:25.911991Z,20825.0,21166.0,208257.0,210822.0,5018.43,5018.4277,No Data,False,1.2804,1.281213,1.2796,True,206.59,206588.57,1668.43,0.81,-2565.0,-1.23
2026-03-14T07:22:55.936512Z,20825.0,21166.0,208257.0,210822.0,5018.43,5018.4277,No Data,False,1.2804,1.281213,1.2796,True,206.59,206588.57,1668.43,0.81,-2565.0,-1.23
2026-03-14T07:58:36.545878Z,20825.0,21166.0,208257.0,210822.0,5018.43,5018.4277,No Data,False,1.2804,1.281213,1.2796,True,206.59,206588.57,1668.43,0.81,-2565.0,-1.23
2026-03-14T08:43:10.576516Z,20825.0,21166.0,208257.0,210822.0,5018.43,5018.43,No Data,False,1.2804,1.281213,1.2796,True,206.59,206588.66,1668.34,0.81,-2565.0,-1.23
2026-03-14T09:29:31.884568Z,20825.0,21166.0,208257.0,210822.0,5018.43,5018.43,No Data,False,1.2804,1.281213,1.2796,True,206.59,206588.66,1668.34,0.81,-2565.0,-1.23
2026-03-14T09:58:20.632939Z,20825.0,21166.0,208257.0,210822.0,5018.43,5018.43,No Data,False,1.2804,1.281213,1.2796,True,206.59,206588.66,1668.34,0.81,-2565.0,-1.23
2026-03-14T10:34:08.949574Z,20825.0,21166.0,208257.0,210822.0,5018.43,5018.4277,No Data,False,1.2804,1.281213,1.2796,True,206.59,206588.57,1668.43,0.81,-2565.0,-1.23
2026-03-14T10:58:12.731996Z,20825.0,21166.0,208257.0,210822.0,5018.43,5018.43,No Data,False,1.2804,1.281213,1.2796,True,206.59,206588.66,1668.34,0.81,-2565.0,-1.23
2026-03-14T11:29:29.554213Z,20825.0,21166.0,208257.0,210822.0,5018.43,5018.4277,No Data,False,1.2804,1.281213,1.2796,True,206.59,206588.57,1668.43,0.81,-2565.0,-1.23
2026-03-14T11:53:27.821070Z,20825.0,21166.0,208257.0,210822.0,5018.43,5018.43,No Data,False,1.2804,1.281213,1.2796,True,206.59,206588.66,1668.34,0.81,-2565.0,-1.23
2026-03-14T12:43:22.021892Z,20825.0,21166.0,208257.0,210822.0,5018.43,5018.43,No Data,False,1.2804,1.281213,1.2796,True,206.59,206588.66,1668.34,0.81,-2565.0,-1.23
2026-03-14T13:43:20.126390Z,20825.0,21166.0,208257.0,210822.0,5018.43,5018.4277,No Data,False,1.2804,1.281213,1.2796,True,206.59,206588.57,1668.43,0.81,-2565.0,-1.23
2026-03-14T14:25:59.902950Z,20825.0,21166.0,208257.0,210822.0,5018.43,5018.43,No Data,False,1.2804,1.281213,1.2796,True,206.59,206588.66,1668.34,0.81,-2565.0,-1.23
2026-03-14T14:58:58.306021Z,20825.0,21166.0,208257.0,210822.0,5018.43,5018.4277,No Data,False,1.2804,1.281213,1.2796,True,206.59,206588.57,1668.43,0.81,-2565.0,-1.23
2026-03-14T15:34:32.810461Z,20825.0,21166.0,208257.0,210822.0,5018.43,5018.43,No Data,False,1.2804,1.281213,1.2796,True,206.59,206588.66,1668.34,0.81,-2565.0,-1.23
2026-03-14T15:54:13.616399Z,20825.0,21166.0,208257.0,210822.0,5018.43,5018.4277,No Data,False,1.2804,1.281213,1.2796,True,206.59,206588.57,1668.43,0.81,-2565.0,-1.23
2026-03-14T16:28:00.525013Z,20825.0,21166.0,208257.0,210822.0,5018.43,5018.43,No Data,False,1.2804,1.281213,1.2796,True,206.59,206588.66,1668.34,0.81,-2565.0,-1.23
2026-03-14T16:59:51.229450Z,20825.0,21166.0,208257.0,210822.0,5018.43,5018.4277,No Data,False,1.2804,1.281213,1.2796,True,206.59,206588.57,1668.43,0.81,-2565.0,-1.23
2026-03-14T17:35:31.859800Z,20825.0,21166.0,208257.0,210822.0,5018.43,5018.4277,No Data,False,1.2804,1.281213,1.2796,True,206.59,206588.57,1668.43,0.81,-2565.0,-1.23
2026-03-14T17:55:35.982015Z,20825.0,21166.0,208257.0,210822.0,5018.43,5018.43,No Data,False,1.2804,1.281213,1.2796,True,206.59,206588.66,1668.34,0.81,-2565.0,-1.23
2026-03-14T18:35:49.011752Z,20825.0,21166.0,208257.0,210822.0,5018.43,5018.43,No Data,False,1.2804,1.281213,1.2796,True,206.59,206588.66,1668.34,0.81,-2565.0,-1.23
2026-03-14T19:05:59.283834Z,20825.0,21166.0,208257.0,210822.0,5018.43,5018.4277,No Data,False,1.2804,1.281213,1.2796,True,206.59,206588.57,1668.43,0.81,-2565.0,-1.23
2026-03-14T19:42:52.633177Z,20825.0,21166.0,208257.0,210822.0,5018.43,5018.43,No Data,False,1.2804,1.281213,1.2796,True,206.59,206588.66,1668.34,0.81,-2565.0,-1.23
2026-03-14T20:24:34.428961Z,20825.0,21166.0,208257.0,210822.0,5018.43,5018.43,No Data,False,1.2804,1.281213,1.2796,True,206.59,206588.66,1668.34,0.81,-2565.0,-1.23
2026-03-14T20:56:52.574557Z,20825.0,21166.0,208257.0,210822.0,5018.43,5018.4277,No Data,False,1.2804,1.281213,1.2796,True,206.59,206588.57,1668.43,0.81,-2565.0,-1.23
2026-03-14T21:28:24.798198Z,20825.0,21166.0,208257.0,210822.0,5018.43,5018.43,No Data,False,1.2804,1.281213,1.2796,True,206.59,206588.66,1668.34,0.81,-2565.0,-1.23
2026-03-14T21:53:46.268887Z,20825.0,21166.0,208257.0,210822.0,5018.43,5018.43,No Data,False,1.2804,1.281213,1.2796,True,206.59,206588.66,1668.34,0.81,-2565.0,-1.23
2026-03-14T22:22:32.359467Z,20825.0,21166.0,208257.0,210822.0,5018.43,5018.43,No Data,False,1.2804,1.281213,1.2796,True,206.59,206588.66,1668.34,0.81,-2565.0,-1.23
2026-03-14T22:57:45.137433Z,20825.0,21166.0,208257.0,210822.0,5018.43,5018.43,No Data,False,1.2804,1.281213,1.2796,True,206.59,206588.66,1668.34,0.81,-2565.0,-1.23
2026-03-14T23:32:21.139030Z,20825.0,21166.0,208257.0,210822.0,5018.43,5018.43,No Data,False,1.2804,1.281213,1.2796,True,206.59,206588.66,1668.34,0.81,-2565.0,-1.23
2026-03-14T23:56:32.920789Z,20825.0,21166.0,208257.0,210822.0,5018.43,5018.4277,No Data,False,1.2804,1.281213,1.2796,True,206.59,206588.57,1668.43,0.81,-2565.0,-1.23
2026-03-15T02:28:43.956902Z,20825.0,21166.0,208257.0,210822.0,5018.43,5018.43,No Data,False,1.2801,1.280542,1.2796,True,206.53,206534.53,1722.47,0.83,-2565.0,-1.23
2026-03-15T04:55:56.216676Z,20825.0,21166.0,208257.0,210822.0,5018.43,5018.43,No Data,False,1.2801,1.280542,1.2796,True,206.53,206534.53,1722.47,0.83,-2565.0,-1.23
2026-03-15T06:04:27.883552Z,20825.0,21166.0,208257.0,210822.0,5018.43,5018.43,No Data,False,1.2801,1.280542,1.2796,True,206.53,206534.53,1722.47,0.83,-2565.0,-1.23
2026-03-15T07:14:56.965640Z,20825.0,21166.0,208257.0,210822.0,5018.43,5018.43,No Data,False,1.2801,1.280542,1.2796,True,206.53,206534.53,1722.47,0.83,-2565.0,-1.23
2026-03-15T07:54:25.645120Z,20825.0,21166.0,208257.0,210822.0,5018.43,5018.4277,No Data,False,1.2801,1.280542,1.2796,True,206.53,206534.43,1722.57,0.83,-2565.0,-1.23
2026-03-15T08:33:45.496049Z,20825.0,21166.0,208257.0,210822.0,5018.43,5018.4277,No Data,False,1.2801,1.280542,1.2796,True,206.53,206534.43,1722.57,0.83,-2565.0,-1.23
2026-03-15T09:04:57.905281Z,20825.0,21166.0,208257.0,210822.0,5018.43,5018.43,No Data,False,1.2801,1.280542,1.2796,True,206.53,206534.53,1722.47,0.83,-2565.0,-1.23
2026-03-15T09:50:35.300608Z,20825.0,21166.0,208257.0,210822.0,5018.43,5018.4277,No Data,False,1.2801,1.280542,1.2796,True,206.53,206534.43,1722.57,0.83,-2565.0,-1.23
2026-03-15T10:26:30.529736Z,20825.0,21166.0,208257.0,210822.0,5018.43,5018.4277,No Data,False,1.2801,1.280542,1.2796,True,206.53,206534.43,1722.57,0.83,-2565.0,-1.23
2026-03-15T11:00:33.612952Z,20825.0,21166.0,208257.0,210822.0,5018.43,5018.4277,No Data,False,1.2801,1.280542,1.2796,True,206.53,206534.43,1722.57,0.83,-2565.0,-1.23
2026-03-15T11:42:32.289784Z,20825.0,21166.0,208257.0,210822.0,5018.43,5018.4277,No Data,False,1.2801,1.280542,1.2796,True,206.53,206534.43,1722.57,0.83,-2565.0,-1.23
2026-03-15T12:44:45.253637Z,20825.0,21166.0,208257.0,210822.0,5018.43,5018.4277,No Data,False,1.2801,1.280542,1.2796,True,206.53,206534.43,1722.57,0.83,-2565.0,-1.23
2026-03-15T13:44:00.854121Z,20825.0,21166.0,208257.0,210822.0,5018.43,5018.4277,No Data,False,1.2801,1.280542,1.2796,True,206.53,206534.43,1722.57,0.83,-2565.0,-1.23
2026-03-15T14:27:35.087247Z,20825.0,21166.0,208257.0,210822.0,5018.43,5018.4277,No Data,False,1.2801,1.280542,1.2796,True,206.53,206534.43,1722.57,0.83,-2565.0,-1.23
2026-03-15T14:59:28.222924Z,20825.0,21166.0,208257.0,210822.0,5018.43,5018.4277,No Data,False,1.2801,1.280542,1.2796,True,206.53,206534.43,1722.57,0.83,-2565.0,-1.23
2026-03-15T15:36:59.998381Z,20825.0,21166.0,208257.0,210822.0,5018.43,5018.4277,No Data,False,1.2801,1.280542,1.2796,True,206.53,206534.43,1722.57,0.83,-2565.0,-1.23
2026-03-15T15:56:42.912795Z,20825.0,21166.0,208257.0,210822.0,5018.43,5018.4277,No Data,False,1.2801,1.280542,1.2796,True,206.53,206534.43,1722.57,0.83,-2565.0,-1.23
2026-03-15T16:34:34.586706Z,,,,,5018.43,5018.43,No Data,False,1.2801,1.280542,1.2796,True,206.53,206534.53,,,,
2026-03-15T17:00:25.824397Z,,,,,5018.43,5018.4277,No Data,False,1.2801,1.280542,1.2796,True,206.53,206534.43,,,,
2026-03-15T17:46:48.968083Z,,,,,5018.43,5018.4277,No Data,False,1.2801,1.280542,1.2796,True,206.53,206534.43,,,,
2026-03-15T18:34:51.927615Z,,,,,5018.43,5018.4277,No Data,False,1.2801,1.280542,1.2796,True,206.53,206534.43,,,,
2026-03-15T19:07:03.172473Z,,,,,5018.43,5018.4277,No Data,False,1.2801,1.280542,1.2796,True,206.53,206534.43,,,,
2026-03-15T19:44:11.953521Z,,,,,5018.43,5018.4277,No Data,False,1.2801,1.280542,1.2796,True,206.53,206534.43,,,,
2026-03-15T20:25:58.487542Z,20825.0,21166.0,208257.0,210822.0,5018.43,5018.4277,No Data,False,1.2801,1.280542,1.2796,True,206.53,206534.43,1722.57,0.83,-2565.0,-1.23
2026-03-15T20:57:56.021324Z,20825.0,21166.0,208257.0,210822.0,5018.43,5018.4277,No Data,False,1.2801,1.280542,1.2796,True,206.53,206534.43,1722.57,0.83,-2565.0,-1.23
2026-03-15T21:32:14.657090Z,20825.0,21166.0,208257.0,210822.0,5018.43,5018.4277,No Data,False,1.2801,1.280542,1.2796,True,206.53,206534.43,1722.57,0.83,-2565.0,-1.23
2026-03-15T21:54:54.198434Z,20825.0,21166.0,208257.0,210822.0,5018.43,5018.4277,No Data,False,1.2801,1.280542,1.2796,True,206.53,206534.43,1722.57,0.83,-2565.0,-1.23
2026-03-15T22:24:28.031042Z,20825.0,21166.0,208257.0,210822.0,5010.57,5010.57,No Data,False,1.2801,1.280542,1.2796,True,206.21,206211.05,2045.95,0.99,-2565.0,-1.23
2026-03-15T22:59:11.941728Z,20825.0,21166.0,208257.0,210822.0,5022.41,5022.41,No Data,False,1.2801,1.280542,1.2796,True,206.7,206698.33,1558.67,0.75,-2565.0,-1.23
2026-03-15T23:37:13.551672Z,20825.0,21166.0,208257.0,210822.0,4984.15,4984.15,No Data,False,1.2801,1.280542,1.2796,True,205.12,205123.73,3133.27,1.53,-2565.0,-1.23
2026-03-15T23:57:45.142735Z,20825.0,21166.0,208257.0,210822.0,4994.91,4994.91,No Data,False,1.2801,1.280542,1.2796,True,205.57,205566.56,2690.44,1.31,-2565.0,-1.23
2026-03-16T02:45:44.389629Z,20520.0,20902.0,205208.0,208183.0,5005.73,5005.73,No Data,False,1.2813,1.282903,1.2796,True,206.2,206201.84,-993.84,-0.48,-2975.0,-1.45
2026-03-16T05:12:16.836144Z,20540.0,20922.0,205413.0,208389.0,5013.88,5013.88,No Data,False,1.2813,1.282903,1.2796,True,206.54,206537.57,-1124.57,-0.54,-2976.0,-1.45
2026-03-16T06:49:36.555238Z,20602.0,20984.0,206031.0,209007.0,5011.54,5011.54,No Data,False,1.2813,1.282903,1.2796,True,206.44,206441.18,-410.18,-0.2,-2976.0,-1.44
2026-03-16T08:06:28.199238Z,20459.0,20841.0,204601.0,207577.0,4994.84,4994.84,No Data,False,1.2813,1.282903,1.2796,True,205.75,205753.25,-1152.25,-0.56,-2976.0,-1.45
2026-03-16T09:15:42.019241Z,20417.0,20799.0,204178.0,207152.0,4984.54,4984.54,No Data,False,1.2813,1.282903,1.2796,True,205.33,205328.96,-1150.96,-0.56,-2974.0,-1.46
2026-03-16T10:17:13.714382Z,20339.0,20721.0,203402.0,206372.0,4979.79,4979.79,No Data,False,1.2813,1.282903,1.2796,True,205.13,205133.29,-1731.29,-0.84,-2970.0,-1.46
2026-03-16T11:13:41.504237Z,20413.0,20795.0,204145.0,207116.0,5003.59,5003.59,No Data,False,1.2813,1.282903,1.2796,True,206.11,206113.69,-1968.69,-0.96,-2971.0,-1.46
2026-03-16T11:59:22.069138Z,20459.0,20840.0,204601.0,207571.0,4996.07,4996.07,No Data,False,1.2813,1.282903,1.2796,True,205.8,205803.92,-1202.92,-0.58,-2970.0,-1.45
2026-03-16T13:46:00.846471Z,20529.0,20910.0,205300.0,208271.0,5032.6,5032.6,No Data,False,1.2813,1.282903,1.2796,True,207.31,207308.7,-2008.7,-0.97,-2971.0,-1.45
2026-03-16T14:57:05.534304Z,20418.0,20799.0,204191.0,207160.0,4997.99,4997.99,No Data,False,1.2813,1.282903,1.2796,True,205.88,205883.01,-1692.01,-0.82,-2969.0,-1.45
2026-03-16T16:06:13.646821Z,20418.0,20799.0,204191.0,207160.0,4989.29,4989.29,No Data,False,1.2808,1.282903,1.2786,True,205.44,205444.42,-1253.42,-0.61,-2969.0,-1.45
2026-03-16T17:19:09.330728Z,20418.0,20799.0,204191.0,207160.0,5000.67,5000.67,No Data,False,1.2808,1.282903,1.2786,True,205.91,205913.02,-1722.02,-0.84,-2969.0,-1.45
2026-03-16T18:12:47.700492Z,20418.0,20799.0,204191.0,207160.0,4999.98,4999.98,No Data,False,1.2808,1.282903,1.2786,True,205.88,205884.61,-1693.61,-0.82,-2969.0,-1.45
2026-03-16T19:30:46.433745Z,20418.0,20799.0,204191.0,207160.0,5009.41,5009.41,No Data,False,1.2808,1.282903,1.2786,True,206.27,206272.91,-2081.91,-1.01,-2969.0,-1.45
2026-03-16T20:03:13.875283Z,20418.0,20799.0,204191.0,207160.0,5008.55,5008.55,No Data,False,1.2808,1.282903,1.2786,True,206.24,206237.49,-2046.49,-0.99,-2969.0,-1.45
2026-03-16T20:59:31.224320Z,20418.0,20799.0,204191.0,207160.0,5005.51,5005.5117,No Data,False,1.2808,1.282903,1.2786,True,206.11,206112.39,-1921.39,-0.93,-2969.0,-1.45
2026-03-16T21:50:07.123902Z,20418.0,20799.0,204191.0,207160.0,5004.96,5004.9575,No Data,False,1.2808,1.282903,1.2786,True,206.09,206089.57,-1898.57,-0.92,-2969.0,-1.45
2026-03-16T22:29:43.735179Z,20418.0,20799.0,204191.0,207160.0,5000.07,5000.07,No Data,False,1.2808,1.282903,1.2786,True,205.89,205888.31,-1697.31,-0.82,-2969.0,-1.45
2026-03-16T22:59:54.328437Z,20418.0,20799.0,204191.0,207160.0,5001.53,5001.53,No Data,False,1.2808,1.282903,1.2786,True,205.95,205948.43,-1757.43,-0.85,-2969.0,-1.45
2026-03-16T23:38:10.540838Z,20418.0,20799.0,204191.0,207160.0,5011.63,5011.63,No Data,False,1.2808,1.282903,1.2786,True,206.36,206364.32,-2173.32,-1.05,-2969.0,-1.45
2026-03-16T23:57:59.992199Z,20418.0,20799.0,204191.0,207160.0,5014.53,5014.53,No Data,False,1.2808,1.282903,1.2786,True,206.48,206483.73,-2292.73,-1.11,-2969.0,-1.45
2026-03-17T02:32:38.257872Z,20484.0,20865.0,204850.0,207819.0,5025.6,5025.6,No Data,False,1.2786,1.278542,1.2786,True,206.59,206587.25,-1737.25,-0.84,-2969.0,-1.45
2026-03-17T04:30:57.181325Z,20528.0,20910.0,205295.0,208264.0,5031.83,5031.83,No Data,False,1.2786,1.278542,1.2786,True,206.84,206843.34,-1548.34,-0.75,-2969.0,-1.45
2026-03-17T05:45:17.566654Z,20590.0,20971.0,205910.0,208881.0,5031.54,5031.54,No Data,False,1.2786,1.278542,1.2786,True,206.83,206831.42,-921.42,-0.45,-2971.0,-1.44
2026-03-17T07:00:42.330533Z,20467.0,20849.0,204682.0,207652.0,5008.7,5008.6992,No Data,False,1.2786,1.278542,1.2786,True,205.89,205892.51,-1210.51,-0.59,-2970.0,-1.45
2026-03-17T08:03:15.516092Z,20492.0,20873.0,204932.0,207901.0,5022.89,5022.89,No Data,False,1.2786,1.278542,1.2786,True,206.48,206475.85,-1543.85,-0.75,-2969.0,-1.45
2026-03-17T09:09:48.825790Z,20492.0,20873.0,204932.0,207901.0,5016.79,5016.79,No Data,False,1.2786,1.278542,1.2786,True,206.23,206225.09,-1293.09,-0.63,-2969.0,-1.45
2026-03-17T10:10:18.141484Z,20418.0,20799.0,204193.0,207161.0,5002.38,5002.38,No Data,False,1.2786,1.278542,1.2786,True,205.63,205632.74,-1439.74,-0.7,-2968.0,-1.45
2026-03-17T11:10:32.681998Z,20418.0,20799.0,204193.0,207161.0,5003.07,5003.07,No Data,False,1.2786,1.278542,1.2786,True,205.66,205661.11,-1468.11,-0.71,-2968.0,-1.45
2026-03-17T11:57:34.001674Z,20418.0,20799.0,204193.0,207161.0,5004.56,5004.56,No Data,False,1.2786,1.278542,1.2786,True,205.72,205722.36,-1529.36,-0.74,-2968.0,-1.45
2026-03-17T13:19:21.765229Z,20443.0,20824.0,204441.0,207409.0,5014.96,5014.96,No Data,False,1.2786,1.278542,1.2786,True,206.15,206149.87,-1708.87,-0.83,-2968.0,-1.45
2026-03-17T14:37:17.842459Z,20398.0,20779.0,203994.0,206959.0,5011.89,5011.89,No Data,False,1.2786,1.278542,1.2786,True,206.02,206023.67,-2029.67,-0.99,-2965.0,-1.45
2026-03-17T15:42:39.481713Z,20452.0,20833.0,204534.0,207501.0,4978.9,4978.9,No Data,False,1.2777,1.278542,1.2768,True,204.52,204523.48,10.52,0.01,-2967.0,-1.45
2026-03-17T17:01:20.922171Z,20452.0,20833.0,204534.0,207501.0,5002.5,5002.5,No Data,False,1.2777,1.278542,1.2768,True,205.49,205492.92,-958.92,-0.47,-2967.0,-1.45
2026-03-17T18:09:59.273273Z,20452.0,20833.0,204534.0,207501.0,5006.16,5006.16,No Data,False,1.2777,1.278542,1.2768,True,205.64,205643.27,-1109.27,-0.54,-2967.0,-1.45
2026-03-17T19:30:34.841391Z,20452.0,20833.0,204534.0,207501.0,4999.79,4999.79,No Data,False,1.2777,1.278542,1.2768,True,205.38,205381.6,-847.6,-0.41,-2967.0,-1.45
2026-03-17T20:05:22.197908Z,20452.0,20833.0,204534.0,207501.0,5003.19,5003.19,No Data,False,1.2777,1.278542,1.2768,True,205.52,205521.27,-987.27,-0.48,-2967.0,-1.45
2026-03-17T20:59:02.000001Z,20452.0,20833.0,204534.0,207501.0,5005.39,5005.39,No Data,False,1.2777,1.278542,1.2768,True,205.61,205611.64,-1077.64,-0.52,-2967.0,-1.45
2026-03-17T21:46:52.229835Z,20452.0,20833.0,204534.0,207501.0,5004.38,5004.3809,No Data,False,1.2777,1.278542,1.2768,True,205.57,205570.19,-1036.19,-0.5,-2967.0,-1.45
2026-03-17T22:29:54.684144Z,20452.0,20833.0,204534.0,207501.0,5001.0,5001.0,No Data,False,1.2777,1.278542,1.2768,True,205.43,205431.31,-897.31,-0.44,-2967.0,-1.45
2026-03-17T23:03:50.689506Z,20452.0,20833.0,204534.0,207501.0,4999.58,4999.58,No Data,False,1.2777,1.278542,1.2768,True,205.37,205372.98,-838.98,-0.41,-2967.0,-1.45
2026-03-17T23:48:28.737591Z,20452.0,20833.0,204534.0,207501.0,5000.13,5000.1328,No Data,False,1.2777,1.278542,1.2768,True,205.4,205395.68,-861.68,-0.42,-2967.0,-1.45
2026-03-18T01:57:41.788298Z,20390.0,20771.0,203914.0,206878.0,4998.83,4998.83,No Data,False,1.2769,1.27691,1.2768,True,205.21,205211.02,-1297.02,-0.63,-2964.0,-1.45
2026-03-18T04:27:05.993174Z,20345.0,20726.0,203463.0,206426.0,4991.43,4991.43,No Data,False,1.2769,1.27691,1.2768,True,204.91,204907.24,-1444.24,-0.7,-2963.0,-1.46
2026-03-18T05:47:26.001075Z,20337.0,20718.0,203381.0,206344.0,4998.01,4998.01,No Data,False,1.2769,1.27691,1.2768,True,205.18,205177.36,-1796.36,-0.88,-2963.0,-1.46
2026-03-18T06:58:19.656117Z,20414.0,20795.0,204153.0,207117.0,5008.42,5008.42,No Data,False,1.2769,1.27691,1.2768,True,205.6,205604.71,-1451.71,-0.71,-2964.0,-1.45
2026-03-18T07:56:43.220645Z,20405.0,20786.0,204060.0,207025.0,4991.52,4991.52,No Data,False,1.2769,1.27691,1.2768,True,204.91,204910.94,-850.94,-0.42,-2965.0,-1.45
2026-03-18T08:52:20.210930Z,20348.0,20729.0,203493.0,206457.0,4987.19,4987.19,No Data,False,1.2769,1.27691,1.2768,True,204.73,204733.18,-1240.18,-0.61,-2964.0,-1.46
2026-03-18T09:50:56.190501Z,20348.0,20729.0,203493.0,206457.0,4993.52,4993.52,No Data,False,1.2769,1.27691,1.2768,True,204.99,204993.04,-1500.04,-0.73,-2964.0,-1.46
2026-03-18T10:50:03.586289Z,20246.0,20626.0,202467.0,205430.0,4978.45,4978.45,No Data,False,1.2769,1.27691,1.2768,True,204.37,204374.39,-1907.39,-0.93,-2963.0,-1.46
2026-03-18T11:43:00.333433Z,20177.0,20557.0,201776.0,204738.0,4941.47,4941.4697,No Data,False,1.2769,1.27691,1.2768,True,202.86,202856.28,-1080.28,-0.53,-2962.0,-1.47
2026-03-18T13:04:26.340552Z,19973.0,20354.0,199745.0,202709.0,4861.33,4861.33,No Data,False,1.2769,1.27691,1.2768,True,199.57,199566.4,178.6,0.09,-2964.0,-1.48
2026-03-18T14:42:11.531281Z,19923.0,20304.0,199239.0,202204.0,4862.39,4862.39,No Data,False,1.2769,1.27691,1.2768,True,199.61,199609.91,-370.91,-0.19,-2965.0,-1.49
2026-03-18T16:06:31.851281Z,19923.0,20304.0,199239.0,202204.0,4867.01,4867.01,No Data,False,1.2791,1.27691,1.2812,True,200.14,200143.83,-904.83,-0.45,-2965.0,-1.49
2026-03-18T17:19:21.093862Z,19923.0,20304.0,199239.0,202204.0,4888.24,4888.24,No Data,False,1.2791,1.27691,1.2812,True,201.02,201016.86,-1777.86,-0.88,-2965.0,-1.49
2026-03-18T18:13:13.432477Z,19923.0,20304.0,199239.0,202204.0,4887.5,4887.5015,No Data,False,1.2791,1.27691,1.2812,True,200.99,200986.49,-1747.49,-0.87,-2965.0,-1.49
2026-03-18T19:19:05.743602Z,19923.0,20304.0,199239.0,202204.0,4860.09,4860.09,No Data,False,1.2791,1.27691,1.2812,True,199.86,199859.26,-620.26,-0.31,-2965.0,-1.49
2026-03-18T19:56:04.252212Z,19923.0,20304.0,199239.0,202204.0,4840.83,4840.83,No Data,False,1.2791,1.27691,1.2812,True,199.07,199067.24,171.76,0.09,-2965.0,-1.49
2026-03-18T20:35:39.812307Z,19923.0,20304.0,199239.0,202204.0,4812.17,4812.17,No Data,False,1.2791,1.27691,1.2812,True,197.89,197888.67,1350.33,0.68,-2965.0,-1.49
2026-03-18T21:07:26.082499Z,19923.0,20304.0,199239.0,202204.0,4817.63,4817.6299,No Data,False,1.2791,1.27691,1.2812,True,198.11,198113.19,1125.81,0.57,-2965.0,-1.49
2026-03-18T21:50:55.436598Z,19923.0,20304.0,199239.0,202204.0,4817.63,4817.6299,No Data,False,1.2791,1.27691,1.2812,True,198.11,198113.19,1125.81,0.57,-2965.0,-1.49
2026-03-18T22:29:07.885289Z,19923.0,20304.0,199239.0,202204.0,4820.67,4820.67,No Data,False,1.2791,1.27691,1.2812,True,198.24,198238.21,1000.79,0.5,-2965.0,-1.49
2026-03-18T23:01:06.426768Z,19923.0,20304.0,199239.0,202204.0,4831.69,4831.69,No Data,False,1.2791,1.27691,1.2812,True,198.69,198691.38,547.62,0.28,-2965.0,-1.49
2026-03-18T23:44:49.451007Z,19923.0,20304.0,199239.0,202204.0,4835.46,4835.46,No Data,False,1.2791,1.27691,1.2812,True,198.85,198846.41,392.59,0.2,-2965.0,-1.49
2026-03-19T01:58:31.918403Z,19922.0,20304.0,199234.0,202201.0,4854.79,4854.79,No Data,False,1.2813,1.281412,1.2812,True,199.99,199992.66,-758.66,-0.38,-2967.0,-1.49
2026-03-19T04:27:31.542697Z,19889.0,20270.0,198900.0,201867.0,4853.0,4853.0,No Data,False,1.2813,1.281412,1.2812,True,199.92,199918.92,-1018.92,-0.51,-2967.0,-1.49
2026-03-19T05:45:11.812732Z,19840.0,20221.0,198411.0,201378.0,4833.46,4833.46,No Data,False,1.2813,1.281412,1.2812,True,199.11,199113.97,-702.97,-0.35,-2967.0,-1.5
2026-03-19T06:54:44.465645Z,19658.0,20039.0,196587.0,199551.0,4757.25,4757.25,No Data,False,1.2813,1.281412,1.2812,True,195.97,195974.5,612.5,0.31,-2964.0,-1.51
2026-03-19T07:45:25.107486Z,19493.0,19874.0,194938.0,197900.0,4739.47,4739.47,No Data,False,1.2813,1.281412,1.2812,True,195.24,195242.06,-304.06,-0.16,-2962.0,-1.52
2026-03-19T08:38:34.422047Z,19369.0,19750.0,193702.0,196662.0,4715.32,4715.32,No Data,False,1.2813,1.281412,1.2812,True,194.25,194247.2,-545.2,-0.28,-2960.0,-1.53
2026-03-19T09:27:12.323759Z,19294.0,19675.0,192953.0,195913.0,4703.43,4703.4263,No Data,False,1.2813,1.281412,1.2812,True,193.76,193757.24,-804.24,-0.42,-2960.0,-1.53
2026-03-19T10:22:49.780821Z,19250.0,19630.0,192511.0,195469.0,4681.73,4681.7266,No Data,False,1.2815,1.28185,1.2812,True,192.9,192896.29,-385.29,-0.2,-2958.0,-1.54
2026-03-19T11:20:58.805831Z,19240.0,19621.0,192409.0,195369.0,4687.19,4687.19,No Data,False,1.2815,1.28185,1.2812,True,193.12,193121.39,-712.39,-0.37,-2960.0,-1.54
2026-03-19T12:01:37.331509Z,19095.0,19476.0,190966.0,193923.0,4650.19,4650.19,No Data,False,1.2815,1.28185,1.2812,True,191.6,191596.92,-630.92,-0.33,-2957.0,-1.55
2026-03-19T13:43:30.989958Z,18752.0,19132.0,187533.0,190486.0,4565.11,4565.11,No Data,False,1.2815,1.28185,1.2812,True,188.09,188091.46,-558.46,-0.3,-2953.0,-1.57
2026-03-19T14:43:20.707770Z,18901.0,19281.0,189021.0,191972.0,4615.42,4615.42,No Data,False,1.2815,1.28185,1.2812,True,190.16,190164.33,-1143.33,-0.6,-2951.0,-1.56
2026-03-19T15:52:13.127976Z,18901.0,19281.0,189021.0,191972.0,4586.85,4586.85,No Data,False,1.2826,1.28185,1.2833,True,189.14,189142.03,-121.03,-0.06,-2951.0,-1.56
2026-03-19T16:54:50.920332Z,18901.0,19281.0,189021.0,191972.0,4579.09,4579.09,No Data,False,1.2826,1.28185,1.2833,True,188.82,188822.04,198.96,0.11,-2951.0,-1.56
2026-03-19T17:51:50.228256Z,18901.0,19281.0,189021.0,191972.0,4618.17,4618.17,No Data,False,1.2826,1.28185,1.2833,True,190.43,190433.53,-1412.53,-0.74,-2951.0,-1.56
2026-03-19T18:54:30.354807Z,18901.0,19281.0,189021.0,191972.0,4605.46,4605.46,No Data,False,1.2826,1.28185,1.2833,True,189.91,189909.43,-888.43,-0.47,-2951.0,-1.56
2026-03-19T19:44:27.787374Z,18901.0,19281.0,189021.0,191972.0,4638.09,4638.0859,No Data,False,1.2826,1.28185,1.2833,True,191.25,191254.78,-2233.78,-1.17,-2951.0,-1.56
2026-03-19T20:33:37.089511Z,18901.0,19281.0,189021.0,191972.0,4657.03,4657.03,No Data,False,1.2826,1.28185,1.2833,True,192.04,192035.95,-3014.95,-1.57,-2951.0,-1.56
2026-03-19T21:06:39.622188Z,18901.0,19281.0,189021.0,191972.0,4648.23,4648.2251,No Data,False,1.2826,1.28185,1.2833,True,191.67,191672.88,-2651.88,-1.38,-2951.0,-1.56
2026-03-19T21:49:50.018890Z,18901.0,19281.0,189021.0,191972.0,4648.23,4648.2251,No Data,False,1.2826,1.28185,1.2833,True,191.67,191672.88,-2651.88,-1.38,-2951.0,-1.56
2026-03-19T22:25:08.560359Z,18901.0,19281.0,189021.0,191972.0,4660.99,4660.99,No Data,False,1.2826,1.28185,1.2833,True,192.2,192199.25,-3178.25,-1.65,-2951.0,-1.56
2026-03-19T23:00:03.632531Z,18901.0,19281.0,189021.0,191972.0,4635.79,4635.79,No Data,False,1.2826,1.28185,1.2833,True,191.16,191160.11,-2139.11,-1.12,-2951.0,-1.56
2026-03-19T23:38:25.547455Z,18901.0,19281.0,189021.0,191972.0,4638.75,4638.75,No Data,False,1.2826,1.28185,1.2833,True,191.28,191282.16,-2261.16,-1.18,-2951.0,-1.56
2026-03-19T23:58:16.888783Z,18901.0,19281.0,189021.0,191972.0,4643.78,4643.78,No Data,False,1.2826,1.28185,1.2833,True,191.49,191489.58,-2468.58,-1.29,-2951.0,-1.56
2026-03-20T02:33:52.947014Z,19137.0,19516.0,191379.0,194327.0,4686.69,4686.69,No Data,False,1.2814,1.279595,1.2833,True,193.09,193089.11,-1710.11,-0.89,-2948.0,-1.54
2026-03-20T04:27:00.933472Z,19337.0,19716.0,193379.0,196332.0,4722.29,4722.29,No Data,False,1.2814,1.279595,1.2833,True,194.56,194555.81,-1176.81,-0.6,-2953.0,-1.53
2026-03-20T05:38:53.583326Z,19262.0,19642.0,192632.0,195585.0,4711.39,4711.39,No Data,False,1.2814,1.279595,1.2833,True,194.11,194106.74,-1474.74,-0.76,-2953.0,-1.53
2026-03-20T06:34:37.045343Z,19165.0,19544.0,191656.0,194607.0,4682.58,4682.58,No Data,False,1.2814,1.279595,1.2833,True,192.92,192919.78,-1263.78,-0.66,-2951.0,-1.54
2026-03-20T07:32:14.205302Z,19111.0,19490.0,191118.0,194068.0,4686.81,4686.81,No Data,False,1.2814,1.279595,1.2833,True,193.09,193094.06,-1976.06,-1.02,-2950.0,-1.54
2026-03-20T08:04:54.942208Z,19159.0,19538.0,191600.0,194548.0,4705.31,4705.31,No Data,False,1.2814,1.279595,1.2833,True,193.86,193856.25,-2256.25,-1.16,-2948.0,-1.54
2026-03-20T09:00:57.090671Z,19178.0,19557.0,191790.0,194739.0,4693.59,4693.59,No Data,False,1.2814,1.279595,1.2833,True,193.37,193373.39,-1583.39,-0.82,-2949.0,-1.54
2026-03-20T09:59:43.468200Z,19102.0,19482.0,191036.0,193985.0,4667.03,4667.03,No Data,False,1.2814,1.279595,1.2833,True,192.28,192279.13,-1243.13,-0.65,-2949.0,-1.54
2026-03-20T10:50:44.450447Z,19055.0,19435.0,190564.0,193516.0,4651.49,4651.49,No Data,False,1.2814,1.279595,1.2833,True,191.64,191638.89,-1074.89,-0.56,-2952.0,-1.55
2026-03-20T11:29:18.641047Z,19056.0,19436.0,190576.0,193526.0,4660.16,4660.1602,No Data,False,1.2814,1.279595,1.2833,True,192.0,191996.1,-1420.1,-0.74,-2950.0,-1.55
2026-03-20T11:57:35.373272Z,19077.0,19456.0,190782.0,193732.0,4667.17,4667.17,No Data,False,1.2814,1.279595,1.2833,True,192.28,192284.9,-1502.9,-0.78,-2950.0,-1.55
2026-03-20T13:06:53.623984Z,19131.0,19510.0,191316.0,194267.0,4666.09,4666.09,No Data,False,1.2814,1.279595,1.2833,True,192.24,192240.4,-924.4,-0.48,-2951.0,-1.54
2026-03-20T14:07:52.525181Z,18942.0,19322.0,189433.0,192384.0,4613.79,4613.79,No Data,False,1.2814,1.279595,1.2833,True,190.09,190085.67,-652.67,-0.34,-2951.0,-1.56
2026-03-20T15:10:42.905070Z,18744.0,19123.0,187447.0,190396.0,4563.69,4563.69,No Data,False,1.2799,1.279595,1.2802,True,187.79,187794.15,-347.15,-0.18,-2949.0,-1.57
2026-03-20T16:00:00.109591Z,18744.0,19123.0,187447.0,190396.0,4553.67,4553.67,No Data,False,1.2799,1.279595,1.2802,True,187.38,187381.83,65.17,0.03,-2949.0,-1.57
2026-03-20T16:56:22.216853Z,18744.0,19123.0,187447.0,190396.0,4586.04,4586.04,No Data,False,1.2799,1.279595,1.2802,True,188.71,188713.85,-1266.85,-0.67,-2949.0,-1.57
2026-03-20T17:35:40.816275Z,18744.0,19123.0,187447.0,190396.0,4562.25,4562.25,No Data,False,1.2799,1.279595,1.2802,True,187.73,187734.9,-287.9,-0.15,-2949.0,-1.57
2026-03-20T18:04:46.465155Z,18744.0,19123.0,187447.0,190396.0,4570.76,4570.76,No Data,False,1.2799,1.279595,1.2802,True,188.09,188085.08,-638.08,-0.34,-2949.0,-1.57
2026-03-20T19:07:38.764776Z,18744.0,19123.0,187447.0,190396.0,4494.5,4494.4995,No Data,False,1.2799,1.279595,1.2802,True,184.95,184946.99,2500.01,1.35,-2949.0,-1.57
2026-03-20T19:50:31.586963Z,18744.0,19123.0,187447.0,190396.0,4507.77,4507.77,No Data,False,1.2799,1.279595,1.2802,True,185.49,185493.07,1953.93,1.05,-2949.0,-1.57
2026-03-20T20:28:33.741078Z,18744.0,19123.0,187447.0,190396.0,4508.82,4508.82,No Data,False,1.2799,1.279595,1.2802,True,185.54,185536.27,1910.73,1.03,-2949.0,-1.57
2026-03-20T21:01:02.935347Z,18744.0,19123.0,187447.0,190396.0,4494.02,4494.0151,No Data,False,1.2799,1.279595,1.2802,True,184.93,184927.06,2519.94,1.36,-2949.0,-1.57
2026-03-20T21:47:08.007193Z,18744.0,19123.0,187447.0,190396.0,4494.02,4494.0151,No Data,False,1.2799,1.279595,1.2802,True,184.93,184927.06,2519.94,1.36,-2949.0,-1.57
2026-03-20T22:25:24.144528Z,18744.0,19123.0,187447.0,190396.0,4494.02,4494.0151,No Data,False,1.2799,1.279595,1.2802,True,184.93,184927.06,2519.94,1.36,-2949.0,-1.57
2026-03-20T22:59:37.509637Z,18744.0,19123.0,187447.0,190396.0,4487.65,4487.65,No Data,False,1.2799,1.279595,1.2802,True,184.67,184665.13,2781.87,1.51,-2949.0,-1.57
2026-03-20T23:37:26.271184Z,18744.0,19123.0,187447.0,190396.0,4487.65,4487.65,No Data,False,1.2799,1.279595,1.2802,True,184.67,184665.13,2781.87,1.51,-2949.0,-1.57
2026-03-20T23:56:58.784639Z,18744.0,19123.0,187447.0,190396.0,4487.65,4487.65,No Data,False,1.2799,1.279595,1.2802,True,184.67,184665.13,2781.87,1.51,-2949.0,-1.57
2026-03-21T02:07:25.888532Z,18744.0,19123.0,187447.0,190396.0,4487.65,4487.65,No Data,False,1.2807,1.281135,1.2802,True,184.78,184776.23,2670.77,1.45,-2949.0,-1.57
2026-03-21T04:14:27.536890Z,18744.0,19123.0,187447.0,190396.0,4487.65,4487.65,No Data,False,1.2807,1.281135,1.2802,True,184.78,184776.23,2670.77,1.45,-2949.0,-1.57
2026-03-21T05:13:29.411713Z,18744.0,19123.0,187447.0,190396.0,4487.65,4487.65,No Data,False,1.2807,1.281135,1.2802,True,184.78,184776.23,2670.77,1.45,-2949.0,-1.57
2026-03-21T05:56:47.011259Z,18744.0,19123.0,187447.0,190396.0,4487.65,4487.65,No Data,False,1.2807,1.281135,1.2802,True,184.78,184776.23,2670.77,1.45,-2949.0,-1.57
2026-03-21T06:46:16.084328Z,18744.0,19123.0,187447.0,190396.0,4487.65,4487.65,No Data,False,1.2807,1.281135,1.2802,True,184.78,184776.23,2670.77,1.45,-2949.0,-1.57
2026-03-21T07:30:57.259539Z,18744.0,19123.0,187447.0,190396.0,4487.65,4487.65,No Data,False,1.2807,1.281135,1.2802,True,184.78,184776.23,2670.77,1.45,-2949.0,-1.57
2026-03-21T07:56:04.793461Z,18744.0,19123.0,187447.0,190396.0,4487.65,4487.65,No Data,False,1.2807,1.281135,1.2802,True,184.78,184776.23,2670.77,1.45,-2949.0,-1.57
2026-03-21T08:32:53.360025Z,18744.0,19123.0,187447.0,190396.0,4487.65,4487.65,No Data,False,1.2807,1.281135,1.2802,True,184.78,184776.23,2670.77,1.45,-2949.0,-1.57
2026-03-21T09:01:10.231704Z,18744.0,19123.0,187447.0,190396.0,4487.65,4487.65,No Data,False,1.2807,1.281135,1.2802,True,184.78,184776.23,2670.77,1.45,-2949.0,-1.57
2026-03-21T09:47:51.355014Z,18744.0,19123.0,187447.0,190396.0,4487.65,4487.65,No Data,False,1.2807,1.281135,1.2802,True,184.78,184776.23,2670.77,1.45,-2949.0,-1.57
2026-03-21T10:23:16.111081Z,18744.0,19123.0,187447.0,190396.0,4487.65,4487.65,No Data,False,1.2807,1.281135,1.2802,True,184.78,184776.23,2670.77,1.45,-2949.0,-1.57
2026-03-21T10:56:34.346787Z,18744.0,19123.0,187447.0,190396.0,4487.65,4487.65,No Data,False,1.2807,1.281135,1.2802,True,184.78,184776.23,2670.77,1.45,-2949.0,-1.57
2026-03-21T11:23:51.994745Z,18744.0,19123.0,187447.0,190396.0,4487.65,4487.65,No Data,False,1.2807,1.281135,1.2802,True,184.78,184776.23,2670.77,1.45,-2949.0,-1.57
2026-03-21T11:51:59.228143Z,18744.0,19123.0,187447.0,190396.0,4487.65,4487.65,No Data,False,1.2807,1.281135,1.2802,True,184.78,184776.23,2670.77,1.45,-2949.0,-1.57
2026-03-21T12:41:09.726036Z,18744.0,19123.0,187447.0,190396.0,4487.65,4487.65,No Data,False,1.2807,1.281135,1.2802,True,184.78,184776.23,2670.77,1.45,-2949.0,-1.57
2026-03-21T13:39:56.274909Z,18744.0,19123.0,187447.0,190396.0,4487.65,4487.65,No Data,False,1.2807,1.281135,1.2802,True,184.78,184776.23,2670.77,1.45,-2949.0,-1.57
2026-03-21T14:02:35.415878Z,18744.0,19123.0,187447.0,190396.0,4487.65,4487.65,No Data,False,1.2807,1.281135,1.2802,True,184.78,184776.23,2670.77,1.45,-2949.0,-1.57
2026-03-21T14:47:03.585311Z,18744.0,19123.0,187447.0,190396.0,4487.65,4487.65,No Data,False,1.2807,1.281135,1.2802,True,184.78,184776.23,2670.77,1.45,-2949.0,-1.57
2026-03-21T15:22:20.639426Z,18744.0,19123.0,187447.0,190396.0,4487.65,4487.65,No Data,False,1.2807,1.281135,1.2802,True,184.78,184776.23,2670.77,1.45,-2949.0,-1.57
2026-03-21T15:53:01.948742Z,18744.0,19123.0,187447.0,190396.0,4487.65,4487.65,No Data,False,1.2807,1.281135,1.2802,True,184.78,184776.23,2670.77,1.45,-2949.0,-1.57
2026-03-21T16:25:46.779953Z,18744.0,19123.0,187447.0,190396.0,4487.65,4487.65,No Data,False,1.2807,1.281135,1.2802,True,184.78,184776.23,2670.77,1.45,-2949.0,-1.57
2026-03-21T16:58:45.692850Z,18744.0,19123.0,187447.0,190396.0,4487.65,4487.65,No Data,False,1.2807,1.281135,1.2802,True,184.78,184776.23,2670.77,1.45,-2949.0,-1.57
2026-03-21T17:31:21.294108Z,18744.0,19123.0,187447.0,190396.0,4487.65,4487.65,No Data,False,1.2807,1.281135,1.2802,True,184.78,184776.23,2670.77,1.45,-2949.0,-1.57
2026-03-21T17:55:04.447398Z,18744.0,19123.0,187447.0,190396.0,4487.65,4487.65,No Data,False,1.2807,1.281135,1.2802,True,184.78,184776.23,2670.77,1.45,-2949.0,-1.57
2026-03-21T18:31:56.434581Z,18744.0,19123.0,187447.0,190396.0,4487.65,4487.65,No Data,False,1.2807,1.281135,1.2802,True,184.78,184776.23,2670.77,1.45,-2949.0,-1.57
2026-03-21T19:02:40.872821Z,18744.0,19123.0,187447.0,190396.0,4487.65,4487.65,No Data,False,1.2807,1.281135,1.2802,True,184.78,184776.23,2670.77,1.45,-2949.0,-1.57
2026-03-21T19:40:25.306182Z,18744.0,19123.0,187447.0,190396.0,4487.65,4487.65,No Data,False,1.2807,1.281135,1.2802,True,184.78,184776.23,2670.77,1.45,-2949.0,-1.57
2026-03-21T20:22:39.428800Z,18744.0,19123.0,187447.0,190396.0,4487.65,4487.65,No Data,False,1.2807,1.281135,1.2802,True,184.78,184776.23,2670.77,1.45,-2949.0,-1.57
2026-03-21T20:55:29.154970Z,18744.0,19123.0,187447.0,190396.0,4487.65,4487.65,No Data,False,1.2807,1.281135,1.2802,True,184.78,184776.23,2670.77,1.45,-2949.0,-1.57
2026-03-21T21:22:44.737385Z,18744.0,19123.0,187447.0,190396.0,4487.65,4487.65,No Data,False,1.2807,1.281135,1.2802,True,184.78,184776.23,2670.77,1.45,-2949.0,-1.57
2026-03-21T21:52:38.648146Z,18744.0,19123.0,187447.0,190396.0,4487.65,4487.65,No Data,False,1.2807,1.281135,1.2802,True,184.78,184776.23,2670.77,1.45,-2949.0,-1.57
2026-03-21T22:20:51.918991Z,18744.0,19123.0,187447.0,190396.0,4487.65,4487.65,No Data,False,1.2807,1.281135,1.2802,True,184.78,184776.23,2670.77,1.45,-2949.0,-1.57
2026-03-21T22:55:59.172639Z,18744.0,19123.0,187447.0,190396.0,4487.65,4487.65,No Data,False,1.2807,1.281135,1.2802,True,184.78,184776.23,2670.77,1.45,-2949.0,-1.57
2026-03-21T23:24:17.327732Z,18744.0,19123.0,187447.0,190396.0,4487.65,4487.65,No Data,False,1.2807,1.281135,1.2802,True,184.78,184776.23,2670.77,1.45,-2949.0,-1.57
2026-03-21T23:53:58.059544Z,18744.0,19123.0,187447.0,190396.0,4487.65,4487.65,No Data,False,1.2807,1.281135,1.2802,True,184.78,184776.23,2670.77,1.45,-2949.0,-1.57
2026-03-22T01:58:20.421890Z,18744.0,19123.0,187447.0,190396.0,4487.65,4487.65,No Data,False,1.2806,1.281096,1.2802,True,184.77,184773.42,2673.58,1.45,-2949.0,-1.57
2026-03-22T04:24:03.208885Z,18744.0,19123.0,187447.0,190396.0,4487.65,4487.65,No Data,False,1.2806,1.281096,1.2802,True,184.77,184773.42,2673.58,1.45,-2949.0,-1.57
2026-03-22T05:40:10.600253Z,18744.0,19123.0,187447.0,190396.0,4487.65,4487.65,No Data,False,1.2806,1.281096,1.2802,True,184.77,184773.42,2673.58,1.45,-2949.0,-1.57
2026-03-22T06:31:35.972363Z,18744.0,19123.0,187447.0,190396.0,4487.65,4487.65,No Data,False,1.2806,1.281096,1.2802,True,184.77,184773.42,2673.58,1.45,-2949.0,-1.57
2026-03-22T07:25:41.043030Z,18744.0,19123.0,187447.0,190396.0,4487.65,4487.65,No Data,False,1.2806,1.281096,1.2802,True,184.77,184773.42,2673.58,1.45,-2949.0,-1.57
2026-03-22T07:59:40.740927Z,18744.0,19123.0,187447.0,190396.0,4487.65,4487.65,No Data,False,1.2806,1.281096,1.2802,True,184.77,184773.42,2673.58,1.45,-2949.0,-1.57
2026-03-22T08:47:20.607177Z,18744.0,19123.0,187447.0,190396.0,4487.65,4487.65,No Data,False,1.2806,1.281096,1.2802,True,184.77,184773.42,2673.58,1.45,-2949.0,-1.57
2026-03-22T09:29:00.367840Z,18744.0,19123.0,187447.0,190396.0,4487.65,4487.65,No Data,False,1.2806,1.281096,1.2802,True,184.77,184773.42,2673.58,1.45,-2949.0,-1.57
2026-03-22T09:57:57.035524Z,18744.0,19123.0,187447.0,190396.0,4487.65,4487.65,No Data,False,1.2806,1.281096,1.2802,True,184.77,184773.42,2673.58,1.45,-2949.0,-1.57
2026-03-22T10:32:42.808416Z,18744.0,19123.0,187447.0,190396.0,4487.65,4487.65,No Data,False,1.2806,1.281096,1.2802,True,184.77,184773.42,2673.58,1.45,-2949.0,-1.57
2026-03-22T10:57:01.291971Z,18744.0,19123.0,187447.0,190396.0,4487.65,4487.65,No Data,False,1.2806,1.281096,1.2802,True,184.77,184773.42,2673.58,1.45,-2949.0,-1.57
2026-03-22T11:25:31.905048Z,18744.0,19123.0,187447.0,190396.0,4487.65,4487.65,No Data,False,1.2806,1.281096,1.2802,True,184.77,184773.42,2673.58,1.45,-2949.0,-1.57
2026-03-22T11:52:45.154267Z,18744.0,19123.0,187447.0,190396.0,4487.65,4487.65,No Data,False,1.2806,1.281096,1.2802,True,184.77,184773.42,2673.58,1.45,-2949.0,-1.57
2026-03-22T12:43:35.290862Z,18744.0,19123.0,187447.0,190396.0,4487.65,4487.65,No Data,False,1.2806,1.281096,1.2802,True,184.77,184773.42,2673.58,1.45,-2949.0,-1.57
2026-03-22T13:41:37.182449Z,18744.0,19123.0,187447.0,190396.0,4487.65,4487.65,No Data,False,1.2806,1.281096,1.2802,True,184.77,184773.42,2673.58,1.45,-2949.0,-1.57
2026-03-22T14:25:00.547057Z,18744.0,19123.0,187447.0,190396.0,4487.65,4487.65,No Data,False,1.2806,1.281096,1.2802,True,184.77,184773.42,2673.58,1.45,-2949.0,-1.57
2026-03-22T14:57:28.333138Z,18744.0,19123.0,187447.0,190396.0,4487.65,4487.65,No Data,False,1.2806,1.281096,1.2802,True,184.77,184773.42,2673.58,1.45,-2949.0,-1.57
2026-03-22T15:29:48.575460Z,18744.0,19123.0,187447.0,190396.0,4487.65,4487.65,No Data,False,1.2806,1.281096,1.2802,True,184.77,184773.42,2673.58,1.45,-2949.0,-1.57
2026-03-22T15:53:24.980038Z,18744.0,19123.0,187447.0,190396.0,4487.65,4487.65,No Data,False,1.2806,1.281096,1.2802,True,184.77,184773.42,2673.58,1.45,-2949.0,-1.57
2026-03-22T16:26:28.961335Z,18744.0,19123.0,187447.0,190396.0,4487.65,4487.65,No Data,False,1.2806,1.281096,1.2802,True,184.77,184773.42,2673.58,1.45,-2949.0,-1.57
2026-03-22T16:58:35.512271Z,18744.0,19123.0,187447.0,190396.0,4487.65,4487.65,No Data,False,1.2806,1.281096,1.2802,True,184.77,184773.42,2673.58,1.45,-2949.0,-1.57
2026-03-22T17:30:58.262817Z,18744.0,19123.0,187447.0,190396.0,4487.65,4487.65,No Data,False,1.2806,1.281096,1.2802,True,184.77,184773.42,2673.58,1.45,-2949.0,-1.57
2026-03-22T17:55:22.636951Z,18744.0,19123.0,187447.0,190396.0,4487.65,4487.65,No Data,False,1.2806,1.281096,1.2802,True,184.77,184773.42,2673.58,1.45,-2949.0,-1.57
2026-03-22T18:32:42.772991Z,18744.0,19123.0,187447.0,190396.0,4487.65,4487.65,No Data,False,1.2806,1.281096,1.2802,True,184.77,184773.42,2673.58,1.45,-2949.0,-1.57
2026-03-22T19:04:15.320298Z,18744.0,19123.0,187447.0,190396.0,4487.65,4487.65,No Data,False,1.2806,1.281096,1.2802,True,184.77,184773.42,2673.58,1.45,-2949.0,-1.57
2026-03-22T19:41:36.921634Z,18744.0,19123.0,187447.0,190396.0,4487.65,4487.65,No Data,False,1.2806,1.281096,1.2802,True,184.77,184773.42,2673.58,1.45,-2949.0,-1.57
2026-03-22T20:23:43.094721Z,18744.0,19123.0,187447.0,190396.0,4487.65,4487.65,No Data,False,1.2806,1.281096,1.2802,True,184.77,184773.42,2673.58,1.45,-2949.0,-1.57
2026-03-22T20:57:01.954606Z,18744.0,19123.0,187447.0,190396.0,4487.65,4487.65,No Data,False,1.2806,1.281096,1.2802,True,184.77,184773.42,2673.58,1.45,-2949.0,-1.57
2026-03-22T21:28:17.819070Z,18744.0,19123.0,187447.0,190396.0,4487.65,4487.65,No Data,False,1.2806,1.281096,1.2802,True,184.77,184773.42,2673.58,1.45,-2949.0,-1.57
2026-03-22T21:54:25.776015Z,18744.0,19123.0,187447.0,190396.0,4488.66,4488.6602,No Data,False,1.2806,1.281096,1.2802,True,184.82,184815.01,2631.99,1.42,-2949.0,-1.57
2026-03-22T22:21:49.222525Z,18744.0,19123.0,187447.0,190396.0,4516.84,4516.84,No Data,False,1.2806,1.281096,1.2802,True,185.98,185975.28,1471.72,0.79,-2949.0,-1.57
2026-03-22T22:57:06.817084Z,18744.0,19123.0,187447.0,190396.0,4501.19,4501.19,No Data,False,1.2806,1.281096,1.2802,True,185.33,185330.91,2116.09,1.14,-2949.0,-1.57
2026-03-22T23:30:56.689541Z,18744.0,19123.0,187447.0,190396.0,4480.88,4480.88,No Data,False,1.2806,1.281096,1.2802,True,184.49,184494.67,2952.33,1.6,-2949.0,-1.57
2026-03-22T23:56:49.740783Z,18744.0,19123.0,187447.0,190396.0,4460.39,4460.39,No Data,False,1.2806,1.281096,1.2802,True,183.65,183651.02,3795.98,2.07,-2949.0,-1.57
2026-03-23T02:26:23.191310Z,18027.0,18405.0,180279.0,183218.0,4401.64,4401.64,No Data,False,1.2809,1.281563,1.2802,True,181.27,181265.11,-986.11,-0.54,-2939.0,-1.63
2026-03-23T04:53:32.315667Z,17898.0,18276.0,178989.0,181926.0,4354.35,4354.35,No Data,False,1.2809,1.281563,1.2802,True,179.32,179317.64,-328.64,-0.18,-2937.0,-1.64
2026-03-23T06:09:16.696380Z,17604.0,17982.0,176049.0,178982.0,4276.81,4276.81,No Data,False,1.2809,1.281563,1.2802,True,176.12,176124.45,-75.45,-0.04,-2933.0,-1.67
2026-03-23T07:40:43.523216Z,17047.0,17424.0,170483.0,173407.0,4173.4,4173.3955,No Data,False,1.2809,1.281563,1.2802,True,171.87,171865.71,-1382.71,-0.8,-2924.0,-1.72
2026-03-23T08:51:26.710884Z,17424.0,17801.0,174249.0,177179.0,4230.24,4230.24,No Data,False,1.2809,1.281563,1.2802,True,174.21,174206.64,42.36,0.02,-2930.0,-1.68
2026-03-23T09:59:20.008628Z,17433.0,17811.0,174342.0,177276.0,4246.16,4246.16,No Data,False,1.2809,1.281563,1.2802,True,174.86,174862.24,-520.24,-0.3,-2934.0,-1.68
2026-03-23T11:01:15.167373Z,17433.0,17811.0,174342.0,177276.0,4283.54,4283.54,No Data,False,1.2809,1.281563,1.2802,True,176.4,176401.6,-2059.6,-1.17,-2934.0,-1.68
2026-03-23T11:56:10.133016Z,17990.0,18367.0,179915.0,182842.0,4390.92,4390.92,No Data,False,1.2809,1.281563,1.2802,True,180.82,180823.64,-908.64,-0.5,-2927.0,-1.63
2026-03-23T13:06:26.682034Z,18165.0,18542.0,181659.0,184588.0,4444.19,4444.19,No Data,False,1.2809,1.281563,1.2802,True,183.02,183017.37,-1358.37,-0.74,-2929.0,-1.61
2026-03-23T14:34:47.234877Z,18306.0,18683.0,183073.0,186002.0,4493.69,4493.69,No Data,False,1.2809,1.281563,1.2802,True,185.06,185055.84,-1982.84,-1.07,-2929.0,-1.6
2026-03-23T15:39:13.391379Z,18306.0,18683.0,183073.0,186002.0,4421.0,4420.9971,No Data,False,1.2809,1.281563,1.2802,True,182.06,182062.26,1010.74,0.56,-2929.0,-1.6
2026-03-23T16:33:53.807266Z,18306.0,18683.0,183073.0,186002.0,4372.24,4372.24,No Data,False,1.2809,1.281563,1.2802,True,180.05,180054.38,3018.62,1.68,-2929.0,-1.6
2026-03-23T17:30:17.289103Z,18306.0,18683.0,183073.0,186002.0,4404.89,4404.89,No Data,False,1.2809,1.281563,1.2802,True,181.4,181398.95,1674.05,0.92,-2929.0,-1.6
2026-03-23T18:28:46.179711Z,18306.0,18683.0,183073.0,186002.0,4423.37,4423.3652,No Data,False,1.2809,1.281563,1.2802,True,182.16,182159.78,913.22,0.5,-2929.0,-1.6
2026-03-23T19:32:27.655446Z,18306.0,18683.0,183073.0,186002.0,4403.88,4403.88,No Data,False,1.2809,1.281563,1.2802,True,181.36,181357.35,1715.65,0.95,-2929.0,-1.6
2026-03-23T20:07:05.986811Z,18306.0,18683.0,183073.0,186002.0,4394.66,4394.66,No Data,False,1.2809,1.281563,1.2802,True,180.98,180977.66,2095.34,1.16,-2929.0,-1.6
2026-03-23T20:56:16.568411Z,18306.0,18683.0,183073.0,186002.0,4405.36,4405.36,No Data,False,1.2809,1.281563,1.2802,True,181.42,181418.3,1654.7,0.91,-2929.0,-1.6
2026-03-23T21:35:58.702909Z,18306.0,18683.0,183073.0,186002.0,4405.77,4405.7681,No Data,False,1.2809,1.281563,1.2802,True,181.44,181435.11,1637.89,0.9,-2929.0,-1.6
2026-03-23T22:00:25.571720Z,18306.0,18683.0,183073.0,186002.0,4412.99,4412.99,No Data,False,1.2809,1.281563,1.2802,True,181.73,181732.51,1340.49,0.74,-2929.0,-1.6
2026-03-23T22:53:59.776286Z,18306.0,18683.0,183073.0,186002.0,4422.89,4422.89,No Data,False,1.2809,1.281563,1.2802,True,182.14,182140.21,932.79,0.51,-2929.0,-1.6
2026-03-23T23:29:23.768270Z,18306.0,18683.0,183073.0,186002.0,4440.91,4440.91,No Data,False,1.2809,1.281563,1.2802,True,182.88,182882.29,190.71,0.1,-2929.0,-1.6
2026-03-23T23:58:24.588745Z,18306.0,18683.0,183073.0,186002.0,4435.73,4435.73,No Data,False,1.2809,1.281563,1.2802,True,182.67,182668.98,404.02,0.22,-2929.0,-1.6
2026-03-24T02:37:39.204345Z,17720.0,18097.0,177210.0,180136.0,4367.57,4367.57,No Data,False,1.2776,1.275081,1.2802,True,179.41,179406.96,-2196.96,-1.22,-2926.0,-1.65
2026-03-24T04:32:10.612682Z,17715.0,18092.0,177158.0,180085.0,4336.62,4336.62,No Data,False,1.2776,1.275081,1.2802,True,178.14,178135.62,-977.62,-0.55,-2927.0,-1.65
2026-03-24T05:46:08.286642Z,17693.0,18070.0,176938.0,179865.0,4353.99,4353.99,No Data,False,1.2776,1.275081,1.2802,True,178.85,178849.13,-1911.13,-1.07,-2927.0,-1.65
2026-03-24T07:00:32.257836Z,17868.0,18245.0,178690.0,181619.0,4403.44,4403.44,No Data,False,1.2776,1.275081,1.2802,True,180.88,180880.39,-2190.39,-1.21,-2929.0,-1.64
2026-03-24T08:03:04.387614Z,18070.0,18447.0,180713.0,183643.0,4407.52,4407.52,No Data,False,1.2776,1.275081,1.2802,True,181.05,181047.99,-334.99,-0.19,-2930.0,-1.62
2026-03-24T09:10:14.116220Z,17994.0,18371.0,179950.0,182881.0,4404.17,4404.17,No Data,False,1.2776,1.275081,1.2802,True,180.91,180910.38,-960.38,-0.53,-2931.0,-1.63
2026-03-24T10:10:26.288060Z,18042.0,18420.0,180432.0,183365.0,4428.9,4428.9,No Data,False,1.2776,1.275081,1.2802,True,181.93,181926.21,-1494.21,-0.82,-2933.0,-1.63
2026-03-24T11:11:05.536004Z,18112.0,18490.0,181131.0,184064.0,4412.99,4412.99,No Data,False,1.2776,1.275081,1.2802,True,181.27,181272.68,-141.68,-0.08,-2933.0,-1.62
2026-03-24T11:58:39.847921Z,18019.0,18396.0,180197.0,183128.0,4402.79,4402.79,No Data,False,1.2753,1.275081,1.2755,True,180.52,180521.04,-324.04,-0.18,-2931.0,-1.63
2026-03-24T13:26:12.014783Z,17933.0,18310.0,179339.0,182272.0,4375.69,4375.69,No Data,False,1.2753,1.275081,1.2755,True,179.41,179409.9,-70.9,-0.04,-2933.0,-1.64
2026-03-24T14:42:57.985601Z,17984.0,18362.0,179856.0,182788.0,4415.24,4415.24,No Data,False,1.2753,1.275081,1.2755,True,181.03,181031.51,-1175.51,-0.65,-2932.0,-1.63
2026-03-24T16:04:19.954354Z,18083.0,18461.0,180843.0,183776.0,4408.75,4408.75,No Data,False,1.2753,1.275081,1.2755,True,180.77,180765.41,77.59,0.04,-2933.0,-1.62
2026-03-24T17:16:09.492199Z,18083.0,18461.0,180843.0,183776.0,4398.7,4398.6997,No Data,False,1.2778,1.275081,1.2806,True,180.71,180713.96,129.04,0.07,-2933.0,-1.62
2026-03-24T18:10:49.932917Z,18083.0,18461.0,180843.0,183776.0,4387.8,4387.8,No Data,False,1.2778,1.275081,1.2806,True,180.27,180266.16,576.84,0.32,-2933.0,-1.62
2026-03-24T19:31:28.398940Z,18083.0,18461.0,180843.0,183776.0,4405.39,4405.39,No Data,False,1.2778,1.275081,1.2806,True,180.99,180988.82,-145.82,-0.08,-2933.0,-1.62
2026-03-24T20:05:35.234470Z,18083.0,18461.0,180843.0,183776.0,4398.49,4398.49,No Data,False,1.2778,1.275081,1.2806,True,180.71,180705.34,137.66,0.08,-2933.0,-1.62
2026-03-24T20:59:12.724762Z,18083.0,18461.0,180843.0,183776.0,4472.99,4472.99,No Data,False,1.2778,1.275081,1.2806,True,183.77,183766.06,-2923.06,-1.59,-2933.0,-1.62
2026-03-24T21:45:38.838765Z,18083.0,18461.0,180843.0,183776.0,4473.59,4473.585,No Data,False,1.2778,1.275081,1.2806,True,183.79,183790.51,-2947.51,-1.6,-2933.0,-1.62
2026-03-24T22:27:26.516416Z,18083.0,18461.0,180843.0,183776.0,4472.89,4472.89,No Data,False,1.2778,1.275081,1.2806,True,183.76,183761.96,-2918.96,-1.59,-2933.0,-1.62
2026-03-24T23:01:58.162605Z,18083.0,18461.0,180843.0,183776.0,4479.67,4479.67,No Data,False,1.2778,1.275081,1.2806,True,184.04,184040.5,-3197.5,-1.74,-2933.0,-1.62
2026-03-24T23:48:23.268787Z,18083.0,18461.0,180843.0,183776.0,4535.96,4535.96,No Data,False,1.2778,1.275081,1.2806,True,186.35,186353.09,-5510.09,-2.96,-2933.0,-1.62
2026-03-25T01:56:47.518487Z,18744.0,19123.0,187454.0,190394.0,4598.39,4598.39,No Data,False,1.2796,1.278614,1.2806,True,189.18,189179.1,-1725.1,-0.91,-2940.0,-1.57
2026-03-25T04:22:38.542792Z,18661.0,19039.0,186618.0,189559.0,4572.1,4572.1,No Data,False,1.2796,1.278614,1.2806,True,188.1,188097.52,-1479.52,-0.79,-2941.0,-1.58
2026-03-25T05:46:11.564791Z,18617.0,18996.0,186186.0,189128.0,4565.54,4565.54,No Data,False,1.2796,1.278614,1.2806,True,187.83,187827.64,-1641.64,-0.87,-2942.0,-1.58
2026-03-25T06:58:46.253811Z,18585.0,18963.0,185857.0,188798.0,4545.63,4545.63,No Data,False,1.2796,1.278614,1.2806,True,187.01,187008.53,-1151.53,-0.62,-2941.0,-1.58
2026-03-25T07:57:08.297654Z,18563.0,18942.0,185642.0,188584.0,4541.69,4541.69,No Data,False,1.2796,1.278614,1.2806,True,186.85,186846.44,-1204.44,-0.64,-2942.0,-1.58
2026-03-25T08:54:46.072482Z,18626.0,19005.0,186275.0,189215.0,4561.35,4561.35,No Data,False,1.2796,1.278614,1.2806,True,187.66,187655.26,-1380.26,-0.74,-2940.0,-1.58
2026-03-25T09:51:21.663650Z,18626.0,19005.0,186275.0,189215.0,4537.74,4537.74,No Data,False,1.2796,1.278614,1.2806,True,186.68,186683.94,-408.94,-0.22,-2940.0,-1.58
2026-03-25T10:45:10.798370Z,18608.0,18987.0,186094.0,189037.0,4551.26,4551.26,No Data,False,1.2796,1.278614,1.2806,True,187.24,187240.15,-1146.15,-0.61,-2943.0,-1.58
2026-03-25T11:39:28.334439Z,18692.0,19071.0,186935.0,189877.0,4582.95,4582.95,No Data,False,1.2796,1.278614,1.2806,True,188.54,188543.89,-1608.89,-0.85,-2942.0,-1.57
2026-03-25T12:31:53.638723Z,18692.0,19071.0,186935.0,189877.0,4534.89,4534.89,No Data,False,1.2796,1.278614,1.2806,True,186.57,186566.69,368.31,0.2,-2942.0,-1.57
2026-03-25T14:01:04.716013Z,18611.0,18990.0,186126.0,189069.0,4537.5,4537.5,No Data,False,1.2796,1.278614,1.2806,True,186.67,186674.06,-548.06,-0.29,-2943.0,-1.58
2026-03-25T15:37:36.001518Z,18666.0,19045.0,186670.0,189613.0,4562.25,4562.25,No Data,False,1.2796,1.278614,1.2806,True,187.69,187692.29,-1022.29,-0.54,-2943.0,-1.58
2026-03-25T16:44:48.976692Z,18666.0,19045.0,186670.0,189613.0,4555.62,4555.62,No Data,False,1.2789,1.278614,1.2792,True,187.32,187317.0,-647.0,-0.35,-2943.0,-1.58
2026-03-25T17:56:12.104937Z,18666.0,19045.0,186670.0,189613.0,4547.99,4547.99,No Data,False,1.2789,1.278614,1.2792,True,187.0,187003.27,-333.27,-0.18,-2943.0,-1.58
2026-03-25T18:55:19.132621Z,18666.0,19045.0,186670.0,189613.0,4541.61,4541.61,No Data,False,1.2789,1.278614,1.2792,True,186.74,186740.94,-70.94,-0.04,-2943.0,-1.58
2026-03-25T19:44:16.611233Z,18666.0,19045.0,186670.0,189613.0,4523.17,4523.17,No Data,False,1.2789,1.278614,1.2792,True,185.98,185982.73,687.27,0.37,-2943.0,-1.58
2026-03-25T20:35:12.297108Z,18666.0,19045.0,186670.0,189613.0,4521.4,4521.4,No Data,False,1.2789,1.278614,1.2792,True,185.91,185909.95,760.05,0.41,-2943.0,-1.58
2026-03-25T21:06:46.293142Z,18666.0,19045.0,186670.0,189613.0,4505.06,4505.061,No Data,False,1.2789,1.278614,1.2792,True,185.24,185238.13,1431.87,0.77,-2943.0,-1.58
2026-03-25T21:55:27.896862Z,18666.0,19045.0,186670.0,189613.0,4505.06,4505.061,No Data,False,1.2789,1.278614,1.2792,True,185.24,185238.13,1431.87,0.77,-2943.0,-1.58
2026-03-25T22:33:19.221069Z,18666.0,19045.0,186670.0,189613.0,4510.59,4510.5928,No Data,False,1.2789,1.278614,1.2792,True,185.47,185465.58,1204.42,0.65,-2943.0,-1.58
2026-03-25T23:06:27.075869Z,18666.0,19045.0,186670.0,189613.0,4502.22,4502.2173,No Data,False,1.2789,1.278614,1.2792,True,185.12,185121.2,1548.8,0.84,-2943.0,-1.58
2026-03-25T23:52:08.951601Z,18666.0,19045.0,186670.0,189613.0,4492.38,4492.38,No Data,False,1.2789,1.278614,1.2792,True,184.72,184716.71,1953.29,1.06,-2943.0,-1.58
2026-03-26T02:03:21.900931Z,18536.0,18915.0,185368.0,188313.0,4531.39,4531.39,No Data,False,1.2799,1.280641,1.2792,True,186.47,186468.37,-1100.37,-0.59,-2945.0,-1.59
2026-03-26T04:41:38.576825Z,18489.0,18868.0,184903.0,187847.0,4517.83,4517.83,No Data,False,1.2799,1.280641,1.2792,True,185.91,185910.37,-1007.37,-0.54,-2944.0,-1.59
2026-03-26T06:10:56.155342Z,18174.0,18553.0,181750.0,184691.0,4435.59,4435.59,No Data,False,1.2799,1.280641,1.2792,True,182.53,182526.16,-776.16,-0.43,-2941.0,-1.62
2026-03-26T07:37:44.239686Z,18233.0,18612.0,182340.0,185282.0,4455.9,4455.9,No Data,False,1.2799,1.280641,1.2792,True,183.36,183361.93,-1021.93,-0.56,-2942.0,-1.61
2026-03-26T08:30:52.534745Z,18170.0,18549.0,181710.0,184652.0,4426.21,4426.21,No Data,False,1.2799,1.280641,1.2792,True,182.14,182140.17,-430.17,-0.24,-2942.0,-1.62
2026-03-26T09:40:47.279860Z,18160.0,18539.0,181615.0,184557.0,4428.8,4428.8,No Data,False,1.2799,1.280641,1.2792,True,182.25,182246.75,-631.75,-0.35,-2942.0,-1.62
2026-03-26T10:50:39.614293Z,18188.0,18567.0,181892.0,184835.0,4443.74,4443.74,No Data,False,1.2799,1.280641,1.2792,True,182.86,182861.54,-969.54,-0.53,-2943.0,-1.62
2026-03-26T11:48:14.552166Z,18236.0,18616.0,182375.0,185320.0,4435.75,4435.75,No Data,False,1.2799,1.280641,1.2792,True,182.53,182532.75,-157.75,-0.09,-2945.0,-1.61
2026-03-26T13:07:23.949038Z,18209.0,18589.0,182104.0,185051.0,4437.09,4437.09,No Data,False,1.2799,1.280641,1.2792,True,182.59,182587.89,-483.89,-0.27,-2947.0,-1.62
2026-03-26T14:45:08.564840Z,18321.0,18700.0,183223.0,186167.0,4458.74,4458.74,No Data,False,1.2799,1.280641,1.2792,True,183.48,183478.8,-255.8,-0.14,-2944.0,-1.61
2026-03-26T16:09:37.431457Z,18321.0,18700.0,183223.0,186167.0,4439.51,4439.51,No Data,False,1.2825,1.280641,1.2844,True,183.06,183058.58,164.42,0.09,-2944.0,-1.61
2026-03-26T17:30:35.777186Z,18321.0,18700.0,183223.0,186167.0,4385.5,4385.5,No Data,False,1.2825,1.280641,1.2844,True,180.83,180831.54,2391.46,1.32,-2944.0,-1.61
2026-03-26T18:37:57.365713Z,18321.0,18700.0,183223.0,186167.0,4386.78,4386.78,No Data,False,1.2825,1.280641,1.2844,True,180.88,180884.31,2338.69,1.29,-2944.0,-1.61
2026-03-26T19:41:36.552035Z,18321.0,18700.0,183223.0,186167.0,4383.76,4383.76,No Data,False,1.2825,1.280641,1.2844,True,180.76,180759.79,2463.21,1.36,-2944.0,-1.61
2026-03-26T20:33:00.618308Z,18321.0,18700.0,183223.0,186167.0,4403.39,4403.39,No Data,False,1.2825,1.280641,1.2844,True,181.57,181569.21,1653.79,0.91,-2944.0,-1.61
2026-03-26T21:03:52.305406Z,18321.0,18700.0,183223.0,186167.0,4378.55,4378.55,No Data,False,1.2825,1.280641,1.2844,True,180.54,180544.96,2678.04,1.48,-2944.0,-1.61
2026-03-26T21:47:35.343714Z,18321.0,18700.0,183223.0,186167.0,4379.01,4379.0068,No Data,False,1.2825,1.280641,1.2844,True,180.56,180563.79,2659.21,1.47,-2944.0,-1.61
2026-03-26T22:26:40.014202Z,18321.0,18700.0,183223.0,186167.0,4395.6,4395.6,No Data,False,1.2825,1.280641,1.2844,True,181.25,181248.0,1975.0,1.09,-2944.0,-1.61
2026-03-26T22:59:18.659385Z,18321.0,18700.0,183223.0,186167.0,4405.48,4405.48,No Data,False,1.2825,1.280641,1.2844,True,181.66,181655.39,1567.61,0.86,-2944.0,-1.61
2026-03-26T23:40:19.496674Z,18321.0,18700.0,183223.0,186167.0,4404.79,4404.79,No Data,False,1.2825,1.280641,1.2844,True,181.63,181626.94,1596.06,0.88,-2944.0,-1.61
2026-03-27T02:04:02.047515Z,18134.0,18513.0,181349.0,184295.0,4431.88,4431.88,No Data,False,1.2825,1.280641,1.2844,True,182.74,182743.97,-1394.97,-0.76,-2946.0,-1.62
2026-03-27T04:42:38.730955Z,18189.0,18568.0,181898.0,184844.0,4439.79,4439.79,No Data,False,1.2845,1.284564,1.2844,True,183.35,183350.12,-1452.12,-0.79,-2946.0,-1.62
2026-03-27T06:11:04.215952Z,18292.0,18671.0,182930.0,185878.0,4464.93,4464.93,No Data,False,1.2845,1.284564,1.2844,True,184.39,184388.32,-1458.32,-0.79,-2948.0,-1.61
2026-03-27T07:36:37.491505Z,18299.0,18679.0,183002.0,185950.0,4451.78,4451.78,No Data,False,1.2845,1.284564,1.2844,True,183.85,183845.27,-843.27,-0.46,-2948.0,-1.61
2026-03-27T08:27:14.628061Z,18244.0,18624.0,182453.0,185402.0,4433.44,4433.44,No Data,False,1.2845,1.284564,1.2844,True,183.09,183087.88,-634.88,-0.35,-2949.0,-1.62
2026-03-27T09:34:07.373650Z,18217.0,18597.0,182181.0,185131.0,4436.63,4436.63,No Data,False,1.2845,1.284564,1.2844,True,183.22,183219.62,-1038.62,-0.57,-2950.0,-1.62
2026-03-27T10:28:40.387347Z,18217.0,18597.0,182181.0,185131.0,4430.42,4430.42,No Data,False,1.2845,1.284564,1.2844,True,182.96,182963.16,-782.16,-0.43,-2950.0,-1.62
2026-03-27T11:26:27.073076Z,18159.0,18539.0,181603.0,184553.0,4412.3,4412.3,No Data,False,1.2845,1.284564,1.2844,True,182.21,182214.86,-611.86,-0.34,-2950.0,-1.62
2026-03-27T12:07:31.506324Z,18159.0,18539.0,181603.0,184553.0,4415.4,4415.4,No Data,False,1.2845,1.284564,1.2844,True,182.34,182342.88,-739.88,-0.41,-2950.0,-1.62
2026-03-27T13:45:34.636185Z,18265.0,18646.0,182666.0,185618.0,4426.64,4426.64,No Data,False,1.2845,1.284564,1.2844,True,182.81,182807.06,-141.06,-0.08,-2952.0,-1.62
2026-03-27T14:46:04.435370Z,18362.0,18742.0,183629.0,186581.0,4467.39,4467.39,No Data,False,1.2845,1.284564,1.2844,True,184.49,184489.91,-860.91,-0.47,-2952.0,-1.61
2026-03-27T15:50:09.741230Z,18424.0,18804.0,184249.0,187203.0,4534.34,4534.34,No Data,False,1.2845,1.284564,1.2844,True,187.25,187254.75,-3005.75,-1.61,-2954.0,-1.6
2026-03-27T16:52:14.840517Z,18424.0,18804.0,184249.0,187203.0,4512.2,4512.2,No Data,False,1.2861,1.284564,1.2877,True,186.58,186579.8,-2330.8,-1.25,-2954.0,-1.6
2026-03-27T17:47:16.071991Z,18424.0,18804.0,184249.0,187203.0,4488.39,4488.3853,No Data,False,1.2861,1.284564,1.2877,True,185.6,185595.06,-1346.06,-0.73,-2954.0,-1.6
2026-03-27T18:52:12.597870Z,18424.0,18804.0,184249.0,187203.0,4518.53,4518.53,No Data,False,1.2861,1.284564,1.2877,True,186.84,186841.55,-2592.55,-1.39,-2954.0,-1.6
2026-03-27T19:39:25.910438Z,18424.0,18804.0,184249.0,187203.0,4513.53,4513.53,No Data,False,1.2861,1.284564,1.2877,True,186.63,186634.8,-2385.8,-1.28,-2954.0,-1.6
2026-03-27T20:04:23.741097Z,18424.0,18804.0,184249.0,187203.0,4512.94,4512.94,No Data,False,1.2861,1.284564,1.2877,True,186.61,186610.4,-2361.4,-1.27,-2954.0,-1.6
2026-03-27T20:57:32.610025Z,18424.0,18804.0,184249.0,187203.0,4495.69,4495.69,No Data,False,1.2861,1.284564,1.2877,True,185.9,185897.11,-1648.11,-0.89,-2954.0,-1.6
2026-03-27T21:38:36.638597Z,18424.0,18804.0,184249.0,187203.0,4493.02,4493.02,No Data,False,1.2861,1.284564,1.2877,True,185.79,185786.71,-1537.71,-0.83,-2954.0,-1.6
2026-03-27T22:01:08.744850Z,18424.0,18804.0,184249.0,187203.0,4492.48,4492.4766,No Data,False,1.2861,1.284564,1.2877,True,185.76,185764.24,-1515.24,-0.82,-2954.0,-1.6
2026-03-27T22:54:22.543302Z,18424.0,18804.0,184249.0,187203.0,4493.02,4493.02,No Data,False,1.2861,1.284564,1.2877,True,185.79,185786.71,-1537.71,-0.83,-2954.0,-1.6
2026-03-27T23:29:54.474467Z,18424.0,18804.0,184249.0,187203.0,4492.48,4492.4766,No Data,False,1.2861,1.284564,1.2877,True,185.76,185764.24,-1515.24,-0.82,-2954.0,-1.6
2026-03-27T23:56:30.743518Z,18424.0,18804.0,184249.0,187203.0,4492.48,4492.4766,No Data,False,1.2861,1.284564,1.2877,True,185.76,185764.24,-1515.24,-0.82,-2954.0,-1.6
2026-03-28T02:09:37.748482Z,18424.0,18804.0,184249.0,187203.0,4492.48,4492.4766,No Data,False,1.2877,1.28761,1.2877,True,185.98,185984.21,-1735.21,-0.93,-2954.0,-1.6
2026-03-28T04:29:36.621091Z,18424.0,18804.0,184249.0,187203.0,4492.48,4492.4766,No Data,False,1.2877,1.28761,1.2877,True,185.98,185984.21,-1735.21,-0.93,-2954.0,-1.6
2026-03-28T05:42:45.437147Z,18424.0,18804.0,184249.0,187203.0,4492.48,4492.4766,No Data,False,1.2877,1.28761,1.2877,True,185.98,185984.21,-1735.21,-0.93,-2954.0,-1.6
2026-03-28T06:55:16.983353Z,18424.0,18804.0,184249.0,187203.0,4492.48,4492.4766,No Data,False,1.2877,1.28761,1.2877,True,185.98,185984.21,-1735.21,-0.93,-2954.0,-1.6
2026-03-28T07:42:37.863559Z,18424.0,18804.0,184249.0,187203.0,4492.48,4492.4766,No Data,False,1.2877,1.28761,1.2877,True,185.98,185984.21,-1735.21,-0.93,-2954.0,-1.6
2026-03-28T08:35:00.447187Z,18424.0,18804.0,184249.0,187203.0,4492.48,4492.4766,No Data,False,1.2877,1.28761,1.2877,True,185.98,185984.21,-1735.21,-0.93,-2954.0,-1.6
2026-03-28T09:07:39.581065Z,18424.0,18804.0,184249.0,187203.0,4492.48,4492.4766,No Data,False,1.2877,1.28761,1.2877,True,185.98,185984.21,-1735.21,-0.93,-2954.0,-1.6
2026-03-28T09:53:33.104793Z,18424.0,18804.0,184249.0,187203.0,4492.48,4492.4766,No Data,False,1.2877,1.28761,1.2877,True,185.98,185984.21,-1735.21,-0.93,-2954.0,-1.6
2026-03-28T10:28:15.266770Z,18424.0,18804.0,184249.0,187203.0,4492.48,4492.4766,No Data,False,1.2877,1.28761,1.2877,True,185.98,185984.21,-1735.21,-0.93,-2954.0,-1.6
2026-03-28T11:01:30.087118Z,18424.0,18804.0,184249.0,187203.0,4505.21,4505.21,No Data,False,1.2877,1.28761,1.2877,True,186.51,186511.36,-2262.36,-1.21,-2954.0,-1.6
2026-03-28T11:44:20.207463Z,18424.0,18804.0,184249.0,187203.0,4505.21,4505.21,No Data,False,1.2877,1.28761,1.2877,True,186.51,186511.36,-2262.36,-1.21,-2954.0,-1.6
2026-03-28T12:48:20.117271Z,18424.0,18804.0,184249.0,187203.0,4505.21,4505.21,No Data,False,1.2877,1.28761,1.2877,True,186.51,186511.36,-2262.36,-1.21,-2954.0,-1.6
2026-03-28T13:49:19.654547Z,18424.0,18804.0,184249.0,187203.0,4505.21,4505.21,No Data,False,1.2877,1.28761,1.2877,True,186.51,186511.36,-2262.36,-1.21,-2954.0,-1.6
2026-03-28T14:29:36.208092Z,18424.0,18804.0,184249.0,187203.0,4505.21,4505.21,No Data,False,1.2877,1.28761,1.2877,True,186.51,186511.36,-2262.36,-1.21,-2954.0,-1.6
2026-03-28T15:01:42.413140Z,18424.0,18804.0,184249.0,187203.0,4492.48,4492.4766,No Data,False,1.2877,1.28761,1.2877,True,185.98,185984.21,-1735.21,-0.93,-2954.0,-1.6
2026-03-28T15:47:53.368328Z,18424.0,18804.0,184249.0,187203.0,4492.48,4492.4766,No Data,False,1.2877,1.28761,1.2877,True,185.98,185984.21,-1735.21,-0.93,-2954.0,-1.6
2026-03-28T16:30:11.702012Z,18424.0,18804.0,184249.0,187203.0,4492.48,4492.4766,No Data,False,1.2877,1.28761,1.2877,True,185.98,185984.21,-1735.21,-0.93,-2954.0,-1.6
2026-03-28T17:02:40.423573Z,18424.0,18804.0,184249.0,187203.0,4492.48,4492.4766,No Data,False,1.2877,1.28761,1.2877,True,185.98,185984.21,-1735.21,-0.93,-2954.0,-1.6
2026-03-28T17:48:15.408620Z,18424.0,18804.0,184249.0,187203.0,4492.48,4492.4766,No Data,False,1.2877,1.28761,1.2877,True,185.98,185984.21,-1735.21,-0.93,-2954.0,-1.6
2026-03-28T18:36:09.640064Z,18424.0,18804.0,184249.0,187203.0,4492.48,4492.4766,No Data,False,1.2877,1.28761,1.2877,True,185.98,185984.21,-1735.21,-0.93,-2954.0,-1.6
2026-03-28T19:09:59.396930Z,18424.0,18804.0,184249.0,187203.0,4492.48,4492.4766,No Data,False,1.2877,1.28761,1.2877,True,185.98,185984.21,-1735.21,-0.93,-2954.0,-1.6
2026-03-28T19:46:34.048618Z,18424.0,18804.0,184249.0,187203.0,4492.48,4492.4766,No Data,False,1.2877,1.28761,1.2877,True,185.98,185984.21,-1735.21,-0.93,-2954.0,-1.6
2026-03-28T20:26:42.632685Z,18424.0,18804.0,184249.0,187203.0,4492.48,4492.4766,No Data,False,1.2877,1.28761,1.2877,True,185.98,185984.21,-1735.21,-0.93,-2954.0,-1.6
2026-03-28T21:00:00.795501Z,18424.0,18804.0,184249.0,187203.0,4492.48,4492.4766,No Data,False,1.2877,1.28761,1.2877,True,185.98,185984.21,-1735.21,-0.93,-2954.0,-1.6
2026-03-28T21:38:40.757694Z,18424.0,18804.0,184249.0,187203.0,4492.48,4492.4766,No Data,False,1.2877,1.28761,1.2877,True,185.98,185984.21,-1735.21,-0.93,-2954.0,-1.6
2026-03-28T21:57:59.492136Z,18424.0,18804.0,184249.0,187203.0,4492.48,4492.4766,No Data,False,1.2877,1.28761,1.2877,True,185.98,185984.21,-1735.21,-0.93,-2954.0,-1.6
2026-03-28T22:34:28.078357Z,18424.0,18804.0,184249.0,187203.0,4492.48,4492.4766,No Data,False,1.2877,1.28761,1.2877,True,185.98,185984.21,-1735.21,-0.93,-2954.0,-1.6
2026-03-28T23:00:03.975255Z,18424.0,18804.0,184249.0,187203.0,4492.48,4492.4766,No Data,False,1.2877,1.28761,1.2877,True,185.98,185984.21,-1735.21,-0.93,-2954.0,-1.6
2026-03-28T23:40:06.927588Z,18424.0,18804.0,184249.0,187203.0,4492.48,4492.4766,No Data,False,1.2877,1.28761,1.2877,True,185.98,185984.21,-1735.21,-0.93,-2954.0,-1.6
2026-03-28T23:59:56.844030Z,18424.0,18804.0,184249.0,187203.0,4492.48,4492.4766,No Data,False,1.2877,1.28761,1.2877,True,185.98,185984.21,-1735.21,-0.93,-2954.0,-1.6
2026-03-29T03:28:48.826416Z,18424.0,18804.0,184249.0,187203.0,4492.48,4492.4766,No Data,False,1.2877,1.287655,1.2877,True,185.99,185987.46,-1738.46,-0.93,-2954.0,-1.6
2026-03-29T05:27:22.273387Z,18424.0,18804.0,184249.0,187203.0,4492.48,4492.4766,No Data,False,1.2877,1.287655,1.2877,True,185.99,185987.46,-1738.46,-0.93,-2954.0,-1.6
2026-03-29T06:45:18.667400Z,18424.0,18804.0,184249.0,187203.0,4492.48,4492.4766,No Data,False,1.2877,1.287655,1.2877,True,185.99,185987.46,-1738.46,-0.93,-2954.0,-1.6
2026-03-29T07:51:02.573525Z,18424.0,18804.0,184249.0,187203.0,4492.48,4492.4766,No Data,False,1.2877,1.287655,1.2877,True,185.99,185987.46,-1738.46,-0.93,-2954.0,-1.6
2026-03-29T08:36:49.384245Z,18424.0,18804.0,184249.0,187203.0,4492.48,4492.4766,No Data,False,1.2877,1.287655,1.2877,True,185.99,185987.46,-1738.46,-0.93,-2954.0,-1.6
2026-03-29T09:19:56.535695Z,18424.0,18804.0,184249.0,187203.0,4492.48,4492.4766,No Data,False,1.2877,1.287655,1.2877,True,185.99,185987.46,-1738.46,-0.93,-2954.0,-1.6
2026-03-29T09:56:21.055832Z,18424.0,18804.0,184249.0,187203.0,4492.48,4492.4766,No Data,False,1.2877,1.287655,1.2877,True,185.99,185987.46,-1738.46,-0.93,-2954.0,-1.6
2026-03-29T10:33:25.843884Z,18424.0,18804.0,184249.0,187203.0,4492.48,4492.4766,No Data,False,1.2877,1.287655,1.2877,True,185.99,185987.46,-1738.46,-0.93,-2954.0,-1.6
2026-03-29T11:03:18.746651Z,18424.0,18804.0,184249.0,187203.0,4492.48,4492.4766,No Data,False,1.2877,1.287655,1.2877,True,185.99,185987.46,-1738.46,-0.93,-2954.0,-1.6
2026-03-29T11:45:23.653311Z,18424.0,18804.0,184249.0,187203.0,4492.48,4492.48,No Data,False,1.2877,1.287655,1.2877,True,185.99,185987.6,-1738.6,-0.93,-2954.0,-1.6
2026-03-29T12:49:45.823874Z,18424.0,18804.0,184249.0,187203.0,4492.48,4492.4766,No Data,False,1.2877,1.287655,1.2877,True,185.99,185987.46,-1738.46,-0.93,-2954.0,-1.6
2026-03-29T13:51:32.337779Z,18424.0,18804.0,184249.0,187203.0,4492.48,4492.4766,No Data,False,1.2877,1.287655,1.2877,True,185.99,185987.46,-1738.46,-0.93,-2954.0,-1.6
2026-03-29T14:31:15.324969Z,18424.0,18804.0,184249.0,187203.0,4492.48,4492.4766,No Data,False,1.2877,1.287655,1.2877,True,185.99,185987.46,-1738.46,-0.93,-2954.0,-1.6
2026-03-29T15:02:58.798090Z,18424.0,18804.0,184249.0,187203.0,4492.48,4492.4766,No Data,False,1.2877,1.287655,1.2877,True,185.99,185987.46,-1738.46,-0.93,-2954.0,-1.6
2026-03-29T15:48:07.469495Z,18424.0,18804.0,184249.0,187203.0,4492.48,4492.4766,No Data,False,1.2877,1.287655,1.2877,True,185.99,185987.46,-1738.46,-0.93,-2954.0,-1.6
2026-03-29T16:31:07.941262Z,18424.0,18804.0,184249.0,187203.0,4492.48,4492.4766,No Data,False,1.2877,1.287655,1.2877,True,185.99,185987.46,-1738.46,-0.93,-2954.0,-1.6
2026-03-29T17:03:37.305995Z,18424.0,18804.0,184249.0,187203.0,4492.48,4492.4766,No Data,False,1.2877,1.287655,1.2877,True,185.99,185987.46,-1738.46,-0.93,-2954.0,-1.6
2026-03-29T17:49:30.516475Z,18424.0,18804.0,184249.0,187203.0,4492.48,4492.48,No Data,False,1.2877,1.287655,1.2877,True,185.99,185987.6,-1738.6,-0.93,-2954.0,-1.6
2026-03-29T18:37:39.815765Z,18424.0,18804.0,184249.0,187203.0,4492.48,4492.48,No Data,False,1.2877,1.287655,1.2877,True,185.99,185987.6,-1738.6,-0.93,-2954.0,-1.6
2026-03-29T19:19:56.460283Z,18424.0,18804.0,184249.0,187203.0,4492.48,4492.4766,No Data,False,1.2877,1.287655,1.2877,True,185.99,185987.46,-1738.46,-0.93,-2954.0,-1.6
2026-03-29T19:50:29.195900Z,18424.0,18804.0,184249.0,187203.0,4492.48,4492.4766,No Data,False,1.2877,1.287655,1.2877,True,185.99,185987.46,-1738.46,-0.93,-2954.0,-1.6
2026-03-29T20:28:03.835749Z,18424.0,18804.0,184249.0,187203.0,4492.48,4492.48,No Data,False,1.2877,1.287655,1.2877,True,185.99,185987.6,-1738.6,-0.93,-2954.0,-1.6
2026-03-29T21:01:04.095325Z,18424.0,18804.0,184249.0,187203.0,4492.48,4492.4766,No Data,False,1.2877,1.287655,1.2877,True,185.99,185987.46,-1738.46,-0.93,-2954.0,-1.6
2026-03-29T21:48:48.910432Z,18424.0,18804.0,184249.0,187203.0,4492.48,4492.4766,No Data,False,1.2877,1.287655,1.2877,True,185.99,185987.46,-1738.46,-0.93,-2954.0,-1.6
2026-03-29T22:28:20.777012Z,18424.0,18804.0,184249.0,187203.0,4506.53,4506.53,No Data,False,1.2877,1.287655,1.2877,True,186.57,186569.27,-2320.27,-1.24,-2954.0,-1.6
2026-03-29T23:02:32.820976Z,18424.0,18804.0,184249.0,187203.0,4488.6,4488.6,No Data,False,1.2877,1.287655,1.2877,True,185.83,185826.97,-1577.97,-0.85,-2954.0,-1.6
2026-03-29T23:49:49.034610Z,18424.0,18804.0,184249.0,187203.0,4450.72,4450.72,No Data,False,1.2877,1.287655,1.2877,True,184.26,184258.75,-9.75,-0.01,-2954.0,-1.6
2026-03-30T02:08:55.336703Z,18397.0,18777.0,183978.0,186933.0,4470.63,4470.63,No Data,False,1.2885,1.289254,1.2877,True,185.2,185197.93,-1219.93,-0.66,-2955.0,-1.61
2026-03-30T05:08:07.732198Z,18493.0,18873.0,184941.0,187897.0,4499.27,4499.27,No Data,False,1.2885,1.289254,1.2877,True,186.38,186384.36,-1443.36,-0.77,-2956.0,-1.6
2026-03-30T07:01:46.816524Z,18659.0,19040.0,186607.0,189564.0,4530.12,4530.12,No Data,False,1.2885,1.289254,1.2877,True,187.66,187662.33,-1055.33,-0.56,-2957.0,-1.58
2026-03-30T08:50:57.571846Z,18639.0,19020.0,186400.0,189360.0,4535.16,4535.16,No Data,False,1.2885,1.289254,1.2877,True,187.87,187871.12,-1471.12,-0.78,-2960.0,-1.59
2026-03-30T10:14:18.289112Z,18658.0,19040.0,186596.0,189558.0,4532.65,4532.65,No Data,False,1.2885,1.289254,1.2877,True,187.77,187767.14,-1171.14,-0.62,-2962.0,-1.59
2026-03-30T11:29:09.219772Z,18658.0,19040.0,186596.0,189558.0,4540.75,4540.75,No Data,False,1.2885,1.289254,1.2877,True,188.1,188102.69,-1506.69,-0.8,-2962.0,-1.59
2026-03-30T12:37:50.349185Z,18812.0,19193.0,188129.0,191094.0,4573.19,4573.19,No Data,False,1.2885,1.289254,1.2877,True,189.45,189446.53,-1317.53,-0.7,-2965.0,-1.58
2026-03-30T14:10:04.768521Z,18688.0,19070.0,186896.0,189861.0,4521.04,4521.04,No Data,False,1.2885,1.289254,1.2877,True,187.29,187286.19,-390.19,-0.21,-2965.0,-1.59
2026-03-30T15:43:11.973190Z,18688.0,19070.0,186896.0,189861.0,4551.15,4551.1538,No Data,False,1.2895,1.289254,1.2898,True,188.69,188687.31,-1791.31,-0.95,-2965.0,-1.59
2026-03-30T16:52:39.509436Z,18688.0,19070.0,186896.0,189861.0,4539.79,4539.79,No Data,False,1.2895,1.289254,1.2898,True,188.22,188216.17,-1320.17,-0.7,-2965.0,-1.59
2026-03-30T17:52:13.340416Z,18688.0,19070.0,186896.0,189861.0,4516.39,4516.39,No Data,False,1.2895,1.289254,1.2898,True,187.25,187246.03,-350.03,-0.19,-2965.0,-1.59
2026-03-30T18:56:06.004968Z,18688.0,19070.0,186896.0,189861.0,4506.36,4506.36,No Data,False,1.2895,1.289254,1.2898,True,186.83,186830.19,65.81,0.04,-2965.0,-1.59
2026-03-30T19:55:07.464129Z,18688.0,19070.0,186896.0,189861.0,4505.6,4505.6,No Data,False,1.2895,1.289254,1.2898,True,186.8,186798.68,97.32,0.05,-2965.0,-1.59
2026-03-30T20:41:45.739753Z,18688.0,19070.0,186896.0,189861.0,4503.45,4503.45,No Data,False,1.2895,1.289254,1.2898,True,186.71,186709.55,186.45,0.1,-2965.0,-1.59
2026-03-30T21:39:03.797384Z,18688.0,19070.0,186896.0,189861.0,4510.22,4510.22,No Data,False,1.2895,1.289254,1.2898,True,186.99,186990.23,-94.23,-0.05,-2965.0,-1.59
2026-03-30T22:18:30.727829Z,18688.0,19070.0,186896.0,189861.0,4509.13,4509.13,No Data,False,1.2895,1.289254,1.2898,True,186.95,186945.03,-49.03,-0.03,-2965.0,-1.59
2026-03-30T22:58:42.921560Z,18688.0,19070.0,186896.0,189861.0,4514.03,4514.03,No Data,False,1.2895,1.289254,1.2898,True,187.15,187148.18,-252.18,-0.13,-2965.0,-1.59
2026-03-30T23:42:01.201515Z,18688.0,19070.0,186896.0,189861.0,4510.79,4510.79,No Data,False,1.2895,1.289254,1.2898,True,187.01,187013.86,-117.86,-0.06,-2965.0,-1.59
2026-03-31T02:04:48.604888Z,19003.0,19385.0,190038.0,193006.0,4593.53,4593.53,No Data,False,1.2903,1.290763,1.2898,True,190.56,190555.62,-517.62,-0.27,-2968.0,-1.56
2026-03-31T04:44:19.026962Z,18818.0,19200.0,188192.0,191159.0,4561.87,4561.87,No Data,False,1.2903,1.290763,1.2898,True,189.24,189242.25,-1050.25,-0.55,-2967.0,-1.58
2026-03-31T06:14:54.293922Z,18813.0,19195.0,188141.0,191108.0,4558.59,4558.59,No Data,False,1.2903,1.290763,1.2898,True,189.11,189106.19,-965.19,-0.51,-2967.0,-1.58
2026-03-31T07:46:05.066020Z,18757.0,19138.0,187581.0,190545.0,4560.69,4560.69,No Data,False,1.2903,1.290763,1.2898,True,189.19,189193.3,-1612.3,-0.85,-2964.0,-1.58
2026-03-31T08:55:25.018168Z,18816.0,19198.0,188173.0,191138.0,4570.96,4570.96,No Data,False,1.2903,1.290763,1.2898,True,189.62,189619.34,-1446.34,-0.76,-2965.0,-1.58
2026-03-31T10:04:01.916216Z,18754.0,19135.0,187552.0,190515.0,4558.4,4558.4,No Data,False,1.2903,1.290763,1.2898,True,189.1,189098.31,-1546.31,-0.82,-2963.0,-1.58
2026-03-31T11:12:40.296647Z,18730.0,19112.0,187311.0,190277.0,4548.09,4548.09,No Data,False,1.2903,1.290763,1.2898,True,188.67,188670.61,-1359.61,-0.72,-2966.0,-1.58
2026-03-31T12:02:29.904373Z,18846.0,19227.0,188471.0,191434.0,4585.3,4585.3,No Data,False,1.2903,1.290763,1.2898,True,190.21,190214.21,-1743.21,-0.92,-2963.0,-1.57
2026-03-31T14:03:18.772822Z,18846.0,19227.0,188471.0,191434.0,4615.12,4615.12,No Data,False,1.2903,1.290763,1.2898,True,191.45,191451.25,-2980.25,-1.56,-2963.0,-1.57
2026-03-31T15:38:16.007385Z,18989.0,19371.0,189906.0,192869.0,4615.89,4615.89,No Data,False,1.2894,1.290763,1.2881,True,191.36,191357.05,-1451.05,-0.76,-2963.0,-1.56
2026-03-31T16:37:23.147108Z,18989.0,19371.0,189906.0,192869.0,4616.29,4616.29,No Data,False,1.2894,1.290763,1.2881,True,191.37,191373.63,-1467.63,-0.77,-2963.0,-1.56
2026-03-31T17:37:20.201170Z,18989.0,19371.0,189906.0,192869.0,4653.53,4653.53,No Data,False,1.2894,1.290763,1.2881,True,192.92,192917.46,-3011.46,-1.56,-2963.0,-1.56
2026-03-31T18:35:12.638142Z,18989.0,19371.0,189906.0,192869.0,4662.6,4662.6,No Data,False,1.2894,1.290763,1.2881,True,193.29,193293.47,-3387.47,-1.75,-2963.0,-1.56
2026-03-31T19:37:33.439948Z,18989.0,19371.0,189906.0,192869.0,4679.28,4679.28,No Data,False,1.2894,1.290763,1.2881,True,193.98,193984.95,-4078.95,-2.1,-2963.0,-1.56
2026-03-31T20:23:01.238875Z,18989.0,19371.0,189906.0,192869.0,4672.84,4672.84,No Data,False,1.2894,1.290763,1.2881,True,193.72,193717.98,-3811.98,-1.97,-2963.0,-1.56
2026-03-31T21:07:48.980249Z,18989.0,19371.0,189906.0,192869.0,4669.56,4669.5566,No Data,False,1.2894,1.290763,1.2881,True,193.58,193581.86,-3675.86,-1.9,-2963.0,-1.56
2026-03-31T21:57:14.495572Z,18989.0,19371.0,189906.0,192869.0,4669.56,4669.5566,No Data,False,1.2894,1.290763,1.2881,True,193.58,193581.86,-3675.86,-1.9,-2963.0,-1.56
2026-03-31T22:36:34.790898Z,18989.0,19371.0,189906.0,192869.0,4671.89,4671.89,No Data,False,1.2894,1.290763,1.2881,True,193.68,193678.59,-3772.59,-1.95,-2963.0,-1.56
2026-03-31T23:03:39.772091Z,18989.0,19371.0,189906.0,192869.0,4679.03,4679.03,No Data,False,1.2894,1.290763,1.2881,True,193.97,193974.59,-4068.59,-2.1,-2963.0,-1.56
2026-03-31T23:50:03.253372Z,18989.0,19371.0,189906.0,192869.0,4688.29,4688.29,No Data,False,1.2894,1.290763,1.2881,True,194.36,194358.47,-4452.47,-2.29,-2963.0,-1.56
2026-04-01T02:13:13.240986Z,19250.0,19631.0,192511.0,195473.0,4691.53,4691.53,No Data,False,1.2877,1.287323,1.2881,True,194.23,194233.35,-1722.35,-0.89,-2962.0,-1.54
2026-04-01T05:08:13.153909Z,19184.0,19565.0,191853.0,194816.0,4678.89,4678.89,No Data,False,1.2877,1.287323,1.2881,True,193.71,193710.05,-1857.05,-0.96,-2963.0,-1.54
2026-04-01T06:56:04.737144Z,19335.0,19716.0,193365.0,196326.0,4727.26,4727.26,No Data,False,1.2877,1.287323,1.2881,True,195.71,195712.61,-2347.61,-1.2,-2961.0,-1.53
2026-04-01T08:15:27.607402Z,19343.0,19724.0,193441.0,196402.0,4717.84,4717.84,No Data,False,1.2877,1.287323,1.2881,True,195.32,195322.61,-1881.61,-0.96,-2961.0,-1.53
2026-04-01T09:37:59.146457Z,19328.0,19708.0,193290.0,196249.0,4719.72,4719.72,No Data,False,1.2877,1.287323,1.2881,True,195.4,195400.44,-2110.44,-1.08,-2959.0,-1.53
2026-04-01T10:39:02.480768Z,19340.0,19721.0,193410.0,196371.0,4727.54,4727.54,No Data,False,1.2877,1.287323,1.2881,True,195.72,195724.2,-2314.2,-1.18,-2961.0,-1.53
2026-04-01T11:35:24.922485Z,19377.0,19758.0,193784.0,196744.0,4747.22,4747.22,No Data,False,1.2877,1.287323,1.2881,True,196.54,196538.97,-2754.97,-1.4,-2960.0,-1.53
2026-04-01T12:39:16.106237Z,19347.0,19728.0,193485.0,196445.0,4735.49,4735.49,No Data,False,1.2877,1.287323,1.2881,True,196.05,196053.34,-2568.34,-1.31,-2960.0,-1.53
2026-04-01T14:15:44.490600Z,19402.0,19783.0,194032.0,196992.0,4744.92,4744.92,No Data,False,1.2877,1.287323,1.2881,True,196.44,196443.75,-2411.75,-1.23,-2960.0,-1.53
2026-04-01T15:45:30.222107Z,19443.0,19824.0,194444.0,197405.0,4786.37,4786.37,No Data,False,1.2846,1.287323,1.2818,True,197.68,197675.07,-3231.07,-1.63,-2961.0,-1.52
2026-04-01T16:50:32.143632Z,19443.0,19824.0,194444.0,197405.0,4783.7,4783.7,No Data,False,1.2846,1.287323,1.2818,True,197.56,197564.8,-3120.8,-1.58,-2961.0,-1.52
2026-04-01T17:46:53.153924Z,19443.0,19824.0,194444.0,197405.0,4780.99,4780.9863,No Data,False,1.2846,1.287323,1.2818,True,197.45,197452.73,-3008.73,-1.52,-2961.0,-1.52
2026-04-01T18:57:35.252759Z,19443.0,19824.0,194444.0,197405.0,4753.39,4753.39,No Data,False,1.2846,1.287323,1.2818,True,196.31,196313.01,-1869.01,-0.95,-2961.0,-1.52
2026-04-01T19:58:14.542604Z,19443.0,19824.0,194444.0,197405.0,4767.79,4767.79,No Data,False,1.2846,1.287323,1.2818,True,196.91,196907.73,-2463.73,-1.25,-2961.0,-1.52
2026-04-01T20:52:22.921198Z,19443.0,19824.0,194444.0,197405.0,4758.99,4758.99,No Data,False,1.2846,1.287323,1.2818,True,196.54,196544.29,-2100.29,-1.07,-2961.0,-1.52
2026-04-01T21:38:43.542061Z,19443.0,19824.0,194444.0,197405.0,4757.3,4757.2959,No Data,False,1.2846,1.287323,1.2818,True,196.47,196474.32,-2030.32,-1.03,-2961.0,-1.52
2026-04-01T22:19:53.181955Z,19443.0,19824.0,194444.0,197405.0,4760.69,4760.6904,No Data,False,1.2846,1.287323,1.2818,True,196.61,196614.52,-2170.52,-1.1,-2961.0,-1.52
2026-04-01T23:00:28.528341Z,19443.0,19824.0,194444.0,197405.0,4775.33,4775.33,No Data,False,1.2846,1.287323,1.2818,True,197.22,197219.13,-2775.13,-1.41,-2961.0,-1.52
2026-04-01T23:50:53.868947Z,19443.0,19824.0,194444.0,197405.0,4783.24,4783.24,No Data,False,1.2846,1.287323,1.2818,True,197.55,197545.81,-3101.81,-1.57,-2961.0,-1.52
2026-04-02T02:00:55.235451Z,19290.0,19672.0,192916.0,195880.0,4697.06,4697.06,No Data,False,1.2825,1.283104,1.2818,True,193.67,193668.04,-752.04,-0.39,-2964.0,-1.54
2026-04-02T04:38:45.168672Z,19167.0,19548.0,191679.0,194644.0,4663.69,4663.69,No Data,False,1.2825,1.283104,1.2818,True,192.29,192292.14,-613.14,-0.32,-2965.0,-1.55
2026-04-02T06:01:41.539334Z,18904.0,19285.0,189049.0,192011.0,4586.57,4586.57,No Data,False,1.2825,1.283104,1.2818,True,189.11,189112.35,-63.35,-0.03,-2962.0,-1.57
2026-04-02T07:43:03.340583Z,18990.0,19371.0,189912.0,192874.0,4635.69,4635.69,No Data,False,1.2825,1.283104,1.2818,True,191.14,191137.65,-1225.65,-0.64,-2962.0,-1.56
2026-04-02T08:52:33.978021Z,19040.0,19421.0,190408.0,193371.0,4627.78,4627.78,No Data,False,1.2825,1.283104,1.2818,True,190.81,190811.51,-403.51,-0.21,-2963.0,-1.56
2026-04-02T09:58:38.306495Z,18978.0,19359.0,189788.0,192750.0,4624.61,4624.61,No Data,False,1.2825,1.283104,1.2818,True,190.68,190680.8,-892.8,-0.47,-2962.0,-1.56
2026-04-02T10:57:51.365151Z,18978.0,19359.0,189788.0,192750.0,4622.91,4622.91,No Data,False,1.2825,1.283104,1.2818,True,190.61,190610.71,-822.71,-0.43,-2962.0,-1.56
2026-04-02T11:50:17.150153Z,18907.0,19288.0,189079.0,192041.0,4605.95,4605.95,No Data,False,1.2825,1.283104,1.2818,True,189.91,189911.42,-832.42,-0.44,-2962.0,-1.57
2026-04-02T13:06:04.438841Z,18995.0,19376.0,189957.0,192919.0,4605.67,4605.67,No Data,False,1.2825,1.283104,1.2818,True,189.9,189899.87,57.13,0.03,-2962.0,-1.56
2026-04-02T14:36:09.317252Z,19124.0,19506.0,191255.0,194218.0,4672.89,4672.89,No Data,False,1.2825,1.283104,1.2818,True,192.67,192671.47,-1416.47,-0.74,-2963.0,-1.55
2026-04-02T15:37:52.738516Z,19234.0,19615.0,192353.0,195315.0,4674.41,4674.41,No Data,False,1.2851,1.283104,1.2871,True,193.13,193132.4,-779.4,-0.4,-2962.0,-1.54
2026-04-02T16:34:35.449228Z,19234.0,19615.0,192353.0,195315.0,4655.68,4655.68,No Data,False,1.2851,1.283104,1.2871,True,192.36,192358.53,-5.53,-0.0,-2962.0,-1.54
2026-04-02T17:28:55.804087Z,19234.0,19615.0,192353.0,195315.0,4654.79,4654.79,No Data,False,1.2851,1.283104,1.2871,True,192.32,192321.76,31.24,0.02,-2962.0,-1.54
2026-04-02T18:32:11.464655Z,19234.0,19615.0,192353.0,195315.0,4655.99,4655.99,No Data,False,1.2851,1.283104,1.2871,True,192.37,192371.34,-18.34,-0.01,-2962.0,-1.54
2026-04-02T19:32:47.442123Z,19234.0,19615.0,192353.0,195315.0,4666.03,4666.03,No Data,False,1.2851,1.283104,1.2871,True,192.79,192786.17,-433.17,-0.22,-2962.0,-1.54
2026-04-02T20:05:13.319930Z,19234.0,19615.0,192353.0,195315.0,4674.09,4674.09,No Data,False,1.2851,1.283104,1.2871,True,193.12,193119.18,-766.18,-0.4,-2962.0,-1.54
2026-04-02T20:56:11.955533Z,19234.0,19615.0,192353.0,195315.0,4671.76,4671.76,No Data,False,1.2851,1.283104,1.2871,True,193.02,193022.91,-669.91,-0.35,-2962.0,-1.54
2026-04-02T21:36:55.934984Z,19234.0,19615.0,192353.0,195315.0,4675.67,4675.6709,No Data,False,1.2851,1.283104,1.2871,True,193.18,193184.5,-831.5,-0.43,-2962.0,-1.54
2026-04-02T22:05:35.325721Z,19234.0,19615.0,192353.0,195315.0,4675.67,4675.6709,No Data,False,1.2851,1.283104,1.2871,True,193.18,193184.5,-831.5,-0.43,-2962.0,-1.54
2026-04-02T22:53:05.968151Z,19234.0,19615.0,192353.0,195315.0,4675.67,4675.6709,No Data,False,1.2851,1.283104,1.2871,True,193.18,193184.5,-831.5,-0.43,-2962.0,-1.54
2026-04-02T23:31:40.152766Z,19234.0,19615.0,192353.0,195315.0,4675.67,4675.6709,No Data,False,1.2851,1.283104,1.2871,True,193.18,193184.5,-831.5,-0.43,-2962.0,-1.54
2026-04-03T00:02:50.702006Z,19234.0,19615.0,192353.0,195315.0,4675.67,4675.6709,No Data,False,1.2851,1.283104,1.2871,True,193.18,193184.5,-831.5,-0.43,-2962.0,-1.54
2026-04-03T03:29:36.458730Z,19234.0,19615.0,192353.0,195315.0,4675.67,4675.6709,No Data,False,1.2865,1.285907,1.2871,True,193.4,193395.18,-1042.18,-0.54,-2962.0,-1.54
2026-04-03T05:24:41.739236Z,19234.0,19615.0,192353.0,195315.0,4675.67,4675.6709,No Data,False,1.2865,1.285907,1.2871,True,193.4,193395.18,-1042.18,-0.54,-2962.0,-1.54
2026-04-03T06:49:27.053087Z,19234.0,19615.0,192353.0,195315.0,4675.67,4675.6709,No Data,False,1.2865,1.285907,1.2871,True,193.4,193395.18,-1042.18,-0.54,-2962.0,-1.54
2026-04-03T08:00:39.523555Z,19234.0,19615.0,192353.0,195315.0,4675.67,4675.6709,No Data,False,1.2865,1.285907,1.2871,True,193.4,193395.18,-1042.18,-0.54,-2962.0,-1.54
2026-04-03T09:11:24.469541Z,19234.0,19615.0,192353.0,195315.0,4675.67,4675.6709,No Data,False,1.2865,1.285907,1.2871,True,193.4,193395.18,-1042.18,-0.54,-2962.0,-1.54
2026-04-03T10:05:19.817593Z,19234.0,19615.0,192353.0,195315.0,4675.67,4675.6709,No Data,False,1.2865,1.285907,1.2871,True,193.4,193395.18,-1042.18,-0.54,-2962.0,-1.54
2026-04-03T11:04:56.957666Z,19234.0,19615.0,192353.0,195315.0,4675.67,4675.6709,No Data,False,1.2865,1.285907,1.2871,True,193.4,193395.18,-1042.18,-0.54,-2962.0,-1.54
2026-04-03T11:54:59.425395Z,19234.0,19615.0,192353.0,195315.0,4675.67,4675.6709,No Data,False,1.2865,1.285907,1.2871,True,193.4,193395.18,-1042.18,-0.54,-2962.0,-1.54
2026-04-03T12:57:32.556095Z,19234.0,19615.0,192353.0,195315.0,4675.67,4675.6709,No Data,False,1.2865,1.285907,1.2871,True,193.4,193395.18,-1042.18,-0.54,-2962.0,-1.54
2026-04-03T14:02:46.542039Z,19234.0,19615.0,192353.0,195315.0,4675.67,4675.6709,No Data,False,1.2865,1.285907,1.2871,True,193.4,193395.18,-1042.18,-0.54,-2962.0,-1.54
2026-04-03T15:04:07.631323Z,19234.0,19615.0,192353.0,195315.0,4675.67,4675.6709,No Data,False,1.2865,1.285907,1.2871,True,193.4,193395.18,-1042.18,-0.54,-2962.0,-1.54
2026-04-03T15:55:25.652823Z,19234.0,19615.0,192353.0,195315.0,4675.67,4675.6709,No Data,False,1.2865,1.285907,1.2871,True,193.4,193395.18,-1042.18,-0.54,-2962.0,-1.54
2026-04-03T16:36:45.068964Z,19234.0,19615.0,192353.0,195315.0,4675.67,4675.6709,No Data,False,1.2865,1.285907,1.2871,True,193.4,193395.18,-1042.18,-0.54,-2962.0,-1.54
2026-04-03T17:06:10.072871Z,19234.0,19615.0,192353.0,195315.0,4675.67,4675.6709,No Data,False,1.2865,1.285907,1.2871,True,193.4,193395.18,-1042.18,-0.54,-2962.0,-1.54
2026-04-03T17:53:53.623384Z,19234.0,19615.0,192353.0,195315.0,4675.67,4675.6709,No Data,False,1.2865,1.285907,1.2871,True,193.4,193395.18,-1042.18,-0.54,-2962.0,-1.54
2026-04-03T18:42:11.517494Z,19234.0,19615.0,192353.0,195315.0,4675.67,4675.6709,No Data,False,1.2865,1.285907,1.2871,True,193.4,193395.18,-1042.18,-0.54,-2962.0,-1.54
2026-04-03T19:36:00.762321Z,19234.0,19615.0,192353.0,195315.0,4675.67,4675.6709,No Data,False,1.2865,1.285907,1.2871,True,193.4,193395.18,-1042.18,-0.54,-2962.0,-1.54
2026-04-03T20:03:09.137015Z,19234.0,19615.0,192353.0,195315.0,4675.67,4675.6709,No Data,False,1.2865,1.285907,1.2871,True,193.4,193395.18,-1042.18,-0.54,-2962.0,-1.54
2026-04-03T20:55:18.268838Z,19234.0,19615.0,192353.0,195315.0,4675.67,4675.6709,No Data,False,1.2865,1.285907,1.2871,True,193.4,193395.18,-1042.18,-0.54,-2962.0,-1.54
2026-04-03T21:30:55.034841Z,19234.0,19615.0,192353.0,195315.0,4675.67,4675.6709,No Data,False,1.2865,1.285907,1.2871,True,193.4,193395.18,-1042.18,-0.54,-2962.0,-1.54
2026-04-03T22:01:18.543779Z,19234.0,19615.0,192353.0,195315.0,4675.67,4675.6709,No Data,False,1.2865,1.285907,1.2871,True,193.4,193395.18,-1042.18,-0.54,-2962.0,-1.54
2026-04-03T22:54:41.103190Z,19234.0,19615.0,192353.0,195315.0,4675.67,4675.6709,No Data,False,1.2865,1.285907,1.2871,True,193.4,193395.18,-1042.18,-0.54,-2962.0,-1.54
2026-04-03T23:30:54.842694Z,19234.0,19615.0,192353.0,195315.0,4675.67,4675.6709,No Data,False,1.2865,1.285907,1.2871,True,193.4,193395.18,-1042.18,-0.54,-2962.0,-1.54
2026-04-04T00:00:36.695740Z,19234.0,19615.0,192353.0,195315.0,4675.67,4675.6709,No Data,False,1.2865,1.285907,1.2871,True,193.4,193395.18,-1042.18,-0.54,-2962.0,-1.54
2026-04-04T03:17:43.143717Z,19234.0,19615.0,192353.0,195315.0,4675.67,4675.6709,No Data,False,1.2868,1.286514,1.2871,True,193.44,193440.8,-1087.8,-0.56,-2962.0,-1.54
2026-04-04T05:04:36.848853Z,19234.0,19615.0,192353.0,195315.0,4675.67,4675.6709,No Data,False,1.2868,1.286514,1.2871,True,193.44,193440.8,-1087.8,-0.56,-2962.0,-1.54
2026-04-04T06:14:10.556145Z,19234.0,19615.0,192353.0,195315.0,4675.67,4675.6709,No Data,False,1.2868,1.286514,1.2871,True,193.44,193440.8,-1087.8,-0.56,-2962.0,-1.54
2026-04-04T07:28:34.101253Z,19234.0,19615.0,192353.0,195315.0,4675.67,4675.6709,No Data,False,1.2868,1.286514,1.2871,True,193.44,193440.8,-1087.8,-0.56,-2962.0,-1.54
2026-04-04T08:05:34.269144Z,19234.0,19615.0,192353.0,195315.0,4675.67,4675.6709,No Data,False,1.2868,1.286514,1.2871,True,193.44,193440.8,-1087.8,-0.56,-2962.0,-1.54
2026-04-04T09:00:42.286793Z,19234.0,19615.0,192353.0,195315.0,4675.67,4675.6709,No Data,False,1.2868,1.286514,1.2871,True,193.44,193440.8,-1087.8,-0.56,-2962.0,-1.54
2026-04-04T09:56:22.420536Z,19234.0,19615.0,192353.0,195315.0,4675.67,4675.6709,No Data,False,1.2868,1.286514,1.2871,True,193.44,193440.8,-1087.8,-0.56,-2962.0,-1.54
2026-04-04T10:33:28.099582Z,19234.0,19615.0,192353.0,195315.0,4675.67,4675.6709,No Data,False,1.2868,1.286514,1.2871,True,193.44,193440.8,-1087.8,-0.56,-2962.0,-1.54
2026-04-04T11:02:53.548341Z,19234.0,19615.0,192353.0,195315.0,4675.67,4675.6709,No Data,False,1.2868,1.286514,1.2871,True,193.44,193440.8,-1087.8,-0.56,-2962.0,-1.54
2026-04-04T11:45:47.787065Z,19234.0,19615.0,192353.0,195315.0,4675.67,4675.6709,No Data,False,1.2868,1.286514,1.2871,True,193.44,193440.8,-1087.8,-0.56,-2962.0,-1.54
2026-04-04T12:48:56.148068Z,19234.0,19615.0,192353.0,195315.0,4675.67,4675.6709,No Data,False,1.2868,1.286514,1.2871,True,193.44,193440.8,-1087.8,-0.56,-2962.0,-1.54
2026-04-04T13:51:03.978153Z,19234.0,19615.0,192353.0,195315.0,4675.67,4675.6709,No Data,False,1.2868,1.286514,1.2871,True,193.44,193440.8,-1087.8,-0.56,-2962.0,-1.54
2026-04-04T14:31:17.433131Z,19234.0,19615.0,192353.0,195315.0,4675.67,4675.6709,No Data,False,1.2868,1.286514,1.2871,True,193.44,193440.8,-1087.8,-0.56,-2962.0,-1.54
2026-04-04T15:02:43.642093Z,19234.0,19615.0,192353.0,195315.0,4675.67,4675.6709,No Data,False,1.2868,1.286514,1.2871,True,193.44,193440.8,-1087.8,-0.56,-2962.0,-1.54
2026-04-04T15:48:56.507880Z,19234.0,19615.0,192353.0,195315.0,4675.67,4675.6709,No Data,False,1.2868,1.286514,1.2871,True,193.44,193440.8,-1087.8,-0.56,-2962.0,-1.54
2026-04-04T16:31:36.910110Z,19234.0,19615.0,192353.0,195315.0,4675.67,4675.6709,No Data,False,1.2868,1.286514,1.2871,True,193.44,193440.8,-1087.8,-0.56,-2962.0,-1.54
2026-04-04T17:04:44.781848Z,19234.0,19615.0,192353.0,195315.0,4675.67,4675.6709,No Data,False,1.2868,1.286514,1.2871,True,193.44,193440.8,-1087.8,-0.56,-2962.0,-1.54
2026-04-04T17:50:31.310776Z,19234.0,19615.0,192353.0,195315.0,4675.67,4675.6709,No Data,False,1.2868,1.286514,1.2871,True,193.44,193440.8,-1087.8,-0.56,-2962.0,-1.54
2026-04-04T18:37:46.044943Z,19234.0,19615.0,192353.0,195315.0,4675.67,4675.6709,No Data,False,1.2868,1.286514,1.2871,True,193.44,193440.8,-1087.8,-0.56,-2962.0,-1.54
2026-04-04T19:18:43.174840Z,19234.0,19615.0,192353.0,195315.0,4675.67,4675.6709,No Data,False,1.2868,1.286514,1.2871,True,193.44,193440.8,-1087.8,-0.56,-2962.0,-1.54
2026-04-04T19:48:47.412768Z,19234.0,19615.0,192353.0,195315.0,4675.67,4675.6709,No Data,False,1.2868,1.286514,1.2871,True,193.44,193440.8,-1087.8,-0.56,-2962.0,-1.54
2026-04-04T20:27:31.699087Z,19234.0,19615.0,192353.0,195315.0,4675.67,4675.6709,No Data,False,1.2868,1.286514,1.2871,True,193.44,193440.8,-1087.8,-0.56,-2962.0,-1.54
2026-04-04T21:00:51.709792Z,19234.0,19615.0,192353.0,195315.0,4675.67,4675.6709,No Data,False,1.2868,1.286514,1.2871,True,193.44,193440.8,-1087.8,-0.56,-2962.0,-1.54
2026-04-04T21:48:28.170698Z,19234.0,19615.0,192353.0,195315.0,4675.67,4675.6709,No Data,False,1.2868,1.286514,1.2871,True,193.44,193440.8,-1087.8,-0.56,-2962.0,-1.54
2026-04-04T22:25:58.850894Z,19234.0,19615.0,192353.0,195315.0,4675.67,4675.6709,No Data,False,1.2868,1.286514,1.2871,True,193.44,193440.8,-1087.8,-0.56,-2962.0,-1.54
2026-04-04T23:00:35.960284Z,19234.0,19615.0,192353.0,195315.0,4675.67,4675.6709,No Data,False,1.2868,1.286514,1.2871,True,193.44,193440.8,-1087.8,-0.56,-2962.0,-1.54
2026-04-04T23:48:48.822067Z,19234.0,19615.0,192353.0,195315.0,4675.67,4675.6709,No Data,False,1.2868,1.286514,1.2871,True,193.44,193440.8,-1087.8,-0.56,-2962.0,-1.54
2026-04-05T02:08:36.851629Z,19234.0,19615.0,192353.0,195315.0,4675.67,4675.6709,No Data,False,1.2867,1.286396,1.2871,True,193.43,193431.93,-1078.93,-0.56,-2962.0,-1.54
2026-04-05T04:46:20.454444Z,19234.0,19615.0,192353.0,195315.0,4675.67,4675.6709,No Data,False,1.2867,1.286396,1.2871,True,193.43,193431.93,-1078.93,-0.56,-2962.0,-1.54
2026-04-05T06:13:16.910324Z,19234.0,19615.0,192353.0,195315.0,4675.67,4675.6709,No Data,False,1.2867,1.286396,1.2871,True,193.43,193431.93,-1078.93,-0.56,-2962.0,-1.54
2026-04-05T07:33:43.427058Z,19234.0,19615.0,192353.0,195315.0,4675.67,4675.6709,No Data,False,1.2867,1.286396,1.2871,True,193.43,193431.93,-1078.93,-0.56,-2962.0,-1.54
2026-04-05T08:06:04.844642Z,19234.0,19615.0,192353.0,195315.0,4675.67,4675.6709,No Data,False,1.2867,1.286396,1.2871,True,193.43,193431.93,-1078.93,-0.56,-2962.0,-1.54
2026-04-05T09:01:21.699256Z,19234.0,19615.0,192353.0,195315.0,4675.67,4675.6709,No Data,False,1.2867,1.286396,1.2871,True,193.43,193431.93,-1078.93,-0.56,-2962.0,-1.54
2026-04-05T09:58:01.830272Z,19234.0,19615.0,192353.0,195315.0,4675.67,4675.6709,No Data,False,1.2867,1.286396,1.2871,True,193.43,193431.93,-1078.93,-0.56,-2962.0,-1.54
2026-04-05T10:40:08.797817Z,19234.0,19615.0,192353.0,195315.0,4675.67,4675.6709,No Data,False,1.2867,1.286396,1.2871,True,193.43,193431.93,-1078.93,-0.56,-2962.0,-1.54
2026-04-05T11:05:39.684598Z,19234.0,19615.0,192353.0,195315.0,4675.67,4675.6709,No Data,False,1.2867,1.286396,1.2871,True,193.43,193431.93,-1078.93,-0.56,-2962.0,-1.54
2026-04-05T11:46:21.501354Z,19234.0,19615.0,192353.0,195315.0,4675.67,4675.6709,No Data,False,1.2867,1.286396,1.2871,True,193.43,193431.93,-1078.93,-0.56,-2962.0,-1.54
2026-04-05T12:51:31.880578Z,19234.0,19615.0,192353.0,195315.0,4675.67,4675.6709,No Data,False,1.2867,1.286396,1.2871,True,193.43,193431.93,-1078.93,-0.56,-2962.0,-1.54
2026-04-05T13:52:36.556007Z,19234.0,19615.0,192353.0,195315.0,4675.67,4675.6709,No Data,False,1.2867,1.286396,1.2871,True,193.43,193431.93,-1078.93,-0.56,-2962.0,-1.54
2026-04-05T14:33:09.038970Z,19234.0,19615.0,192353.0,195315.0,4675.67,4675.6709,No Data,False,1.2867,1.286396,1.2871,True,193.43,193431.93,-1078.93,-0.56,-2962.0,-1.54
2026-04-05T15:04:38.784633Z,19234.0,19615.0,192353.0,195315.0,4675.67,4675.6709,No Data,False,1.2867,1.286396,1.2871,True,193.43,193431.93,-1078.93,-0.56,-2962.0,-1.54
2026-04-05T15:48:30.743771Z,19234.0,19615.0,192353.0,195315.0,4675.67,4675.6709,No Data,False,1.2867,1.286396,1.2871,True,193.43,193431.93,-1078.93,-0.56,-2962.0,-1.54
2026-04-05T16:32:54.194045Z,19234.0,19615.0,192353.0,195315.0,4675.67,4675.6709,No Data,False,1.2867,1.286396,1.2871,True,193.43,193431.93,-1078.93,-0.56,-2962.0,-1.54
2026-04-05T17:04:56.839460Z,19234.0,19615.0,192353.0,195315.0,4675.67,4675.6709,No Data,False,1.2867,1.286396,1.2871,True,193.43,193431.93,-1078.93,-0.56,-2962.0,-1.54
2026-04-05T17:50:57.860006Z,19234.0,19615.0,192353.0,195315.0,4675.67,4675.6709,No Data,False,1.2867,1.286396,1.2871,True,193.43,193431.93,-1078.93,-0.56,-2962.0,-1.54
2026-04-05T18:39:09.229984Z,19234.0,19615.0,192353.0,195315.0,4675.67,4675.6709,No Data,False,1.2867,1.286396,1.2871,True,193.43,193431.93,-1078.93,-0.56,-2962.0,-1.54
2026-04-05T19:22:11.514790Z,19234.0,19615.0,192353.0,195315.0,4675.67,4675.6709,No Data,False,1.2867,1.286396,1.2871,True,193.43,193431.93,-1078.93,-0.56,-2962.0,-1.54
2026-04-05T19:57:50.289260Z,19234.0,19615.0,192353.0,195315.0,4675.67,4675.6709,No Data,False,1.2867,1.286396,1.2871,True,193.43,193431.93,-1078.93,-0.56,-2962.0,-1.54
2026-04-05T20:38:29.778600Z,19234.0,19615.0,192353.0,195315.0,4675.67,4675.6709,No Data,False,1.2867,1.286396,1.2871,True,193.43,193431.93,-1078.93,-0.56,-2962.0,-1.54
2026-04-05T21:02:55.276601Z,19234.0,19615.0,192353.0,195315.0,4675.67,4675.6709,No Data,False,1.2867,1.286396,1.2871,True,193.43,193431.93,-1078.93,-0.56,-2962.0,-1.54
2026-04-05T21:48:48.364473Z,19234.0,19615.0,192353.0,195315.0,4675.67,4675.6709,No Data,False,1.2867,1.286396,1.2871,True,193.43,193431.93,-1078.93,-0.56,-2962.0,-1.54
2026-04-05T22:27:33.775918Z,19234.0,19615.0,192353.0,195315.0,4633.2,4633.2,No Data,False,1.2867,1.286396,1.2871,True,191.67,191674.92,678.08,0.35,-2962.0,-1.54
2026-04-05T23:02:46.865315Z,19234.0,19615.0,192353.0,195315.0,4637.99,4637.99,No Data,False,1.2867,1.286396,1.2871,True,191.87,191873.08,479.92,0.25,-2962.0,-1.54
2026-04-05T23:50:48.733338Z,19234.0,19615.0,192353.0,195315.0,4613.0,4613.0,No Data,False,1.2867,1.286396,1.2871,True,190.84,190839.25,1513.75,0.79,-2962.0,-1.54
2026-04-06T02:09:37.018070Z,18990.0,19371.0,189912.0,192874.0,4628.74,4628.74,No Data,False,1.287,1.286815,1.2871,True,191.52,191521.59,-1609.59,-0.84,-2962.0,-1.56
2026-04-06T05:07:15.201306Z,19083.0,19464.0,190842.0,193804.0,4663.2,4663.2,No Data,False,1.287,1.286815,1.2871,True,192.95,192947.42,-2105.42,-1.09,-2962.0,-1.55
2026-04-06T07:03:28.281623Z,19108.0,19489.0,191087.0,194048.0,4662.59,4662.59,No Data,False,1.287,1.286815,1.2871,True,192.92,192922.18,-1835.18,-0.95,-2961.0,-1.55
2026-04-06T08:48:02.914145Z,19196.0,19576.0,191967.0,194926.0,4693.34,4693.34,No Data,False,1.287,1.286815,1.2871,True,194.19,194194.52,-2227.52,-1.15,-2959.0,-1.54
2026-04-06T10:06:17.816997Z,19253.0,19634.0,192541.0,195500.0,4694.39,4694.3872,No Data,False,1.287,1.286815,1.2871,True,194.24,194237.85,-1696.85,-0.87,-2959.0,-1.54
2026-04-06T11:13:56.810346Z,19219.0,19600.0,192203.0,195163.0,4689.97,4689.97,No Data,False,1.287,1.286815,1.2871,True,194.06,194055.08,-1852.08,-0.95,-2960.0,-1.54
2026-04-06T12:00:14.324308Z,19219.0,19600.0,192203.0,195163.0,4677.42,4677.42,No Data,False,1.287,1.286815,1.2871,True,193.54,193535.8,-1332.8,-0.69,-2960.0,-1.54
2026-04-06T13:40:04.399077Z,19172.0,19553.0,191734.0,194694.0,4674.1,4674.1,No Data,False,1.287,1.286815,1.2871,True,193.4,193398.43,-1664.43,-0.86,-2960.0,-1.54
2026-04-06T14:33:44.277094Z,19178.0,19559.0,191791.0,194750.0,4683.92,4683.9165,No Data,False,1.287,1.286815,1.2871,True,193.8,193804.6,-2013.6,-1.04,-2959.0,-1.54
2026-04-06T15:28:34.924196Z,19178.0,19559.0,191791.0,194750.0,4667.1,4667.1,No Data,False,1.287,1.286815,1.2871,True,193.11,193108.79,-1317.79,-0.68,-2959.0,-1.54
2026-04-06T16:27:17.613790Z,19178.0,19559.0,191791.0,194750.0,4667.96,4667.96,No Data,False,1.287,1.286815,1.2871,True,193.14,193144.38,-1353.38,-0.7,-2959.0,-1.54
2026-04-06T17:28:45.429014Z,19178.0,19559.0,191791.0,194750.0,4659.48,4659.48,No Data,False,1.287,1.286815,1.2871,True,192.79,192793.5,-1002.5,-0.52,-2959.0,-1.54
2026-04-06T18:34:35.488494Z,19178.0,19559.0,191791.0,194750.0,4658.14,4658.14,No Data,False,1.287,1.286815,1.2871,True,192.74,192738.06,-947.06,-0.49,-2959.0,-1.54
2026-04-06T19:38:49.013122Z,19178.0,19559.0,191791.0,194750.0,4651.26,4651.2573,No Data,False,1.287,1.286815,1.2871,True,192.45,192453.28,-662.28,-0.34,-2959.0,-1.54
2026-04-06T20:22:03.761092Z,19178.0,19559.0,191791.0,194750.0,4657.61,4657.61,No Data,False,1.2868,1.286815,No Data,False,192.69,192694.79,-903.79,-0.47,-2959.0,-1.54
2026-04-06T21:08:25.384361Z,19178.0,19559.0,191791.0,194750.0,4647.39,4647.3877,No Data,False,1.287,1.286815,1.2871,True,192.29,192293.16,-502.16,-0.26,-2959.0,-1.54
2026-04-06T21:53:01.413490Z,19178.0,19559.0,191791.0,194750.0,4647.39,4647.3877,No Data,False,1.287,1.286815,1.2871,True,192.29,192293.16,-502.16,-0.26,-2959.0,-1.54
2026-04-06T22:33:04.890273Z,19178.0,19559.0,191791.0,194750.0,4659.49,4659.49,No Data,False,1.287,1.286815,1.2871,True,192.79,192793.92,-1002.92,-0.52,-2959.0,-1.54
2026-04-06T23:07:19.750402Z,19178.0,19559.0,191791.0,194750.0,4660.29,4660.29,No Data,False,1.287,1.286815,1.2871,True,192.83,192827.02,-1036.02,-0.54,-2959.0,-1.54
2026-04-06T23:52:24.475557Z,19178.0,19559.0,191791.0,194750.0,4657.09,4657.09,No Data,False,1.287,1.286815,1.2871,True,192.69,192694.61,-903.61,-0.47,-2959.0,-1.54
2026-04-07T02:05:19.482514Z,18995.0,19376.0,189965.0,192927.0,4628.49,4628.49,No Data,False,1.2861,1.285012,1.2871,True,191.38,191377.09,-1412.09,-0.74,-2962.0,-1.56
2026-04-07T04:42:49.349278Z,19112.0,19493.0,191131.0,194094.0,4660.56,4660.56,No Data,False,1.2861,1.285012,1.2871,True,192.7,192703.11,-1572.11,-0.82,-2963.0,-1.55
2026-04-07T06:18:03.137373Z,19035.0,19416.0,190363.0,193323.0,4645.07,4645.0693,No Data,False,1.2861,1.285012,1.2871,True,192.06,192062.61,-1699.61,-0.88,-2960.0,-1.55
2026-04-07T07:52:24.989165Z,19039.0,19420.0,190401.0,193360.0,4640.47,4640.47,No Data,False,1.2861,1.285012,1.2871,True,191.87,191872.44,-1471.44,-0.77,-2959.0,-1.55
2026-04-07T08:58:30.423646Z,19180.0,19561.0,191813.0,194772.0,4685.72,4685.72,No Data,False,1.2861,1.285012,1.2871,True,193.74,193743.42,-1930.42,-1.0,-2959.0,-1.54
2026-04-07T10:11:25.940707Z,19126.0,19507.0,191274.0,194231.0,4674.72,4674.72,No Data,False,1.2861,1.285012,1.2871,True,193.29,193288.59,-2014.59,-1.04,-2957.0,-1.55
2026-04-07T11:15:48.602550Z,19069.0,19450.0,190702.0,193661.0,4635.99,4635.99,No Data,False,1.2861,1.285012,1.2871,True,191.69,191687.2,-985.2,-0.51,-2959.0,-1.55
2026-04-07T12:04:54.430785Z,19098.0,19479.0,190991.0,193950.0,4657.05,4657.05,No Data,False,1.2861,1.285012,1.2871,True,192.56,192557.98,-1566.98,-0.81,-2959.0,-1.55
2026-04-07T14:02:39.580590Z,19048.0,19428.0,190487.0,193447.0,4633.55,4633.55,No Data,False,1.2861,1.285012,1.2871,True,191.59,191586.31,-1099.31,-0.57,-2960.0,-1.55
2026-04-07T15:47:14.933588Z,19013.0,19393.0,190141.0,193097.0,4648.13,4648.13,No Data,False,1.2849,1.285012,1.2847,True,192.01,192009.83,-1868.83,-0.97,-2956.0,-1.55
2026-04-07T16:54:23.330563Z,19013.0,19393.0,190141.0,193097.0,4660.88,4660.88,No Data,False,1.2849,1.285012,1.2847,True,192.54,192536.52,-2395.52,-1.24,-2956.0,-1.55
2026-04-07T17:56:31.081938Z,19013.0,19393.0,190141.0,193097.0,4676.81,4676.81,No Data,False,1.2849,1.285012,1.2847,True,193.19,193194.57,-3053.57,-1.58,-2956.0,-1.55
2026-04-07T19:03:39.065035Z,19013.0,19393.0,190141.0,193097.0,4665.08,4665.08,No Data,False,1.2849,1.285012,1.2847,True,192.71,192710.02,-2569.02,-1.33,-2956.0,-1.55
2026-04-07T20:02:31.677941Z,19013.0,19393.0,190141.0,193097.0,4705.49,4705.49,No Data,False,1.2849,1.285012,1.2847,True,194.38,194379.32,-4238.32,-2.18,-2956.0,-1.55
2026-04-07T21:05:01.352981Z,19013.0,19393.0,190141.0,193097.0,4702.5,4702.5049,No Data,False,1.2849,1.285012,1.2847,True,194.26,194256.0,-4115.0,-2.12,-2956.0,-1.55
2026-04-07T22:00:07.668578Z,19013.0,19393.0,190141.0,193097.0,4703.02,4703.02,No Data,False,1.2849,1.285012,1.2847,True,194.28,194277.28,-4136.28,-2.13,-2956.0,-1.55
2026-04-07T22:51:19.827709Z,19013.0,19393.0,190141.0,193097.0,4777.69,4777.69,No Data,False,1.2849,1.285012,1.2847,True,197.36,197361.83,-7220.83,-3.66,-2956.0,-1.55
2026-04-07T23:34:22.063627Z,19013.0,19393.0,190141.0,193097.0,4809.09,4809.09,No Data,False,1.2849,1.285012,1.2847,True,198.66,198658.93,-8517.93,-4.29,-2956.0,-1.55
2026-04-08T00:05:44.002882Z,19612.0,19991.0,196128.0,199079.0,4843.19,4843.19,No Data,False,1.2849,1.285012,1.2847,True,200.07,200067.57,-3939.57,-1.97,-2951.0,-1.5
2026-04-08T03:33:44.514515Z,19510.0,19889.0,195109.0,198056.0,4798.02,4798.02,No Data,False,1.2832,1.281745,1.2847,True,197.95,197949.66,-2840.66,-1.44,-2947.0,-1.51
2026-04-08T05:29:44.469940Z,19535.0,19914.0,195360.0,198307.0,4815.56,4815.56,No Data,False,1.2832,1.281745,1.2847,True,198.67,198673.3,-3313.3,-1.67,-2947.0,-1.51
2026-04-08T07:00:22.742239Z,19619.0,19997.0,196199.0,199144.0,4817.44,4817.44,No Data,False,1.2832,1.281745,1.2847,True,198.75,198750.86,-2551.86,-1.28,-2945.0,-1.5
2026-04-08T08:38:02.515471Z,19527.0,19906.0,195278.0,198226.0,4804.3,4804.3,No Data,False,1.2832,1.281745,1.2847,True,198.21,198208.75,-2930.75,-1.48,-2948.0,-1.51
2026-04-08T09:49:05.005844Z,19519.0,19898.0,195202.0,198148.0,4782.95,4782.95,No Data,False,1.2832,1.281745,1.2847,True,197.33,197327.92,-2125.92,-1.08,-2946.0,-1.51
2026-04-08T10:53:22.895172Z,19494.0,19873.0,194951.0,197898.0,4793.39,4793.39,No Data,False,1.2832,1.281745,1.2847,True,197.76,197758.64,-2807.64,-1.42,-2947.0,-1.51
2026-04-08T11:52:39.725995Z,19425.0,19804.0,194260.0,197205.0,4795.66,4795.66,No Data,False,1.2832,1.281745,1.2847,True,197.85,197852.29,-3592.29,-1.82,-2945.0,-1.52
2026-04-08T13:14:32.808826Z,19504.0,19882.0,195048.0,197993.0,4792.08,4792.08,No Data,False,1.2832,1.281745,1.2847,True,197.7,197704.6,-2656.6,-1.34,-2945.0,-1.51
2026-04-08T14:50:11.075949Z,19328.0,19706.0,193289.0,196231.0,4757.17,4757.17,No Data,False,1.2832,1.281745,1.2847,True,196.26,196264.33,-2975.33,-1.52,-2942.0,-1.52
2026-04-08T16:13:33.482688Z,19328.0,19706.0,193289.0,196231.0,4755.99,4755.99,No Data,False,1.2773,1.281745,1.2729,True,195.31,195313.49,-2024.49,-1.04,-2942.0,-1.52
2026-04-08T17:33:45.026756Z,19328.0,19706.0,193289.0,196231.0,4749.63,4749.63,No Data,False,1.2773,1.281745,1.2729,True,195.05,195052.3,-1763.3,-0.9,-2942.0,-1.52
2026-04-08T18:49:40.571777Z,19328.0,19706.0,193289.0,196231.0,4709.45,4709.45,No Data,False,1.2773,1.281745,1.2729,True,193.4,193402.24,-113.24,-0.06,-2942.0,-1.52
2026-04-08T19:57:11.081733Z,19328.0,19706.0,193289.0,196231.0,4728.89,4728.89,No Data,False,1.2773,1.281745,1.2729,True,194.2,194200.58,-911.58,-0.47,-2942.0,-1.52
2026-04-08T20:46:16.412709Z,19328.0,19706.0,193289.0,196231.0,4722.71,4722.71,No Data,False,1.2773,1.281745,1.2729,True,193.95,193946.78,-657.78,-0.34,-2942.0,-1.52
2026-04-08T21:38:44.075351Z,19328.0,19706.0,193289.0,196231.0,4727.53,4727.5298,No Data,False,1.2773,1.281745,1.2729,True,194.14,194144.72,-855.72,-0.44,-2942.0,-1.52
2026-04-08T22:23:11.893321Z,19328.0,19706.0,193289.0,196231.0,4705.3,4705.3,No Data,False,1.2773,1.281745,1.2729,True,193.23,193231.81,57.19,0.03,-2942.0,-1.52
2026-04-08T23:22:01.080962Z,19328.0,19706.0,193289.0,196231.0,4712.14,4712.14,No Data,False,1.2773,1.281745,1.2729,True,193.51,193512.71,-223.71,-0.12,-2942.0,-1.52
2026-04-09T00:02:01.122091Z,19328.0,19706.0,193289.0,196231.0,4706.06,4706.0557,No Data,False,1.2773,1.281745,1.2729,True,193.26,193262.84,26.16,0.01,-2942.0,-1.52
2026-04-09T03:30:01.210252Z,19159.0,19537.0,191599.0,194540.0,4710.97,4710.97,No Data,False,1.2735,1.274118,1.2729,True,192.89,192887.06,-1288.06,-0.67,-2941.0,-1.53
2026-04-09T05:30:12.934686Z,19203.0,19581.0,192038.0,194981.0,4725.21,4725.21,No Data,False,1.2735,1.274118,1.2729,True,193.47,193470.11,-1432.11,-0.74,-2943.0,-1.53
2026-04-09T07:03:19.450440Z,19166.0,19545.0,191674.0,194616.0,4713.46,4713.46,No Data,False,1.2735,1.274118,1.2729,True,192.99,192989.01,-1315.01,-0.68,-2942.0,-1.53
2026-04-09T08:48:29.067025Z,19215.0,19593.0,192159.0,195103.0,4731.59,4731.59,No Data,False,1.2735,1.274118,1.2729,True,193.73,193731.33,-1572.33,-0.81,-2944.0,-1.53
2026-04-09T10:10:35.277257Z,19232.0,19610.0,192327.0,195272.0,4728.37,4728.37,No Data,False,1.2735,1.274118,1.2729,True,193.6,193599.49,-1272.49,-0.66,-2945.0,-1.53
2026-04-09T11:17:46.251080Z,19301.0,19680.0,193024.0,195970.0,4740.34,4740.34,No Data,False,1.2735,1.274118,1.2729,True,194.09,194089.59,-1065.59,-0.55,-2946.0,-1.53
2026-04-09T12:06:33.787562Z,19327.0,19706.0,193282.0,196226.0,4748.15,4748.15,No Data,False,1.2735,1.274118,1.2729,True,194.41,194409.37,-1127.37,-0.58,-2944.0,-1.52
2026-04-09T14:16:26.318490Z,19397.0,19775.0,193979.0,196923.0,4768.25,4768.25,No Data,False,1.2735,1.274118,1.2729,True,195.23,195232.35,-1253.35,-0.64,-2944.0,-1.52
2026-04-09T15:56:45.902298Z,19330.0,19709.0,193312.0,196257.0,4788.48,4788.48,No Data,False,1.2743,1.274118,1.2744,True,196.18,196176.11,-2864.11,-1.46,-2945.0,-1.52
2026-04-09T17:08:33.414684Z,19330.0,19709.0,193312.0,196257.0,4792.0,4792.0,No Data,False,1.2743,1.274118,1.2744,True,196.32,196320.32,-3008.32,-1.53,-2945.0,-1.52
2026-04-09T18:11:51.627687Z,19330.0,19709.0,193312.0,196257.0,4786.03,4786.03,No Data,False,1.2743,1.274118,1.2744,True,196.08,196075.74,-2763.74,-1.41,-2945.0,-1.52
2026-04-09T19:40:07.743600Z,19330.0,19709.0,193312.0,196257.0,4771.1,4771.1,No Data,False,1.2743,1.274118,1.2744,True,195.46,195464.08,-2152.08,-1.1,-2945.0,-1.52
2026-04-09T20:31:42.457178Z,19330.0,19709.0,193312.0,196257.0,4771.23,4771.23,No Data,False,1.2743,1.274118,1.2744,True,195.47,195469.41,-2157.41,-1.1,-2945.0,-1.52
2026-04-09T21:27:20.689171Z,19330.0,19709.0,193312.0,196257.0,4763.62,4763.6235,No Data,False,1.2743,1.274118,1.2744,True,195.16,195157.78,-1845.78,-0.95,-2945.0,-1.52
2026-04-09T22:22:57.706084Z,19330.0,19709.0,193312.0,196257.0,4766.08,4766.0811,No Data,False,1.2743,1.274118,1.2744,True,195.26,195258.47,-1946.47,-1.0,-2945.0,-1.52
2026-04-09T23:23:03.272431Z,19330.0,19709.0,193312.0,196257.0,4757.94,4757.94,No Data,False,1.2743,1.274118,1.2744,True,194.92,194924.94,-1612.94,-0.83,-2945.0,-1.52
2026-04-10T00:06:01.387882Z,19344.0,19722.0,193448.0,196390.0,4756.23,4756.23,No Data,False,1.2743,1.274118,1.2744,True,194.85,194854.88,-1406.88,-0.72,-2942.0,-1.52
2026-04-10T03:43:27.861743Z,19335.0,19714.0,193365.0,196308.0,4763.34,4763.34,No Data,False,1.2739,1.27345,1.2744,True,195.1,195095.02,-1730.02,-0.89,-2943.0,-1.52
2026-04-10T05:55:36.726146Z,19352.0,19731.0,193534.0,196477.0,4765.26,4765.26,No Data,False,1.2739,1.27345,1.2744,True,195.17,195173.66,-1639.66,-0.84,-2943.0,-1.52
2026-04-10T07:24:50.797254Z,19310.0,19688.0,193108.0,196052.0,4753.37,4753.37,No Data,False,1.2739,1.27345,1.2744,True,194.69,194686.67,-1578.67,-0.81,-2944.0,-1.52
2026-04-10T08:53:44.391707Z,19338.0,19716.0,193388.0,196334.0,4730.72,4730.72,No Data,False,1.2739,1.27345,1.2744,True,193.76,193758.98,-370.98,-0.19,-2946.0,-1.52
2026-04-10T10:05:51.005235Z,19310.0,19688.0,193108.0,196052.0,4745.45,4745.45,No Data,False,1.2739,1.27345,1.2744,True,194.36,194362.29,-1254.29,-0.65,-2944.0,-1.52
2026-04-10T11:13:25.511448Z,19343.0,19721.0,193441.0,196385.0,4754.74,4754.74,No Data,False,1.2739,1.27345,1.2744,True,194.74,194742.78,-1301.78,-0.67,-2944.0,-1.52
2026-04-10T12:01:30.545016Z,19364.0,19742.0,193646.0,196590.0,4767.88,4767.88,No Data,False,1.2739,1.27345,1.2744,True,195.28,195280.97,-1634.97,-0.84,-2944.0,-1.52
2026-04-10T13:51:31.862746Z,19410.0,19788.0,194107.0,197051.0,4770.26,4770.26,No Data,False,1.2739,1.27345,1.2744,True,195.38,195378.45,-1271.45,-0.65,-2944.0,-1.52
2026-04-10T14:44:38.084687Z,19419.0,19797.0,194206.0,197146.0,4785.48,4785.48,No Data,False,1.2739,1.27345,1.2744,True,196.0,196001.82,-1795.82,-0.92,-2940.0,-1.51
2026-04-10T15:50:46.301998Z,19419.0,19797.0,194206.0,197146.0,4765.59,4765.59,No Data,False,1.2737,1.27345,1.2739,True,195.15,195148.87,-942.87,-0.48,-2940.0,-1.51
2026-04-10T16:47:02.325488Z,19419.0,19797.0,194206.0,197146.0,4758.26,4758.26,No Data,False,1.2737,1.27345,1.2739,True,194.85,194848.71,-642.71,-0.33,-2940.0,-1.51
2026-04-10T17:44:15.718006Z,19419.0,19797.0,194206.0,197146.0,4760.49,4760.49,No Data,False,1.2737,1.27345,1.2739,True,194.94,194940.03,-734.03,-0.38,-2940.0,-1.51
2026-04-10T18:47:18.641981Z,19419.0,19797.0,194206.0,197146.0,4765.69,4765.69,No Data,False,1.2737,1.27345,1.2739,True,195.15,195152.96,-946.96,-0.49,-2940.0,-1.51
2026-04-10T19:41:07.872547Z,19419.0,19797.0,194206.0,197146.0,4762.29,4762.29,No Data,False,1.2737,1.27345,1.2739,True,195.01,195013.74,-807.74,-0.41,-2940.0,-1.51
2026-04-10T20:32:11.926919Z,19419.0,19797.0,194206.0,197146.0,4748.47,4748.47,No Data,False,1.2737,1.27345,1.2739,True,194.45,194447.81,-241.81,-0.12,-2940.0,-1.51
2026-04-10T21:06:36.368280Z,19419.0,19797.0,194206.0,197146.0,4747.49,4747.4883,No Data,False,1.2737,1.27345,1.2739,True,194.41,194407.61,-201.61,-0.1,-2940.0,-1.51
2026-04-10T21:55:35.139084Z,19419.0,19797.0,194206.0,197146.0,4747.49,4747.4883,No Data,False,1.2737,1.27345,1.2739,True,194.41,194407.61,-201.61,-0.1,-2940.0,-1.51
2026-04-10T22:35:21.925073Z,19419.0,19797.0,194206.0,197146.0,4747.49,4747.4883,No Data,False,1.2737,1.27345,1.2739,True,194.41,194407.61,-201.61,-0.1,-2940.0,-1.51
2026-04-10T23:07:10.555166Z,19419.0,19797.0,194206.0,197146.0,4747.49,4747.4883,No Data,False,1.2737,1.27345,1.2739,True,194.41,194407.61,-201.61,-0.1,-2940.0,-1.51
2026-04-10T23:53:33.969159Z,19419.0,19797.0,194206.0,197146.0,4747.49,4747.4883,No Data,False,1.2737,1.27345,1.2739,True,194.41,194407.61,-201.61,-0.1,-2940.0,-1.51
2026-04-11T01:59:35.206377Z,19419.0,19797.0,194206.0,197146.0,4747.49,4747.4883,No Data,False,1.2738,1.273694,1.2739,True,194.43,194426.23,-220.23,-0.11,-2940.0,-1.51
2026-04-11T04:27:27.118172Z,,,,,4747.49,4747.4883,No Data,False,1.2738,1.273694,1.2739,True,194.43,194426.23,,,,
2026-04-11T05:46:15.796115Z,19419.0,19797.0,194206.0,197146.0,4747.49,4747.4883,No Data,False,1.2738,1.273694,1.2739,True,194.43,194426.23,-220.23,-0.11,-2940.0,-1.51
2026-04-11T06:58:08.585104Z,,,,,4747.49,4747.4883,No Data,False,1.2738,1.273694,1.2739,True,194.43,194426.23,,,,
2026-04-11T07:52:30.504418Z,19419.0,19797.0,194206.0,197146.0,4747.49,4747.4883,No Data,False,1.2738,1.273694,1.2739,True,194.43,194426.23,-220.23,-0.11,-2940.0,-1.51
2026-04-11T08:39:05.899157Z,19419.0,19797.0,194206.0,197146.0,4747.49,4747.4883,No Data,False,1.2738,1.273694,1.2739,True,194.43,194426.23,-220.23,-0.11,-2940.0,-1.51
2026-04-11T09:24:30.722482Z,19419.0,19797.0,194206.0,197146.0,4747.49,4747.4883,No Data,False,1.2738,1.273694,1.2739,True,194.43,194426.23,-220.23,-0.11,-2940.0,-1.51
2026-04-11T10:06:07.393299Z,19419.0,19797.0,194206.0,197146.0,4747.49,4747.4883,No Data,False,1.2738,1.273694,1.2739,True,194.43,194426.23,-220.23,-0.11,-2940.0,-1.51
2026-04-11T10:56:16.536508Z,19419.0,19797.0,194206.0,197146.0,4747.49,4747.4883,No Data,False,1.2738,1.273694,1.2739,True,194.43,194426.23,-220.23,-0.11,-2940.0,-1.51
2026-04-11T11:29:38.680149Z,19419.0,19797.0,194206.0,197146.0,4747.49,4747.4883,No Data,False,1.2738,1.273694,1.2739,True,194.43,194426.23,-220.23,-0.11,-2940.0,-1.51
2026-04-11T11:58:27.664485Z,,,,,4747.49,4747.4883,No Data,False,1.2738,1.273694,1.2739,True,194.43,194426.23,,,,
2026-04-11T13:07:55.691028Z,19419.0,19797.0,194206.0,197146.0,4747.49,4747.4883,No Data,False,1.2738,1.273694,1.2739,True,194.43,194426.23,-220.23,-0.11,-2940.0,-1.51
2026-04-11T14:02:18.368303Z,19419.0,19797.0,194206.0,197146.0,4747.49,4747.4883,No Data,False,1.2738,1.273694,1.2739,True,194.43,194426.23,-220.23,-0.11,-2940.0,-1.51
2026-04-11T14:56:38.254950Z,19419.0,19797.0,194206.0,197146.0,4747.49,4747.4883,No Data,False,1.2738,1.273694,1.2739,True,194.43,194426.23,-220.23,-0.11,-2940.0,-1.51
2026-04-11T15:34:04.777319Z,19419.0,19797.0,194206.0,197146.0,4747.49,4747.4883,No Data,False,1.2738,1.273694,1.2739,True,194.43,194426.23,-220.23,-0.11,-2940.0,-1.51
2026-04-11T16:00:41.889912Z,19419.0,19797.0,194206.0,197146.0,4747.49,4747.4883,No Data,False,1.2738,1.273694,1.2739,True,194.43,194426.23,-220.23,-0.11,-2940.0,-1.51
2026-04-11T16:56:54.636118Z,19419.0,19797.0,194206.0,197146.0,4747.49,4747.4883,No Data,False,1.2738,1.273694,1.2739,True,194.43,194426.23,-220.23,-0.11,-2940.0,-1.51
2026-04-11T17:33:04.190353Z,19419.0,19797.0,194206.0,197146.0,4747.49,4747.4883,No Data,False,1.2738,1.273694,1.2739,True,194.43,194426.23,-220.23,-0.11,-2940.0,-1.51
2026-04-11T18:00:57.371793Z,19419.0,19797.0,194206.0,197146.0,4747.49,4747.4883,No Data,False,1.2738,1.273694,1.2739,True,194.43,194426.23,-220.23,-0.11,-2940.0,-1.51
2026-04-11T19:06:20.080156Z,19419.0,19797.0,194206.0,197146.0,4747.49,4747.4883,No Data,False,1.2738,1.273694,1.2739,True,194.43,194426.23,-220.23,-0.11,-2940.0,-1.51
2026-04-11T19:50:51.581868Z,19419.0,19797.0,194206.0,197146.0,4747.49,4747.4883,No Data,False,1.2738,1.273694,1.2739,True,194.43,194426.23,-220.23,-0.11,-2940.0,-1.51
2026-04-11T20:29:02.298990Z,19419.0,19797.0,194206.0,197146.0,4747.49,4747.4883,No Data,False,1.2738,1.273694,1.2739,True,194.43,194426.23,-220.23,-0.11,-2940.0,-1.51
2026-04-11T21:02:46.857122Z,19419.0,19797.0,194206.0,197146.0,4747.49,4747.4883,No Data,False,1.2738,1.273694,1.2739,True,194.43,194426.23,-220.23,-0.11,-2940.0,-1.51
2026-04-11T21:49:33.548122Z,19419.0,19797.0,194206.0,197146.0,4747.49,4747.4883,No Data,False,1.2738,1.273694,1.2739,True,194.43,194426.23,-220.23,-0.11,-2940.0,-1.51
2026-04-11T22:28:17.974170Z,19419.0,19797.0,194206.0,197146.0,4747.49,4747.4883,No Data,False,1.2738,1.273694,1.2739,True,194.43,194426.23,-220.23,-0.11,-2940.0,-1.51
2026-04-11T23:03:53.073526Z,19419.0,19797.0,194206.0,197146.0,4747.49,4747.4883,No Data,False,1.2738,1.273694,1.2739,True,194.43,194426.23,-220.23,-0.11,-2940.0,-1.51
2026-04-11T23:52:09.047102Z,19419.0,19797.0,194206.0,197146.0,4747.49,4747.4883,No Data,False,1.2738,1.273694,1.2739,True,194.43,194426.23,-220.23,-0.11,-2940.0,-1.51
2026-04-12T02:12:56.642289Z,19419.0,19797.0,194206.0,197146.0,4747.49,4747.4883,No Data,False,1.2738,1.273782,1.2739,True,194.43,194432.95,-226.95,-0.12,-2940.0,-1.51
2026-04-12T05:07:48.165248Z,19419.0,19797.0,194206.0,197146.0,4747.49,4747.4883,No Data,False,1.2738,1.273782,1.2739,True,194.43,194432.95,-226.95,-0.12,-2940.0,-1.51
2026-04-12T06:49:49.269725Z,19419.0,19797.0,194206.0,197146.0,4747.49,4747.4883,No Data,False,1.2738,1.273782,1.2739,True,194.43,194432.95,-226.95,-0.12,-2940.0,-1.51
2026-04-12T08:01:30.978774Z,19419.0,19797.0,194206.0,197146.0,4747.49,4747.4883,No Data,False,1.2738,1.273782,1.2739,True,194.43,194432.95,-226.95,-0.12,-2940.0,-1.51
2026-04-12T09:07:14.514209Z,19419.0,19797.0,194206.0,197146.0,4747.49,4747.4883,No Data,False,1.2738,1.273782,1.2739,True,194.43,194432.95,-226.95,-0.12,-2940.0,-1.51
2026-04-12T10:02:42.683581Z,19419.0,19797.0,194206.0,197146.0,4747.49,4747.4883,No Data,False,1.2738,1.273782,1.2739,True,194.43,194432.95,-226.95,-0.12,-2940.0,-1.51
2026-04-12T11:01:29.960528Z,19419.0,19797.0,194206.0,197146.0,4747.49,4747.4883,No Data,False,1.2738,1.273782,1.2739,True,194.43,194432.95,-226.95,-0.12,-2940.0,-1.51
2026-04-12T11:49:36.119276Z,19419.0,19797.0,194206.0,197146.0,4747.49,4747.4883,No Data,False,1.2738,1.273782,1.2739,True,194.43,194432.95,-226.95,-0.12,-2940.0,-1.51
2026-04-12T12:55:29.014315Z,19419.0,19797.0,194206.0,197146.0,4747.49,4747.4883,No Data,False,1.2738,1.273782,1.2739,True,194.43,194432.95,-226.95,-0.12,-2940.0,-1.51
2026-04-12T13:58:49.447041Z,19419.0,19797.0,194206.0,197146.0,4747.49,4747.4883,No Data,False,1.2738,1.273782,1.2739,True,194.43,194432.95,-226.95,-0.12,-2940.0,-1.51
2026-04-12T14:48:05.343915Z,19419.0,19797.0,194206.0,197146.0,4747.49,4747.4883,No Data,False,1.2738,1.273782,1.2739,True,194.43,194432.95,-226.95,-0.12,-2940.0,-1.51
2026-04-12T15:33:16.319120Z,19419.0,19797.0,194206.0,197146.0,4747.49,4747.4883,No Data,False,1.2738,1.273782,1.2739,True,194.43,194432.95,-226.95,-0.12,-2940.0,-1.51
2026-04-12T16:04:21.877597Z,19419.0,19797.0,194206.0,197146.0,4747.49,4747.4883,No Data,False,1.2738,1.273782,1.2739,True,194.43,194432.95,-226.95,-0.12,-2940.0,-1.51
2026-04-12T16:58:34.250233Z,19419.0,19797.0,194206.0,197146.0,4747.49,4747.4883,No Data,False,1.2738,1.273782,1.2739,True,194.43,194432.95,-226.95,-0.12,-2940.0,-1.51
2026-04-12T17:40:32.956880Z,19419.0,19797.0,194206.0,197146.0,4747.49,4747.4883,No Data,False,1.2738,1.273782,1.2739,True,194.43,194432.95,-226.95,-0.12,-2940.0,-1.51
2026-04-12T18:42:21.769435Z,19419.0,19797.0,194206.0,197146.0,4747.49,4747.4883,No Data,False,1.2738,1.273782,1.2739,True,194.43,194432.95,-226.95,-0.12,-2940.0,-1.51
2026-04-12T19:37:11.140251Z,19419.0,19797.0,194206.0,197146.0,4747.49,4747.4883,No Data,False,1.2738,1.273782,1.2739,True,194.43,194432.95,-226.95,-0.12,-2940.0,-1.51
2026-04-12T20:03:09.171864Z,19419.0,19797.0,194206.0,197146.0,4747.49,4747.4883,No Data,False,1.2738,1.273782,1.2739,True,194.43,194432.95,-226.95,-0.12,-2940.0,-1.51
2026-04-12T20:55:12.297811Z,19419.0,19797.0,194206.0,197146.0,4747.49,4747.4883,No Data,False,1.2738,1.273782,1.2739,True,194.43,194432.95,-226.95,-0.12,-2940.0,-1.51
2026-04-12T21:31:20.492279Z,19419.0,19797.0,194206.0,197146.0,4747.49,4747.4883,No Data,False,1.2738,1.273782,1.2739,True,194.43,194432.95,-226.95,-0.12,-2940.0,-1.51
2026-04-12T22:01:45.631333Z,19419.0,19797.0,194206.0,197146.0,4747.66,4747.6602,No Data,False,1.2738,1.273782,1.2739,True,194.44,194439.99,-233.99,-0.12,-2940.0,-1.51
2026-04-12T22:56:38.666722Z,19419.0,19797.0,194206.0,197146.0,4657.65,4657.65,No Data,False,1.2738,1.273782,1.2739,True,190.75,190753.63,3452.37,1.81,-2940.0,-1.51
2026-04-12T23:35:44.787044Z,19419.0,19797.0,194206.0,197146.0,4655.11,4655.11,No Data,False,1.2738,1.273782,1.2739,True,190.65,190649.6,3556.4,1.87,-2940.0,-1.51
2026-04-13T00:04:22.085761Z,19419.0,19797.0,194206.0,197146.0,4665.67,4665.67,No Data,False,1.2738,1.273782,1.2739,True,191.08,191082.09,3123.91,1.63,-2940.0,-1.51
2026-04-13T03:53:59.604287Z,19230.0,19609.0,192310.0,195256.0,4718.23,4718.23,No Data,False,1.2753,1.276711,1.2739,True,193.46,193456.84,-1146.84,-0.59,-2946.0,-1.53
2026-04-13T06:11:51.283017Z,19250.0,19629.0,192515.0,195461.0,4727.82,4727.82,No Data,False,1.2753,1.276711,1.2739,True,193.85,193850.04,-1335.04,-0.69,-2946.0,-1.53
2026-04-13T08:24:37.342809Z,19278.0,19656.0,192789.0,195734.0,4733.18,4733.18,No Data,False,1.2753,1.276711,1.2739,True,194.07,194069.81,-1280.81,-0.66,-2945.0,-1.53
2026-04-13T10:20:07.762117Z,19181.0,19560.0,191825.0,194769.0,4713.01,4713.01,No Data,False,1.2753,1.276711,1.2739,True,193.24,193242.8,-1417.8,-0.73,-2944.0,-1.53
2026-04-13T11:46:02.761936Z,19214.0,19593.0,192152.0,195097.0,4707.08,4707.08,No Data,False,1.2753,1.276711,1.2739,True,193.0,192999.66,-847.66,-0.44,-2945.0,-1.53
2026-04-13T13:20:05.167637Z,19235.0,19613.0,192357.0,195302.0,4735.0,4735.0,No Data,False,1.2753,1.276711,1.2739,True,194.14,194144.44,-1787.44,-0.92,-2945.0,-1.53
2026-04-13T14:57:23.316804Z,19179.0,19557.0,191797.0,194739.0,4716.06,4716.06,No Data,False,1.2753,1.276711,1.2739,True,193.37,193367.86,-1570.86,-0.81,-2942.0,-1.53
2026-04-13T16:16:04.672490Z,19179.0,19557.0,191797.0,194739.0,4719.86,4719.86,No Data,False,1.2765,1.276711,1.2763,True,193.71,193705.76,-1908.76,-0.99,-2942.0,-1.53
2026-04-13T17:33:15.504660Z,19179.0,19557.0,191797.0,194739.0,4746.77,4746.77,No Data,False,1.2765,1.276711,1.2763,True,194.81,194810.17,-3013.17,-1.55,-2942.0,-1.53
2026-04-13T18:47:35.777618Z,19179.0,19557.0,191797.0,194739.0,4734.4,4734.4,No Data,False,1.2765,1.276711,1.2763,True,194.3,194302.49,-2505.49,-1.29,-2942.0,-1.53
2026-04-13T20:03:39.385838Z,19179.0,19557.0,191797.0,194739.0,4742.9,4742.9,No Data,False,1.2765,1.276711,1.2763,True,194.65,194651.34,-2854.34,-1.47,-2942.0,-1.53
2026-04-13T21:10:06.186442Z,19179.0,19557.0,191797.0,194739.0,4739.18,4739.1782,No Data,False,1.2765,1.276711,1.2763,True,194.5,194498.59,-2701.59,-1.39,-2942.0,-1.53
2026-04-13T22:04:26.754858Z,19179.0,19557.0,191797.0,194739.0,4749.77,4749.77,No Data,False,1.2765,1.276711,1.2763,True,194.93,194933.29,-3136.29,-1.61,-2942.0,-1.53
2026-04-13T23:04:56.746215Z,19179.0,19557.0,191797.0,194739.0,4763.99,4763.99,No Data,False,1.2765,1.276711,1.2763,True,195.52,195516.89,-3719.89,-1.9,-2942.0,-1.53
2026-04-14T00:01:46.152155Z,19179.0,19557.0,191797.0,194739.0,4752.57,4752.57,No Data,False,1.2765,1.276711,1.2763,True,195.05,195048.2,-3251.2,-1.67,-2942.0,-1.53
2026-04-14T03:44:33.022837Z,19400.0,19779.0,194015.0,196959.0,4767.37,4767.37,No Data,False,1.2751,1.273859,1.2763,True,195.44,195437.03,-1422.03,-0.73,-2944.0,-1.52
2026-04-14T05:58:38.252857Z,19356.0,19735.0,193576.0,196518.0,4760.9,4760.9,No Data,False,1.2751,1.273859,1.2763,True,195.17,195171.8,-1595.8,-0.82,-2942.0,-1.52
2026-04-14T07:56:56.894858Z,19391.0,19769.0,193924.0,196865.0,4776.0,4776.0,No Data,False,1.2751,1.273859,1.2763,True,195.79,195790.82,-1866.82,-0.95,-2941.0,-1.52
2026-04-14T09:19:47.539957Z,19444.0,19823.0,194456.0,197397.0,4785.37,4785.37,No Data,False,1.2751,1.273859,1.2763,True,196.17,196174.94,-1718.94,-0.88,-2941.0,-1.51
2026-04-14T10:42:18.860780Z,19412.0,19790.0,194129.0,197070.0,4758.38,4758.38,No Data,False,1.2751,1.273859,1.2763,True,195.07,195068.49,-939.49,-0.48,-2941.0,-1.51
2026-04-14T11:55:18.367299Z,19371.0,19749.0,193720.0,196660.0,4772.16,4772.16,No Data,False,1.2751,1.273859,1.2763,True,195.63,195633.4,-1913.4,-0.98,-2940.0,-1.52
2026-04-14T13:19:27.688108Z,19356.0,19733.0,193568.0,196506.0,4784.9,4784.9,No Data,False,1.2751,1.273859,1.2763,True,196.16,196155.67,-2587.67,-1.32,-2938.0,-1.52
2026-04-14T14:57:42.757619Z,19433.0,19811.0,194344.0,197282.0,4804.18,4804.18,No Data,False,1.2751,1.273859,1.2763,True,196.95,196946.05,-2602.05,-1.32,-2938.0,-1.51
2026-04-14T16:10:04.171722Z,19433.0,19811.0,194344.0,197282.0,4810.8,4810.8,No Data,False,1.2726,1.273859,1.2713,True,196.83,196830.76,-2486.76,-1.26,-2938.0,-1.51
2026-04-14T17:36:24.073603Z,19433.0,19811.0,194344.0,197282.0,4830.39,4830.39,No Data,False,1.2726,1.273859,1.2713,True,197.63,197632.27,-3288.27,-1.66,-2938.0,-1.51
2026-04-14T18:46:16.349200Z,19433.0,19811.0,194344.0,197282.0,4834.33,4834.33,No Data,False,1.2726,1.273859,1.2713,True,197.79,197793.47,-3449.47,-1.74,-2938.0,-1.51
2026-04-14T20:03:12.166274Z,19433.0,19811.0,194344.0,197282.0,4844.08,4844.08,No Data,False,1.2726,1.273859,1.2713,True,198.19,198192.39,-3848.39,-1.94,-2938.0,-1.51
2026-04-14T21:09:28.750685Z,19433.0,19811.0,194344.0,197282.0,4838.1,4838.1011,No Data,False,1.2726,1.273859,1.2713,True,197.95,197947.76,-3603.76,-1.82,-2938.0,-1.51
2026-04-14T22:07:15.985559Z,19433.0,19811.0,194344.0,197282.0,4846.44,4846.44,No Data,False,1.2726,1.273859,1.2713,True,198.29,198288.94,-3944.94,-1.99,-2938.0,-1.51
2026-04-14T23:06:01.308278Z,19433.0,19811.0,194344.0,197282.0,4838.17,4838.17,No Data,False,1.2726,1.273859,1.2713,True,197.95,197950.58,-3606.58,-1.82,-2938.0,-1.51
2026-04-15T00:01:35.539410Z,19433.0,19811.0,194344.0,197282.0,4833.98,4833.98,No Data,False,1.2726,1.273859,1.2713,True,197.78,197779.15,-3435.15,-1.74,-2938.0,-1.51
2026-04-15T03:43:22.676445Z,19533.0,19911.0,195344.0,198286.0,4827.24,4827.24,No Data,False,1.2714,1.271542,1.2713,True,197.32,197323.59,-1979.59,-1.0,-2942.0,-1.51
2026-04-15T05:58:24.990745Z,19538.0,19916.0,195395.0,198337.0,4821.27,4821.27,No Data,False,1.2714,1.271542,1.2713,True,197.08,197079.55,-1684.55,-0.85,-2942.0,-1.51
2026-04-15T07:56:56.700625Z,19502.0,19880.0,195028.0,197969.0,4809.52,4809.52,No Data,False,1.2714,1.271542,1.2713,True,196.6,196599.25,-1571.25,-0.8,-2941.0,-1.51
2026-04-15T09:21:23.354066Z,19485.0,19864.0,194864.0,197807.0,4804.09,4804.09,No Data,False,1.2714,1.271542,1.2713,True,196.38,196377.29,-1513.29,-0.77,-2943.0,-1.51
2026-04-15T10:45:03.310939Z,19473.0,19851.0,194737.0,197678.0,4799.63,4799.63,No Data,False,1.2714,1.271542,1.2713,True,196.19,196194.97,-1457.97,-0.74,-2941.0,-1.51
2026-04-15T11:54:12.062919Z,19473.0,19851.0,194737.0,197678.0,4811.99,4811.99,No Data,False,1.2714,1.271542,1.2713,True,196.7,196700.22,-1963.22,-1.0,-2941.0,-1.51
2026-04-15T13:18:26.399052Z,19529.0,19908.0,195304.0,198247.0,4812.68,4812.68,No Data,False,1.2714,1.271542,1.2713,True,196.73,196728.42,-1424.42,-0.72,-2943.0,-1.51
2026-04-15T14:51:09.215765Z,19591.0,19969.0,195922.0,198865.0,4817.2,4817.2,No Data,False,1.2714,1.271542,1.2713,True,196.91,196913.18,-991.18,-0.5,-2943.0,-1.5
2026-04-15T16:02:26.599054Z,19534.0,19912.0,195354.0,198296.0,4801.89,4801.89,No Data,False,1.2721,1.271542,1.2726,True,196.39,196387.71,-1033.71,-0.53,-2942.0,-1.51
2026-04-15T17:33:13.296333Z,19534.0,19912.0,195354.0,198296.0,4799.22,4799.22,No Data,False,1.2721,1.271542,1.2726,True,196.28,196278.51,-924.51,-0.47,-2942.0,-1.51
2026-04-15T18:45:44.953711Z,19534.0,19912.0,195354.0,198296.0,4796.73,4796.73,No Data,False,1.2721,1.271542,1.2726,True,196.18,196176.67,-822.67,-0.42,-2942.0,-1.51
2026-04-15T20:01:09.588282Z,19534.0,19912.0,195354.0,198296.0,4795.93,4795.93,No Data,False,1.2721,1.271542,1.2726,True,196.14,196143.95,-789.95,-0.4,-2942.0,-1.51
2026-04-15T21:08:25.411943Z,19534.0,19912.0,195354.0,198296.0,4790.56,4790.56,No Data,False,1.2721,1.271542,1.2726,True,195.92,195924.33,-570.33,-0.29,-2942.0,-1.51
2026-04-15T22:05:49.800132Z,19534.0,19912.0,195354.0,198296.0,4796.08,4796.0781,No Data,False,1.2721,1.271542,1.2726,True,196.15,196150.01,-796.01,-0.41,-2942.0,-1.51
2026-04-15T23:03:59.161587Z,19534.0,19912.0,195354.0,198296.0,4808.36,4808.3574,No Data,False,1.2721,1.271542,1.2726,True,196.65,196652.21,-1298.21,-0.66,-2942.0,-1.51
2026-04-16T00:00:53.903469Z,19551.0,19928.0,195517.0,198457.0,4829.65,4829.65,No Data,False,1.2721,1.271542,1.2726,True,197.52,197523.03,-2006.03,-1.02,-2940.0,-1.5
2026-04-16T03:48:53.521397Z,19528.0,19905.0,195286.0,198223.0,4822.71,4822.71,No Data,False,1.2719,1.271232,1.2726,True,197.22,197215.17,-1929.17,-0.98,-2937.0,-1.5
2026-04-16T05:59:17.973390Z,19568.0,19946.0,195695.0,198634.0,4822.14,4822.14,No Data,False,1.2719,1.271232,1.2726,True,197.19,197191.86,-1496.86,-0.76,-2939.0,-1.5
2026-04-16T07:59:55.980730Z,19576.0,19953.0,195767.0,198706.0,4820.87,4820.87,No Data,False,1.2719,1.271232,1.2726,True,197.14,197139.93,-1372.93,-0.7,-2939.0,-1.5
2026-04-16T09:41:56.771272Z,19509.0,19887.0,195104.0,198045.0,4811.87,4811.87,No Data,False,1.2719,1.271232,1.2726,True,196.77,196771.89,-1667.89,-0.85,-2941.0,-1.51
2026-04-16T10:59:46.740880Z,19509.0,19887.0,195099.0,198042.0,4816.15,4816.15,No Data,False,1.2719,1.271232,1.2726,True,196.95,196946.91,-1847.91,-0.94,-2943.0,-1.51
2026-04-16T12:04:35.090739Z,19547.0,19925.0,195482.0,198425.0,4819.59,4819.59,No Data,False,1.2719,1.271232,1.2726,True,197.09,197087.58,-1605.58,-0.81,-2943.0,-1.51
2026-04-16T14:16:13.674214Z,19481.0,19859.0,194818.0,197761.0,4800.86,4800.86,No Data,False,1.2716,1.271232,1.2719,True,196.27,196267.63,-1449.63,-0.74,-2943.0,-1.51
2026-04-16T15:58:10.532650Z,19481.0,19859.0,194818.0,197761.0,4807.17,4807.17,No Data,False,1.2716,1.271232,1.2719,True,196.53,196525.6,-1707.6,-0.87,-2943.0,-1.51
2026-04-16T17:20:06.412147Z,19481.0,19859.0,194818.0,197761.0,4790.52,4790.52,No Data,False,1.2716,1.271232,1.2719,True,195.84,195844.92,-1026.92,-0.52,-2943.0,-1.51
2026-04-16T18:39:47.757986Z,19481.0,19859.0,194818.0,197761.0,4788.89,4788.89,No Data,False,1.2716,1.271232,1.2719,True,195.78,195778.28,-960.28,-0.49,-2943.0,-1.51
2026-04-16T19:48:42.699477Z,19481.0,19859.0,194818.0,197761.0,4797.02,4797.02,No Data,False,1.2716,1.271232,1.2719,True,196.11,196110.65,-1292.65,-0.66,-2943.0,-1.51
2026-04-16T20:43:50.695576Z,19481.0,19859.0,194818.0,197761.0,4788.15,4788.15,No Data,False,1.2716,1.271232,1.2719,True,195.75,195748.03,-930.03,-0.48,-2943.0,-1.51
2026-04-16T21:39:44.074612Z,19481.0,19859.0,194818.0,197761.0,4787.78,4787.78,No Data,False,1.2716,1.271232,1.2719,True,195.73,195732.9,-914.9,-0.47,-2943.0,-1.51
2026-04-16T22:23:32.430621Z,19481.0,19859.0,194818.0,197761.0,4792.82,4792.82,No Data,False,1.2716,1.271232,1.2719,True,195.94,195938.94,-1120.94,-0.57,-2943.0,-1.51
2026-04-16T23:23:12.115532Z,19481.0,19859.0,194818.0,197761.0,4796.31,4796.31,No Data,False,1.2716,1.271232,1.2719,True,196.08,196081.62,-1263.62,-0.64,-2943.0,-1.51
2026-04-17T01:07:52.066737Z,19484.0,19862.0,194849.0,197792.0,4789.41,4789.41,No Data,False,1.2721,1.272333,1.2719,True,195.88,195884.31,-1035.31,-0.53,-2943.0,-1.51
2026-04-17T04:23:12.808765Z,19500.0,19878.0,195008.0,197951.0,4794.04,4794.04,No Data,False,1.2721,1.272333,1.2719,True,196.07,196073.67,-1065.67,-0.54,-2943.0,-1.51
2026-04-17T06:22:30.281389Z,19463.0,19842.0,194645.0,197588.0,4787.14,4787.14,No Data,False,1.2721,1.272333,1.2719,True,195.79,195791.46,-1146.46,-0.59,-2943.0,-1.51
2026-04-17T08:14:41.693171Z,19463.0,19842.0,194645.0,197588.0,4782.84,4782.84,No Data,False,1.2721,1.272333,1.2719,True,195.62,195615.6,-970.6,-0.5,-2943.0,-1.51
2026-04-17T09:49:55.482784Z,19463.0,19842.0,194645.0,197588.0,4791.59,4791.59,No Data,False,1.2721,1.272333,1.2719,True,195.97,195973.47,-1328.47,-0.68,-2943.0,-1.51
2026-04-17T10:52:08.609460Z,19444.0,19823.0,194456.0,197397.0,4786.11,4786.11,No Data,False,1.2721,1.272333,1.2719,True,195.75,195749.34,-1293.34,-0.66,-2941.0,-1.51
2026-04-17T11:49:47.121703Z,19444.0,19823.0,194456.0,197397.0,4806.24,4806.24,No Data,False,1.2721,1.272333,1.2719,True,196.57,196572.64,-2116.64,-1.08,-2941.0,-1.51
2026-04-17T13:12:36.825143Z,19497.0,19875.0,194977.0,197920.0,4877.3,4877.3,No Data,False,1.2721,1.272333,1.2719,True,199.48,199478.96,-4501.96,-2.26,-2943.0,-1.51
2026-04-17T14:37:10.127152Z,19497.0,19875.0,194977.0,197920.0,4878.29,4878.29,No Data,False,1.2723,1.272333,1.2723,True,199.55,199550.82,-4573.82,-2.29,-2943.0,-1.51
2026-04-17T15:40:30.872182Z,19497.0,19875.0,194977.0,197920.0,4869.3,4869.3,No Data,False,1.2723,1.272333,1.2723,True,199.18,199183.07,-4206.07,-2.11,-2943.0,-1.51
2026-04-17T16:52:19.505468Z,19497.0,19875.0,194977.0,197920.0,4866.89,4866.89,No Data,False,1.2723,1.272333,1.2723,True,199.08,199084.49,-4107.49,-2.06,-2943.0,-1.51
2026-04-17T17:46:54.347108Z,19497.0,19875.0,194977.0,197920.0,4857.16,4857.16,No Data,False,1.2723,1.272333,1.2723,True,198.69,198686.48,-3709.48,-1.87,-2943.0,-1.51
2026-04-17T18:56:00.264697Z,19497.0,19875.0,194977.0,197920.0,4856.3,4856.3,No Data,False,1.2723,1.272333,1.2723,True,198.65,198651.3,-3674.3,-1.85,-2943.0,-1.51
2026-04-17T19:57:43.176421Z,19497.0,19875.0,194977.0,197920.0,4853.69,4853.69,No Data,False,1.2723,1.272333,1.2723,True,198.54,198544.53,-3567.53,-1.8,-2943.0,-1.51
2026-04-17T20:51:06.167259Z,19497.0,19875.0,194977.0,197920.0,4831.79,4831.79,No Data,False,1.2723,1.272333,1.2723,True,197.65,197648.69,-2671.69,-1.35,-2943.0,-1.51
2026-04-17T21:38:39.829441Z,,,,,4828.3,4828.3003,No Data,False,1.2723,1.272333,1.2723,True,197.51,197505.94,,,,
2026-04-17T22:21:26.367530Z,19497.0,19875.0,194977.0,197920.0,4828.3,4828.3003,No Data,False,1.2723,1.272333,1.2723,True,197.51,197505.94,-2528.94,-1.28,-2943.0,-1.51
2026-04-17T23:21:59.696826Z,,,,,4828.3,4828.3003,No Data,False,1.2723,1.272333,1.2723,True,197.51,197505.94,,,,
2026-04-18T00:06:53.707513Z,,,,,4828.3,4828.3003,No Data,False,1.2723,1.272333,1.2723,True,197.51,197505.94,,,,
2026-04-18T03:31:20.888348Z,19497.0,19875.0,194977.0,197920.0,4828.3,4828.3003,No Data,False,1.2714,1.270472,1.2723,True,197.36,197361.5,-2384.5,-1.21,-2943.0,-1.51
2026-04-18T05:25:15.188945Z,19497.0,19875.0,194977.0,197920.0,4828.3,4828.3003,No Data,False,1.2714,1.270472,1.2723,True,197.36,197361.5,-2384.5,-1.21,-2943.0,-1.51
2026-04-18T06:48:41.797107Z,19497.0,19875.0,194977.0,197920.0,4828.3,4828.3003,No Data,False,1.2714,1.270472,1.2723,True,197.36,197361.5,-2384.5,-1.21,-2943.0,-1.51
2026-04-18T07:58:08.529826Z,19497.0,19875.0,194977.0,197920.0,4828.3,4828.3003,No Data,False,1.2714,1.270472,1.2723,True,197.36,197361.5,-2384.5,-1.21,-2943.0,-1.51
2026-04-18T08:57:09.547492Z,19497.0,19875.0,194977.0,197920.0,4828.3,4828.3003,No Data,False,1.2714,1.270472,1.2723,True,197.36,197361.5,-2384.5,-1.21,-2943.0,-1.51
2026-04-18T09:50:55.285383Z,19497.0,19875.0,194977.0,197920.0,4828.3,4828.3003,No Data,False,1.2714,1.270472,1.2723,True,197.36,197361.5,-2384.5,-1.21,-2943.0,-1.51
2026-04-18T10:37:02.898447Z,19497.0,19875.0,194977.0,197920.0,4828.3,4828.3003,No Data,False,1.2714,1.270472,1.2723,True,197.36,197361.5,-2384.5,-1.21,-2943.0,-1.51
2026-04-18T11:20:41.255251Z,19497.0,19875.0,194977.0,197920.0,4828.3,4828.3003,No Data,False,1.2714,1.270472,1.2723,True,197.36,197361.5,-2384.5,-1.21,-2943.0,-1.51
2026-04-18T12:01:38.781423Z,19497.0,19875.0,194977.0,197920.0,4828.3,4828.3003,No Data,False,1.2714,1.270472,1.2723,True,197.36,197361.5,-2384.5,-1.21,-2943.0,-1.51
2026-04-18T13:36:47.594605Z,19497.0,19875.0,194977.0,197920.0,4828.3,4828.3003,No Data,False,1.2714,1.270472,1.2723,True,197.36,197361.5,-2384.5,-1.21,-2943.0,-1.51
2026-04-18T14:22:52.173892Z,19497.0,19875.0,194977.0,197920.0,4828.3,4828.3003,No Data,False,1.2714,1.270472,1.2723,True,197.36,197361.5,-2384.5,-1.21,-2943.0,-1.51
2026-04-18T15:21:36.304788Z,19497.0,19875.0,194977.0,197920.0,4828.3,4828.3003,No Data,False,1.2714,1.270472,1.2723,True,197.36,197361.5,-2384.5,-1.21,-2943.0,-1.51
2026-04-18T16:05:57.566827Z,19497.0,19875.0,194977.0,197920.0,4828.3,4828.3003,No Data,False,1.2714,1.270472,1.2723,True,197.36,197361.5,-2384.5,-1.21,-2943.0,-1.51
2026-04-18T16:59:13.362758Z,19497.0,19875.0,194977.0,197920.0,4828.3,4828.3003,No Data,False,1.2714,1.270472,1.2723,True,197.36,197361.5,-2384.5,-1.21,-2943.0,-1.51
2026-04-18T17:43:51.834454Z,19497.0,19875.0,194977.0,197920.0,4828.3,4828.3003,No Data,False,1.2714,1.270472,1.2723,True,197.36,197361.5,-2384.5,-1.21,-2943.0,-1.51
2026-04-18T18:43:04.816685Z,19497.0,19875.0,194977.0,197920.0,4828.3,4828.3003,No Data,False,1.2714,1.270472,1.2723,True,197.36,197361.5,-2384.5,-1.21,-2943.0,-1.51
2026-04-18T19:38:53.742646Z,19497.0,19875.0,194977.0,197920.0,4828.3,4828.3003,No Data,False,1.2714,1.270472,1.2723,True,197.36,197361.5,-2384.5,-1.21,-2943.0,-1.51
2026-04-18T20:05:02.346003Z,19497.0,19875.0,194977.0,197920.0,4828.3,4828.3003,No Data,False,1.2714,1.270472,1.2723,True,197.36,197361.5,-2384.5,-1.21,-2943.0,-1.51
2026-04-18T20:55:33.007970Z,19497.0,19875.0,194977.0,197920.0,4828.3,4828.3003,No Data,False,1.2714,1.270472,1.2723,True,197.36,197361.5,-2384.5,-1.21,-2943.0,-1.51
2026-04-18T21:33:04.810216Z,19497.0,19875.0,194977.0,197920.0,4828.3,4828.3003,No Data,False,1.2714,1.270472,1.2723,True,197.36,197361.5,-2384.5,-1.21,-2943.0,-1.51
2026-04-18T22:02:37.648016Z,19497.0,19875.0,194977.0,197920.0,4828.3,4828.3003,No Data,False,1.2714,1.270472,1.2723,True,197.36,197361.5,-2384.5,-1.21,-2943.0,-1.51
2026-04-18T22:56:34.749633Z,19497.0,19875.0,194977.0,197920.0,4828.3,4828.3003,No Data,False,1.2714,1.270472,1.2723,True,197.36,197361.5,-2384.5,-1.21,-2943.0,-1.51
2026-04-18T23:35:37.895260Z,19497.0,19875.0,194977.0,197920.0,4828.3,4828.3003,No Data,False,1.2714,1.270472,1.2723,True,197.36,197361.5,-2384.5,-1.21,-2943.0,-1.51
2026-04-19T00:03:55.757292Z,19497.0,19875.0,194977.0,197920.0,4828.3,4828.3003,No Data,False,1.2714,1.270472,1.2723,True,197.36,197361.5,-2384.5,-1.21,-2943.0,-1.51
2026-04-19T03:51:27.543188Z,19497.0,19875.0,194977.0,197920.0,4828.3,4828.3003,No Data,False,1.2712,1.27005,1.2723,True,197.33,197328.75,-2351.75,-1.19,-2943.0,-1.51
2026-04-19T05:56:11.276355Z,19497.0,19875.0,194977.0,197920.0,4828.3,4828.3003,No Data,False,1.2712,1.27005,1.2723,True,197.33,197328.75,-2351.75,-1.19,-2943.0,-1.51
2026-04-19T07:18:27.941920Z,19497.0,19875.0,194977.0,197920.0,4828.3,4828.3003,No Data,False,1.2712,1.27005,1.2723,True,197.33,197328.75,-2351.75,-1.19,-2943.0,-1.51
2026-04-19T08:14:46.017578Z,19497.0,19875.0,194977.0,197920.0,4828.3,4828.3003,No Data,False,1.2712,1.27005,1.2723,True,197.33,197328.75,-2351.75,-1.19,-2943.0,-1.51
2026-04-19T09:08:18.703160Z,19497.0,19875.0,194977.0,197920.0,4828.3,4828.3003,No Data,False,1.2712,1.27005,1.2723,True,197.33,197328.75,-2351.75,-1.19,-2943.0,-1.51
2026-04-19T10:03:23.152033Z,19497.0,19875.0,194977.0,197920.0,4828.3,4828.3003,No Data,False,1.2712,1.27005,1.2723,True,197.33,197328.75,-2351.75,-1.19,-2943.0,-1.51
2026-04-19T11:01:54.431159Z,19497.0,19875.0,194977.0,197920.0,4828.3,4828.3003,No Data,False,1.2712,1.27005,1.2723,True,197.33,197328.75,-2351.75,-1.19,-2943.0,-1.51
2026-04-19T11:51:42.023324Z,19497.0,19875.0,194977.0,197920.0,4828.3,4828.3003,No Data,False,1.2712,1.27005,1.2723,True,197.33,197328.75,-2351.75,-1.19,-2943.0,-1.51
2026-04-19T12:55:32.851208Z,19497.0,19875.0,194977.0,197920.0,4828.3,4828.3003,No Data,False,1.2712,1.27005,1.2723,True,197.33,197328.75,-2351.75,-1.19,-2943.0,-1.51
2026-04-19T13:58:59.971086Z,19497.0,19875.0,194977.0,197920.0,4828.3,4828.3003,No Data,False,1.2712,1.27005,1.2723,True,197.33,197328.75,-2351.75,-1.19,-2943.0,-1.51
2026-04-19T14:49:31.450067Z,19497.0,19875.0,194977.0,197920.0,4828.3,4828.3003,No Data,False,1.2712,1.27005,1.2723,True,197.33,197328.75,-2351.75,-1.19,-2943.0,-1.51
2026-04-19T15:34:51.245860Z,19497.0,19875.0,194977.0,197920.0,4828.3,4828.3003,No Data,False,1.2712,1.27005,1.2723,True,197.33,197328.75,-2351.75,-1.19,-2943.0,-1.51
2026-04-19T16:05:50.561997Z,19497.0,19875.0,194977.0,197920.0,4828.3,4828.3003,No Data,False,1.2712,1.27005,1.2723,True,197.33,197328.75,-2351.75,-1.19,-2943.0,-1.51
2026-04-19T16:59:08.464829Z,19497.0,19875.0,194977.0,197920.0,4828.3,4828.3003,No Data,False,1.2712,1.27005,1.2723,True,197.33,197328.75,-2351.75,-1.19,-2943.0,-1.51
2026-04-19T17:42:10.926741Z,19497.0,19875.0,194977.0,197920.0,4828.3,4828.3003,No Data,False,1.2712,1.27005,1.2723,True,197.33,197328.75,-2351.75,-1.19,-2943.0,-1.51
2026-04-19T18:43:15.427212Z,19497.0,19875.0,194977.0,197920.0,4828.3,4828.3003,No Data,False,1.2712,1.27005,1.2723,True,197.33,197328.75,-2351.75,-1.19,-2943.0,-1.51
2026-04-19T19:39:07.356147Z,19497.0,19875.0,194977.0,197920.0,4828.3,4828.3003,No Data,False,1.2712,1.27005,1.2723,True,197.33,197328.75,-2351.75,-1.19,-2943.0,-1.51
2026-04-19T20:05:36.862767Z,19497.0,19875.0,194977.0,197920.0,4828.3,4828.3003,No Data,False,1.2712,1.27005,1.2723,True,197.33,197328.75,-2351.75,-1.19,-2943.0,-1.51
2026-04-19T20:56:19.801493Z,19497.0,19875.0,194977.0,197920.0,4828.3,4828.3003,No Data,False,1.2712,1.27005,1.2723,True,197.33,197328.75,-2351.75,-1.19,-2943.0,-1.51
2026-04-19T21:35:57.667747Z,19497.0,19875.0,194977.0,197920.0,4828.3,4828.3003,No Data,False,1.2712,1.27005,1.2723,True,197.33,197328.75,-2351.75,-1.19,-2943.0,-1.51
2026-04-19T22:03:34.795860Z,19497.0,19875.0,194977.0,197920.0,4827.08,4827.0801,No Data,False,1.2712,1.27005,1.2723,True,197.28,197278.88,-2301.88,-1.17,-2943.0,-1.51
2026-04-19T22:57:04.771754Z,19497.0,19875.0,194977.0,197920.0,4780.8,4780.8,No Data,False,1.2712,1.27005,1.2723,True,195.39,195387.45,-410.45,-0.21,-2943.0,-1.51
2026-04-19T23:39:06.477691Z,19497.0,19875.0,194977.0,197920.0,4763.01,4763.01,No Data,False,1.2712,1.27005,1.2723,True,194.66,194660.38,316.62,0.16,-2943.0,-1.51
2026-04-20T00:07:00.861993Z,19497.0,19875.0,194977.0,197920.0,4750.28,4750.28,No Data,False,1.2712,1.27005,1.2723,True,194.14,194140.12,836.88,0.43,-2943.0,-1.51
2026-04-20T03:53:19.429936Z,19464.0,19842.0,194650.0,197592.0,4794.4,4794.4,No Data,False,1.2722,1.272195,1.2723,True,196.11,196108.59,-1458.59,-0.74,-2942.0,-1.51
2026-04-20T06:12:17.353186Z,19465.0,19844.0,194665.0,197608.0,4789.77,4789.77,No Data,False,1.2722,1.272195,1.2723,True,195.92,195919.2,-1254.2,-0.64,-2943.0,-1.51
2026-04-20T08:29:48.433516Z,19464.0,19842.0,194650.0,197591.0,4791.56,4791.56,No Data,False,1.2722,1.272195,1.2723,True,195.99,195992.42,-1342.42,-0.68,-2941.0,-1.51
2026-04-20T10:21:06.671410Z,19440.0,19818.0,194410.0,197351.0,4796.71,4796.71,No Data,False,1.2722,1.272195,1.2723,True,196.2,196203.07,-1793.07,-0.91,-2941.0,-1.51
2026-04-20T11:54:28.917401Z,19412.0,19790.0,194134.0,197073.0,4808.49,4808.49,No Data,False,1.2722,1.272195,1.2723,True,196.68,196684.92,-2550.92,-1.3,-2939.0,-1.51
2026-04-20T13:23:15.852776Z,19519.0,19897.0,195196.0,198138.0,4817.76,4817.76,No Data,False,1.2722,1.272195,1.2723,True,197.06,197064.1,-1868.1,-0.95,-2942.0,-1.51
2026-04-20T15:05:22.655696Z,19547.0,19925.0,195482.0,198422.0,4797.85,4797.85,No Data,False,1.2718,1.272195,1.2714,True,196.18,196180.29,-698.29,-0.36,-2940.0,-1.5
2026-04-20T16:36:59.445431Z,19547.0,19925.0,195482.0,198422.0,4799.47,4799.47,No Data,False,1.2718,1.272195,1.2714,True,196.25,196246.53,-764.53,-0.39,-2940.0,-1.5
2026-04-20T17:38:58.279231Z,19547.0,19925.0,195482.0,198422.0,4808.81,4808.81,No Data,False,1.2718,1.272195,1.2714,True,196.63,196628.44,-1146.44,-0.58,-2940.0,-1.5
2026-04-20T18:40:41.474781Z,19547.0,19925.0,195482.0,198422.0,4813.3,4813.3,No Data,False,1.2718,1.272195,1.2714,True,196.81,196812.03,-1330.03,-0.68,-2940.0,-1.5
2026-04-20T19:58:23.921108Z,19547.0,19925.0,195482.0,198422.0,4812.78,4812.78,No Data,False,1.2718,1.272195,1.2714,True,196.79,196790.77,-1308.77,-0.67,-2940.0,-1.5
2026-04-20T20:55:16.005468Z,19547.0,19925.0,195482.0,198422.0,4819.23,4819.23,No Data,False,1.2718,1.272195,1.2714,True,197.05,197054.5,-1572.5,-0.8,-2940.0,-1.5
2026-04-20T21:43:03.366802Z,19547.0,19925.0,195482.0,198422.0,4819.64,4819.6421,No Data,False,1.2718,1.272195,1.2714,True,197.07,197071.35,-1589.35,-0.81,-2940.0,-1.5
2026-04-20T22:39:58.749880Z,19547.0,19925.0,195482.0,198422.0,4829.58,4829.58,No Data,False,1.2718,1.272195,1.2714,True,197.48,197477.7,-1995.7,-1.01,-2940.0,-1.5
2026-04-20T23:27:04.711387Z,19547.0,19925.0,195482.0,198422.0,4824.48,4824.48,No Data,False,1.2718,1.272195,1.2714,True,197.27,197269.17,-1787.17,-0.91,-2940.0,-1.5
2026-04-21T01:08:07.065125Z,19548.0,19925.0,195486.0,198426.0,4818.18,4818.18,No Data,False,1.271,1.270526,1.2714,True,196.88,196882.3,-1396.3,-0.71,-2940.0,-1.5
2026-04-21T04:22:07.888196Z,19472.0,19849.0,194726.0,197667.0,4794.84,4794.84,No Data,False,1.271,1.270526,1.2714,True,195.93,195928.57,-1202.57,-0.61,-2941.0,-1.51
2026-04-21T06:22:11.987095Z,19415.0,19793.0,194165.0,197104.0,4779.9,4779.9038,No Data,False,1.271,1.270526,1.2714,True,195.32,195318.24,-1153.24,-0.59,-2939.0,-1.51
2026-04-21T08:20:08.780923Z,19435.0,19813.0,194364.0,197305.0,4783.13,4783.13,No Data,False,1.271,1.270526,1.2714,True,195.45,195450.07,-1086.07,-0.56,-2941.0,-1.51
2026-04-21T09:54:48.484387Z,19423.0,19801.0,194241.0,197183.0,4786.94,4786.94,No Data,False,1.271,1.270526,1.2714,True,195.61,195605.76,-1364.76,-0.7,-2942.0,-1.51
2026-04-21T11:03:32.867416Z,19423.0,19801.0,194241.0,197183.0,4788.32,4788.32,No Data,False,1.271,1.270526,1.2714,True,195.66,195662.15,-1421.15,-0.73,-2942.0,-1.51
2026-04-21T12:10:27.417566Z,19440.0,19818.0,194415.0,197355.0,4795.36,4795.36,No Data,False,1.271,1.270526,1.2714,True,195.95,195949.82,-1534.82,-0.78,-2940.0,-1.51
2026-04-21T14:10:25.246140Z,19379.0,19757.0,193802.0,196741.0,4780.08,4780.08,No Data,False,1.271,1.270526,1.2714,True,195.33,195325.44,-1523.44,-0.78,-2939.0,-1.52
2026-04-21T15:44:54.649824Z,19244.0,19621.0,192449.0,195386.0,4747.34,4747.34,No Data,False,1.271,1.270526,1.2714,True,193.99,193987.61,-1538.61,-0.79,-2937.0,-1.53
2026-04-21T16:57:00.828618Z,19244.0,19621.0,192449.0,195386.0,4709.81,4709.81,No Data,False,1.271,1.270526,1.2714,True,192.45,192454.04,-5.04,-0.0,-2937.0,-1.53
2026-04-21T17:59:34.544735Z,19244.0,19621.0,192449.0,195386.0,4709.56,4709.56,No Data,False,1.271,1.270526,1.2714,True,192.44,192443.82,5.18,0.0,-2937.0,-1.53
2026-04-21T19:23:41.227948Z,19244.0,19621.0,192449.0,195386.0,4711.32,4711.32,No Data,False,1.271,1.270526,1.2714,True,192.52,192515.74,-66.74,-0.03,-2937.0,-1.53
2026-04-21T20:28:50.607131Z,19244.0,19621.0,192449.0,195386.0,4706.45,4706.45,No Data,False,1.271,1.270526,1.2714,True,192.32,192316.74,132.26,0.07,-2937.0,-1.53
2026-04-21T21:26:23.297253Z,19244.0,19621.0,192449.0,195386.0,4711.67,4711.667,No Data,False,1.271,1.270526,1.2714,True,192.53,192529.92,-80.92,-0.04,-2937.0,-1.53
2026-04-21T22:24:15.053867Z,19244.0,19621.0,192449.0,195386.0,4716.69,4716.69,No Data,False,1.271,1.270526,1.2714,True,192.74,192735.17,-286.17,-0.15,-2937.0,-1.53
2026-04-21T23:20:55.239680Z,19244.0,19621.0,192449.0,195386.0,4730.47,4730.4727,No Data,False,1.271,1.270526,1.2714,True,193.3,193298.37,-849.37,-0.44,-2937.0,-1.53
2026-04-22T00:05:05.431043Z,19266.0,19645.0,192676.0,195617.0,4741.93,4741.93,No Data,False,1.271,1.270526,1.2714,True,193.77,193766.54,-1090.54,-0.56,-2941.0,-1.53
2026-04-22T03:43:49.321043Z,19364.0,19742.0,193647.0,196590.0,4759.28,4759.28,No Data,False,1.2721,1.272724,1.2714,True,194.64,194643.67,-996.67,-0.51,-2943.0,-1.52
2026-04-22T05:58:14.253694Z,19366.0,19744.0,193674.0,196614.0,4764.48,4764.48,No Data,False,1.2721,1.272724,1.2714,True,194.86,194856.33,-1182.33,-0.61,-2940.0,-1.52
2026-04-22T07:57:24.349263Z,19377.0,19755.0,193781.0,196722.0,4762.67,4762.67,No Data,False,1.2721,1.272724,1.2714,True,194.78,194782.31,-1001.31,-0.51,-2941.0,-1.52
2026-04-22T09:23:56.312297Z,19324.0,19702.0,193250.0,196190.0,4760.98,4760.98,No Data,False,1.2721,1.272724,1.2714,True,194.71,194713.19,-1463.19,-0.75,-2940.0,-1.52
2026-04-22T10:48:55.532555Z,19305.0,19683.0,193060.0,196001.0,4756.68,4756.68,No Data,False,1.2721,1.272724,1.2714,True,194.54,194537.33,-1477.33,-0.76,-2941.0,-1.52
2026-04-22T11:58:11.012526Z,19305.0,19683.0,193060.0,196001.0,4750.41,4750.41,No Data,False,1.2721,1.272724,1.2714,True,194.28,194280.9,-1220.9,-0.63,-2941.0,-1.52
2026-04-22T13:53:59.113353Z,19295.0,19673.0,192956.0,195898.0,4753.2,4753.2,No Data,False,1.2721,1.272724,1.2714,True,194.4,194395.01,-1439.01,-0.74,-2942.0,-1.52
2026-04-22T15:10:13.615506Z,19258.0,19636.0,192592.0,195534.0,4734.79,4734.79,No Data,False,1.2733,1.272724,1.2738,True,193.82,193824.75,-1232.75,-0.64,-2942.0,-1.53
2026-04-22T16:33:48.555076Z,19258.0,19636.0,192592.0,195534.0,4726.61,4726.61,No Data,False,1.2733,1.272724,1.2738,True,193.49,193489.89,-897.89,-0.46,-2942.0,-1.53
2026-04-22T17:37:00.676107Z,19258.0,19636.0,192592.0,195534.0,4737.09,4737.09,No Data,False,1.2733,1.272724,1.2738,True,193.92,193918.91,-1326.91,-0.68,-2942.0,-1.53
2026-04-22T18:43:26.565837Z,19258.0,19636.0,192592.0,195534.0,4735.37,4735.37,No Data,False,1.2733,1.272724,1.2738,True,193.85,193848.5,-1256.5,-0.65,-2942.0,-1.53
2026-04-22T20:02:41.763489Z,19258.0,19636.0,192592.0,195534.0,4738.25,4738.25,No Data,False,1.2733,1.272724,1.2738,True,193.97,193966.39,-1374.39,-0.71,-2942.0,-1.53
2026-04-22T21:10:48.479683Z,19258.0,19636.0,192592.0,195534.0,4737.78,4737.78,No Data,False,1.2733,1.272724,1.2738,True,193.95,193947.15,-1355.15,-0.7,-2942.0,-1.53
2026-04-22T22:06:20.752945Z,19258.0,19636.0,192592.0,195534.0,4737.97,4737.97,No Data,False,1.2733,1.272724,1.2738,True,193.95,193954.93,-1362.93,-0.7,-2942.0,-1.53
2026-04-22T23:08:16.225432Z,19258.0,19636.0,192592.0,195534.0,4723.14,4723.1401,No Data,False,1.2733,1.272724,1.2738,True,193.35,193347.85,-755.85,-0.39,-2942.0,-1.53
2026-04-23T00:04:30.730597Z,19263.0,19642.0,192644.0,195590.0,4723.16,4723.16,No Data,False,1.2733,1.272724,1.2738,True,193.35,193348.66,-704.66,-0.36,-2946.0,-1.53
2026-04-23T03:48:56.155239Z,19176.0,19555.0,191770.0,194716.0,4706.29,4706.29,No Data,False,1.2744,1.274934,1.2738,True,192.83,192825.27,-1055.27,-0.55,-2946.0,-1.54
2026-04-23T06:03:50.162162Z,19217.0,19596.0,192183.0,195128.0,4715.6,4715.6,No Data,False,1.2744,1.274934,1.2738,True,193.21,193206.71,-1023.71,-0.53,-2945.0,-1.53
2026-04-23T08:12:47.438390Z,19222.0,19601.0,192234.0,195179.0,4718.02,4718.02,No Data,False,1.2744,1.274934,1.2738,True,193.31,193305.87,-1071.87,-0.55,-2945.0,-1.53
2026-04-23T09:58:42.403787Z,19135.0,19514.0,191360.0,194305.0,4696.85,4696.85,No Data,False,1.2744,1.274934,1.2738,True,192.44,192438.49,-1078.49,-0.56,-2945.0,-1.54
2026-04-23T11:14:56.095724Z,19135.0,19514.0,191360.0,194305.0,4698.89,4698.89,No Data,False,1.2744,1.274934,1.2738,True,192.52,192522.07,-1162.07,-0.6,-2945.0,-1.54
2026-04-23T12:10:05.668109Z,19173.0,19552.0,191743.0,194687.0,4730.87,4730.87,No Data,False,1.2744,1.274934,1.2738,True,193.83,193832.35,-2089.35,-1.08,-2944.0,-1.54
2026-04-23T14:13:33.331283Z,19234.0,19613.0,192355.0,195302.0,4722.53,4722.53,No Data,False,1.2744,1.274934,1.2738,True,193.49,193490.65,-1135.65,-0.59,-2947.0,-1.53
2026-04-23T16:10:46.982776Z,19263.0,19642.0,192644.0,195590.0,4720.33,4720.33,No Data,False,1.2754,1.274934,1.2758,True,193.55,193552.27,-908.27,-0.47,-2946.0,-1.53
2026-04-23T17:48:24.248470Z,19263.0,19642.0,192644.0,195590.0,4682.79,4682.79,No Data,False,1.2754,1.274934,1.2758,True,192.01,192012.98,631.02,0.33,-2946.0,-1.53
2026-04-23T19:03:25.984105Z,19263.0,19642.0,192644.0,195590.0,4696.92,4696.92,No Data,False,1.2754,1.274934,1.2758,True,192.59,192592.37,51.63,0.03,-2946.0,-1.53
2026-04-23T20:13:33.639644Z,19263.0,19642.0,192644.0,195590.0,4695.35,4695.35,No Data,False,1.2754,1.274934,1.2758,True,192.53,192527.99,116.01,0.06,-2946.0,-1.53
2026-04-23T21:09:44.236566Z,19263.0,19642.0,192644.0,195590.0,4692.69,4692.6919,No Data,False,1.2754,1.274934,1.2758,True,192.42,192419.0,225.0,0.12,-2946.0,-1.53
2026-04-23T22:03:21.265726Z,19263.0,19642.0,192644.0,195590.0,4695.99,4695.99,No Data,False,1.2754,1.274934,1.2758,True,192.55,192554.24,89.76,0.05,-2946.0,-1.53
2026-04-23T23:08:51.539047Z,19263.0,19642.0,192644.0,195590.0,4690.89,4690.89,No Data,False,1.2754,1.274934,1.2758,True,192.35,192345.12,298.88,0.16,-2946.0,-1.53
2026-04-24T00:04:44.836470Z,19162.0,19541.0,191633.0,194580.0,4691.83,4691.83,No Data,False,1.2754,1.274934,1.2758,True,192.38,192383.66,-750.66,-0.39,-2947.0,-1.54
2026-04-24T03:53:02.741401Z,19103.0,19482.0,191043.0,193992.0,4675.37,4675.37,No Data,False,1.2764,1.27694,1.2758,True,191.86,191859.5,-816.5,-0.43,-2949.0,-1.54
2026-04-24T06:06:00.715620Z,19083.0,19462.0,190845.0,193793.0,4683.05,4683.05,No Data,False,1.2764,1.27694,1.2758,True,192.17,192174.66,-1329.66,-0.69,-2948.0,-1.54
2026-04-24T08:24:09.948266Z,19144.0,19523.0,191450.0,194396.0,4692.57,4692.57,No Data,False,1.2764,1.27694,1.2758,True,192.57,192565.32,-1115.32,-0.58,-2946.0,-1.54
2026-04-24T10:09:49.915268Z,19068.0,19447.0,190689.0,193635.0,4683.19,4683.19,No Data,False,1.2764,1.27694,1.2758,True,192.18,192180.4,-1491.4,-0.78,-2946.0,-1.54
2026-04-24T11:36:07.072445Z,19164.0,19542.0,191647.0,194593.0,4710.19,4710.19,No Data,False,1.2764,1.27694,1.2758,True,193.29,193288.38,-1641.38,-0.85,-2946.0,-1.54
2026-04-24T12:41:14.830802Z,19164.0,19542.0,191647.0,194593.0,4706.1,4706.1,No Data,False,1.2764,1.27694,1.2758,True,193.12,193120.54,-1473.54,-0.76,-2946.0,-1.54
2026-04-24T14:43:38.493728Z,19278.0,19657.0,192795.0,195743.0,4730.79,4730.79,No Data,False,1.2767,1.27694,1.2764,True,194.18,194179.36,-1384.36,-0.71,-2948.0,-1.53
2026-04-24T16:02:06.485294Z,19278.0,19657.0,192795.0,195743.0,4726.15,4726.15,No Data,False,1.2767,1.27694,1.2764,True,193.99,193988.91,-1193.91,-0.62,-2948.0,-1.53
2026-04-24T17:15:38.363123Z,19278.0,19657.0,192795.0,195743.0,4726.77,4726.77,No Data,False,1.2767,1.27694,1.2764,True,194.01,194014.35,-1219.35,-0.63,-2948.0,-1.53
2026-04-24T18:01:36.079795Z,19278.0,19657.0,192795.0,195743.0,4723.35,4723.35,No Data,False,1.2767,1.27694,1.2764,True,193.87,193873.98,-1078.98,-0.56,-2948.0,-1.53
2026-04-24T19:14:42.311634Z,19278.0,19657.0,192795.0,195743.0,4721.86,4721.86,No Data,False,1.2767,1.27694,1.2764,True,193.81,193812.82,-1017.82,-0.53,-2948.0,-1.53
2026-04-24T20:03:07.008099Z,19278.0,19657.0,192795.0,195743.0,4712.52,4712.52,No Data,False,1.2767,1.27694,1.2764,True,193.43,193429.45,-634.45,-0.33,-2948.0,-1.53
2026-04-24T21:08:23.369399Z,19278.0,19657.0,192795.0,195743.0,4708.69,4708.686,No Data,False,1.2767,1.27694,1.2764,True,193.27,193272.08,-477.08,-0.25,-2948.0,-1.53
2026-04-24T22:04:34.376065Z,19278.0,19657.0,192795.0,195743.0,4708.69,4708.686,No Data,False,1.2767,1.27694,1.2764,True,193.27,193272.08,-477.08,-0.25,-2948.0,-1.53
2026-04-24T23:00:30.906884Z,19278.0,19657.0,192795.0,195743.0,4708.69,4708.686,No Data,False,1.2767,1.27694,1.2764,True,193.27,193272.08,-477.08,-0.25,-2948.0,-1.53
2026-04-24T23:56:59.026216Z,19278.0,19657.0,192795.0,195743.0,4708.69,4708.686,No Data,False,1.2767,1.27694,1.2764,True,193.27,193272.08,-477.08,-0.25,-2948.0,-1.53
2026-04-25T02:35:44.197518Z,19278.0,19657.0,192795.0,195743.0,4708.69,4708.686,No Data,False,1.2765,1.276659,1.2764,True,193.25,193250.81,-455.81,-0.24,-2948.0,-1.53
2026-04-25T05:00:30.375856Z,19278.0,19657.0,192795.0,195743.0,4708.69,4708.686,No Data,False,1.2765,1.276659,1.2764,True,193.25,193250.81,-455.81,-0.24,-2948.0,-1.53
2026-04-25T06:46:56.479741Z,19278.0,19657.0,192795.0,195743.0,4708.69,4708.686,No Data,False,1.2765,1.276659,1.2764,True,193.25,193250.81,-455.81,-0.24,-2948.0,-1.53
2026-04-25T08:03:32.825308Z,19278.0,19657.0,192795.0,195743.0,4708.69,4708.686,No Data,False,1.2765,1.276659,1.2764,True,193.25,193250.81,-455.81,-0.24,-2948.0,-1.53
2026-04-25T09:12:32.226616Z,19278.0,19657.0,192795.0,195743.0,4708.69,4708.686,No Data,False,1.2765,1.276659,1.2764,True,193.25,193250.81,-455.81,-0.24,-2948.0,-1.53
2026-04-25T10:08:03.978348Z,19278.0,19657.0,192795.0,195743.0,4708.69,4708.686,No Data,False,1.2765,1.276659,1.2764,True,193.25,193250.81,-455.81,-0.24,-2948.0,-1.53
2026-04-25T11:06:35.620470Z,19278.0,19657.0,192795.0,195743.0,4708.69,4708.686,No Data,False,1.2765,1.276659,1.2764,True,193.25,193250.81,-455.81,-0.24,-2948.0,-1.53
2026-04-25T11:56:15.814704Z,19278.0,19657.0,192795.0,195743.0,4708.69,4708.686,No Data,False,1.2765,1.276659,1.2764,True,193.25,193250.81,-455.81,-0.24,-2948.0,-1.53
2026-04-25T13:03:19.960460Z,19278.0,19657.0,192795.0,195743.0,4708.69,4708.686,No Data,False,1.2765,1.276659,1.2764,True,193.25,193250.81,-455.81,-0.24,-2948.0,-1.53
2026-04-25T14:08:56.579973Z,19278.0,19657.0,192795.0,195743.0,4708.69,4708.686,No Data,False,1.2765,1.276659,1.2764,True,193.25,193250.81,-455.81,-0.24,-2948.0,-1.53
2026-04-25T15:03:06.348997Z,19278.0,19657.0,192795.0,195743.0,4708.69,4708.686,No Data,False,1.2765,1.276659,1.2764,True,193.25,193250.81,-455.81,-0.24,-2948.0,-1.53
2026-04-25T15:57:39.055788Z,19278.0,19657.0,192795.0,195743.0,4708.69,4708.686,No Data,False,1.2765,1.276659,1.2764,True,193.25,193250.81,-455.81,-0.24,-2948.0,-1.53
2026-04-25T16:49:28.729209Z,19278.0,19657.0,192795.0,195743.0,4708.69,4708.686,No Data,False,1.2765,1.276659,1.2764,True,193.25,193250.81,-455.81,-0.24,-2948.0,-1.53
2026-04-25T17:34:50.729579Z,19278.0,19657.0,192795.0,195743.0,4708.69,4708.686,No Data,False,1.2765,1.276659,1.2764,True,193.25,193250.81,-455.81,-0.24,-2948.0,-1.53
2026-04-25T18:07:30.214955Z,19278.0,19657.0,192795.0,195743.0,4708.69,4708.686,No Data,False,1.2765,1.276659,1.2764,True,193.25,193250.81,-455.81,-0.24,-2948.0,-1.53
2026-04-25T19:12:21.892316Z,19278.0,19657.0,192795.0,195743.0,4708.69,4708.686,No Data,False,1.2765,1.276659,1.2764,True,193.25,193250.81,-455.81,-0.24,-2948.0,-1.53
2026-04-25T19:55:48.589633Z,19278.0,19657.0,192795.0,195743.0,4708.69,4708.686,No Data,False,1.2765,1.276659,1.2764,True,193.25,193250.81,-455.81,-0.24,-2948.0,-1.53
2026-04-25T20:36:46.379375Z,19278.0,19657.0,192795.0,195743.0,4708.69,4708.686,No Data,False,1.2765,1.276659,1.2764,True,193.25,193250.81,-455.81,-0.24,-2948.0,-1.53
2026-04-25T21:19:01.561566Z,19278.0,19657.0,192795.0,195743.0,4708.69,4708.686,No Data,False,1.2765,1.276659,1.2764,True,193.25,193250.81,-455.81,-0.24,-2948.0,-1.53
2026-04-25T21:55:13.860239Z,19278.0,19657.0,192795.0,195743.0,4708.69,4708.686,No Data,False,1.2765,1.276659,1.2764,True,193.25,193250.81,-455.81,-0.24,-2948.0,-1.53
2026-04-25T22:33:28.104537Z,19278.0,19657.0,192795.0,195743.0,4708.69,4708.686,No Data,False,1.2765,1.276659,1.2764,True,193.25,193250.81,-455.81,-0.24,-2948.0,-1.53
2026-04-25T23:20:24.019496Z,19278.0,19657.0,192795.0,195743.0,4708.69,4708.686,No Data,False,1.2765,1.276659,1.2764,True,193.25,193250.81,-455.81,-0.24,-2948.0,-1.53
2026-04-26T00:07:04.295757Z,19278.0,19657.0,192795.0,195743.0,4708.69,4708.686,No Data,False,1.2765,1.276659,1.2764,True,193.25,193250.81,-455.81,-0.24,-2948.0,-1.53
2026-04-26T03:57:36.731045Z,19278.0,19657.0,192795.0,195743.0,4708.69,4708.686,No Data,False,1.2765,1.276625,1.2764,True,193.25,193248.24,-453.24,-0.23,-2948.0,-1.53
2026-04-26T06:08:50.581614Z,19278.0,19657.0,192795.0,195743.0,4708.69,4708.686,No Data,False,1.2765,1.276625,1.2764,True,193.25,193248.24,-453.24,-0.23,-2948.0,-1.53
2026-04-26T07:55:16.058796Z,19278.0,19657.0,192795.0,195743.0,4708.69,4708.686,No Data,False,1.2765,1.276625,1.2764,True,193.25,193248.24,-453.24,-0.23,-2948.0,-1.53
2026-04-26T08:56:59.945849Z,19278.0,19657.0,192795.0,195743.0,4708.69,4708.686,No Data,False,1.2765,1.276625,1.2764,True,193.25,193248.24,-453.24,-0.23,-2948.0,-1.53
2026-04-26T09:54:41.328845Z,19278.0,19657.0,192795.0,195743.0,4708.69,4708.686,No Data,False,1.2765,1.276625,1.2764,True,193.25,193248.24,-453.24,-0.23,-2948.0,-1.53
2026-04-26T10:42:09.765797Z,19278.0,19657.0,192795.0,195743.0,4708.69,4708.686,No Data,False,1.2765,1.276625,1.2764,True,193.25,193248.24,-453.24,-0.23,-2948.0,-1.53
2026-04-26T11:36:50.444754Z,19278.0,19657.0,192795.0,195743.0,4708.69,4708.686,No Data,False,1.2765,1.276625,1.2764,True,193.25,193248.24,-453.24,-0.23,-2948.0,-1.53
2026-04-26T12:07:34.709611Z,19278.0,19657.0,192795.0,195743.0,4708.69,4708.686,No Data,False,1.2765,1.276625,1.2764,True,193.25,193248.24,-453.24,-0.23,-2948.0,-1.53
2026-04-26T13:42:35.654051Z,19278.0,19657.0,192795.0,195743.0,4708.69,4708.686,No Data,False,1.2765,1.276625,1.2764,True,193.25,193248.24,-453.24,-0.23,-2948.0,-1.53
2026-04-26T14:39:50.819651Z,19278.0,19657.0,192795.0,195743.0,4708.69,4708.686,No Data,False,1.2765,1.276625,1.2764,True,193.25,193248.24,-453.24,-0.23,-2948.0,-1.53
2026-04-26T15:27:54.870414Z,19278.0,19657.0,192795.0,195743.0,4708.69,4708.686,No Data,False,1.2765,1.276625,1.2764,True,193.25,193248.24,-453.24,-0.23,-2948.0,-1.53
2026-04-26T16:22:46.192693Z,19278.0,19657.0,192795.0,195743.0,4708.69,4708.686,No Data,False,1.2765,1.276625,1.2764,True,193.25,193248.24,-453.24,-0.23,-2948.0,-1.53
2026-04-26T17:22:17.496843Z,19278.0,19657.0,192795.0,195743.0,4708.69,4708.686,No Data,False,1.2765,1.276625,1.2764,True,193.25,193248.24,-453.24,-0.23,-2948.0,-1.53
2026-04-26T18:08:22.787384Z,19278.0,19657.0,192795.0,195743.0,4708.69,4708.686,No Data,False,1.2765,1.276625,1.2764,True,193.25,193248.24,-453.24,-0.23,-2948.0,-1.53
2026-04-26T19:14:44.465640Z,19278.0,19657.0,192795.0,195743.0,4708.69,4708.686,No Data,False,1.2765,1.276625,1.2764,True,193.25,193248.24,-453.24,-0.23,-2948.0,-1.53
2026-04-26T19:58:05.381471Z,19278.0,19657.0,192795.0,195743.0,4708.69,4708.686,No Data,False,1.2765,1.276625,1.2764,True,193.25,193248.24,-453.24,-0.23,-2948.0,-1.53
2026-04-26T20:45:47.621429Z,19278.0,19657.0,192795.0,195743.0,4708.69,4708.686,No Data,False,1.2765,1.276625,1.2764,True,193.25,193248.24,-453.24,-0.23,-2948.0,-1.53
2026-04-26T21:34:47.579684Z,19278.0,19657.0,192795.0,195743.0,4708.69,4708.686,No Data,False,1.2765,1.276625,1.2764,True,193.25,193248.24,-453.24,-0.23,-2948.0,-1.53
2026-04-26T22:06:29.196445Z,19278.0,19657.0,192795.0,195743.0,4689.68,4689.68,No Data,False,1.2765,1.276625,1.2764,True,192.47,192468.22,326.78,0.17,-2948.0,-1.53
2026-04-26T23:00:30.431814Z,19278.0,19657.0,192795.0,195743.0,4683.59,4683.59,No Data,False,1.2765,1.276625,1.2764,True,192.22,192218.28,576.72,0.3,-2948.0,-1.53
2026-04-26T23:57:47.395134Z,19278.0,19657.0,192795.0,195743.0,4680.69,4680.69,No Data,False,1.2765,1.276625,1.2764,True,192.1,192099.26,695.74,0.36,-2948.0,-1.53
2026-04-27T03:28:31.011223Z,19183.0,19561.0,191838.0,194780.0,4714.39,4714.39,No Data,False,1.2766,1.276897,1.2764,True,193.5,193502.95,-1664.95,-0.86,-2942.0,-1.53
2026-04-27T06:16:25.391257Z,19176.0,19554.0,191767.0,194709.0,4713.36,4713.36,No Data,False,1.2766,1.276897,1.2764,True,193.46,193460.67,-1693.67,-0.88,-2942.0,-1.53
2026-04-27T08:42:03.670467Z,19151.0,19529.0,191524.0,194464.0,4706.44,4706.438,No Data,False,1.2766,1.276897,1.2764,True,193.18,193176.56,-1652.56,-0.86,-2940.0,-1.54
2026-04-27T11:00:31.703894Z,19128.0,19506.0,191289.0,194228.0,4708.61,4708.61,No Data,False,1.2766,1.276897,1.2764,True,193.27,193265.71,-1976.71,-1.02,-2939.0,-1.54
2026-04-27T12:53:34.026829Z,19128.0,19506.0,191289.0,194228.0,4703.0,4703.0,No Data,False,1.2766,1.276897,1.2764,True,193.04,193035.44,-1746.44,-0.9,-2939.0,-1.54
2026-04-27T15:05:29.513171Z,19066.0,19444.0,190675.0,193614.0,4667.82,4667.82,No Data,False,1.2748,1.276897,1.2728,True,191.32,191321.34,-646.34,-0.34,-2939.0,-1.54
2026-04-27T16:57:29.304416Z,19066.0,19444.0,190675.0,193614.0,4676.54,4676.54,No Data,False,1.2748,1.276897,1.2728,True,191.68,191678.75,-1003.75,-0.52,-2939.0,-1.54
2026-04-27T18:04:31.916447Z,19066.0,19444.0,190675.0,193614.0,4681.27,4681.27,No Data,False,1.2748,1.276897,1.2728,True,191.87,191872.62,-1197.62,-0.62,-2939.0,-1.54
2026-04-27T19:49:41.673137Z,19066.0,19444.0,190675.0,193614.0,4680.49,4680.49,No Data,False,1.2748,1.276897,1.2728,True,191.84,191840.65,-1165.65,-0.61,-2939.0,-1.54
2026-04-27T20:58:54.129321Z,19066.0,19444.0,190675.0,193614.0,4680.52,4680.52,No Data,False,1.2748,1.276897,1.2728,True,191.84,191841.88,-1166.88,-0.61,-2939.0,-1.54
2026-04-27T21:58:33.545178Z,19066.0,19444.0,190675.0,193614.0,4681.85,4681.8501,No Data,False,1.2748,1.276897,1.2728,True,191.9,191896.4,-1221.4,-0.64,-2939.0,-1.54
2026-04-27T22:57:51.236455Z,19066.0,19444.0,190675.0,193614.0,4686.09,4686.0898,No Data,False,1.2748,1.276897,1.2728,True,192.07,192070.17,-1395.17,-0.73,-2939.0,-1.54
2026-04-27T23:56:15.222037Z,19066.0,19444.0,190675.0,193614.0,4693.65,4693.65,No Data,False,1.2748,1.276897,1.2728,True,192.38,192380.04,-1705.04,-0.89,-2939.0,-1.54
2026-04-28T02:52:15.819673Z,19023.0,19401.0,190241.0,193180.0,4670.09,4670.09,No Data,False,1.2734,1.273929,1.2728,True,191.19,191191.56,-950.56,-0.5,-2939.0,-1.54
2026-04-28T05:56:33.745067Z,18867.0,19244.0,188676.0,191615.0,4634.0,4634.0,No Data,False,1.2734,1.273929,1.2728,True,189.71,189714.05,-1038.05,-0.55,-2939.0,-1.56
2026-04-28T08:25:29.689013Z,18832.0,19210.0,188332.0,191272.0,4620.58,4620.58,No Data,False,1.2734,1.273929,1.2728,True,189.16,189164.65,-832.65,-0.44,-2940.0,-1.56
2026-04-28T10:33:53.831684Z,18783.0,19161.0,187843.0,190783.0,4614.12,4614.12,No Data,False,1.2734,1.273929,1.2728,True,188.9,188900.18,-1057.18,-0.56,-2940.0,-1.57
2026-04-28T12:14:27.509005Z,18651.0,19030.0,186524.0,189465.0,4578.69,4578.69,No Data,False,1.2734,1.273929,1.2728,True,187.45,187449.69,-925.69,-0.49,-2941.0,-1.58
2026-04-28T16:48:56.119995Z,18623.0,19002.0,186246.0,189186.0,4587.37,4587.37,No Data,False,1.2761,1.273929,1.2783,True,188.21,188210.63,-1964.63,-1.04,-2940.0,-1.58
2026-04-28T18:15:12.419699Z,18623.0,19002.0,186246.0,189186.0,4596.13,4596.13,No Data,False,1.2761,1.273929,1.2783,True,188.57,188570.04,-2324.04,-1.23,-2940.0,-1.58
2026-04-28T19:58:04.187499Z,18623.0,19002.0,186246.0,189186.0,4595.75,4595.75,No Data,False,1.2761,1.273929,1.2783,True,188.55,188554.45,-2308.45,-1.22,-2940.0,-1.58
2026-04-28T21:10:23.853786Z,18623.0,19002.0,186246.0,189186.0,4594.51,4594.51,No Data,False,1.2761,1.273929,1.2783,True,188.5,188503.57,-2257.57,-1.2,-2940.0,-1.58
2026-04-28T22:12:47.952371Z,18623.0,19002.0,186246.0,189186.0,4595.89,4595.89,No Data,False,1.2761,1.273929,1.2783,True,188.56,188560.19,-2314.19,-1.23,-2940.0,-1.58
2026-04-28T23:12:13.372183Z,18623.0,19002.0,186246.0,189186.0,4589.59,4589.59,No Data,False,1.2761,1.273929,1.2783,True,188.3,188301.71,-2055.71,-1.09,-2940.0,-1.58
2026-04-29T00:09:33.494189Z,18751.0,19129.0,187521.0,190458.0,4607.43,4607.43,No Data,False,1.2761,1.273929,1.2783,True,189.03,189033.65,-1512.65,-0.8,-2937.0,-1.57
2026-04-29T04:04:51.609644Z,18733.0,19111.0,187337.0,190275.0,4597.86,4597.86,No Data,False,1.2773,1.27636,1.2783,True,188.82,188820.7,-1483.7,-0.79,-2938.0,-1.57
2026-04-29T06:39:12.255096Z,18711.0,19090.0,187126.0,190065.0,4583.14,4583.14,No Data,False,1.2773,1.27636,1.2783,True,188.22,188216.19,-1090.19,-0.58,-2939.0,-1.57
2026-04-29T09:00:09.592971Z,18657.0,19035.0,186583.0,189523.0,4573.28,4573.28,No Data,False,1.2773,1.27636,1.2783,True,187.81,187811.27,-1228.27,-0.65,-2940.0,-1.58
2026-04-29T11:01:46.865787Z,18637.0,19015.0,186378.0,189317.0,4569.01,4569.01,No Data,False,1.2773,1.27636,1.2783,True,187.64,187635.91,-1257.91,-0.67,-2939.0,-1.58
2026-04-29T12:56:15.387653Z,18575.0,18953.0,185762.0,188701.0,4543.75,4543.75,No Data,False,1.2773,1.27636,1.2783,True,186.6,186598.56,-836.56,-0.45,-2939.0,-1.58
2026-04-29T15:12:57.004831Z,18550.0,18928.0,185509.0,188451.0,4538.31,4538.31,No Data,False,1.2768,1.27636,1.2773,True,186.3,186302.2,-793.2,-0.43,-2942.0,-1.59
2026-04-29T16:54:51.869571Z,18550.0,18928.0,185509.0,188451.0,4544.29,4544.29,No Data,False,1.2768,1.27636,1.2773,True,186.55,186547.68,-1038.68,-0.56,-2942.0,-1.59
2026-04-29T18:09:49.589036Z,18550.0,18928.0,185509.0,188451.0,4533.35,4533.35,No Data,False,1.2768,1.27636,1.2773,True,186.1,186098.58,-589.58,-0.32,-2942.0,-1.59
2026-04-29T19:55:29.740724Z,18550.0,18928.0,185509.0,188451.0,4547.58,4547.58,No Data,False,1.2768,1.27636,1.2773,True,186.68,186682.74,-1173.74,-0.63,-2942.0,-1.59
2026-04-29T21:01:00.796747Z,18550.0,18928.0,185509.0,188451.0,4540.59,4540.5874,No Data,False,1.2768,1.27636,1.2773,True,186.4,186395.69,-886.69,-0.48,-2942.0,-1.59
2026-04-29T22:12:20.892612Z,18550.0,18928.0,185509.0,188451.0,4545.79,4545.79,No Data,False,1.2768,1.27636,1.2773,True,186.61,186609.26,-1100.26,-0.59,-2942.0,-1.59
2026-04-29T23:12:36.519749Z,18550.0,18928.0,185509.0,188451.0,4550.81,4550.81,No Data,False,1.2768,1.27636,1.2773,True,186.82,186815.33,-1306.33,-0.7,-2942.0,-1.59
2026-04-30T00:09:58.085717Z,18632.0,19011.0,186332.0,189275.0,4560.73,4560.73,No Data,False,1.2768,1.27636,1.2773,True,187.22,187222.56,-890.56,-0.48,-2943.0,-1.58
2026-04-30T04:06:33.678897Z,18639.0,19018.0,186404.0,189349.0,4552.57,4552.57,No Data,False,1.2784,1.279462,1.2773,True,187.11,187114.6,-710.6,-0.38,-2945.0,-1.58
2026-04-30T06:43:41.498466Z,18708.0,19088.0,187095.0,190042.0,4573.88,4573.88,No Data,False,1.2784,1.279462,1.2773,True,187.99,187990.46,-895.46,-0.48,-2947.0,-1.58
2026-04-30T09:09:16.480506Z,18861.0,19240.0,188623.0,191568.0,4616.32,4616.32,No Data,False,1.2784,1.279462,1.2773,True,189.73,189734.78,-1111.78,-0.59,-2945.0,-1.56
2026-04-30T11:09:46.444391Z,19006.0,19385.0,190073.0,193018.0,4641.66,4641.66,No Data,False,1.2784,1.279462,1.2773,True,190.78,190776.28,-703.28,-0.37,-2945.0,-1.55
2026-04-30T12:56:30.369466Z,18945.0,19323.0,189457.0,192401.0,4630.65,4630.65,No Data,False,1.2784,1.279462,1.2773,True,190.32,190323.76,-866.76,-0.46,-2944.0,-1.55
2026-04-30T15:09:33.153781Z,18853.0,19231.0,188545.0,191484.0,4620.99,4620.99,No Data,False,1.2778,1.279462,1.2762,True,189.85,189845.01,-1300.01,-0.68,-2939.0,-1.56
2026-04-30T16:49:51.142226Z,18853.0,19231.0,188545.0,191484.0,4612.31,4612.31,No Data,False,1.2778,1.279462,1.2762,True,189.49,189488.41,-943.41,-0.5,-2939.0,-1.56
2026-04-30T18:07:29.307303Z,18853.0,19231.0,188545.0,191484.0,4622.85,4622.85,No Data,False,1.2778,1.279462,1.2762,True,189.92,189921.42,-1376.42,-0.72,-2939.0,-1.56
2026-04-30T19:51:31.037413Z,18853.0,19231.0,188545.0,191484.0,4620.46,4620.46,No Data,False,1.2778,1.279462,1.2762,True,189.82,189823.24,-1278.24,-0.67,-2939.0,-1.56
2026-04-30T20:56:51.519258Z,18853.0,19231.0,188545.0,191484.0,4620.44,4620.44,No Data,False,1.2778,1.279462,1.2762,True,189.82,189822.41,-1277.41,-0.67,-2939.0,-1.56
2026-04-30T21:56:22.019248Z,18853.0,19231.0,188545.0,191484.0,4621.59,4621.59,No Data,False,1.2778,1.279462,1.2762,True,189.87,189869.66,-1324.66,-0.7,-2939.0,-1.56
2026-04-30T22:52:47.341840Z,18853.0,19231.0,188545.0,191484.0,4629.59,4629.59,No Data,False,1.2778,1.279462,1.2762,True,190.2,190198.33,-1653.33,-0.87,-2939.0,-1.56
2026-04-30T23:50:26.454447Z,18853.0,19231.0,188545.0,191484.0,4630.67,4630.67,No Data,False,1.2778,1.279462,1.2762,True,190.24,190242.7,-1697.7,-0.89,-2939.0,-1.56
2026-05-01T02:45:39.637673Z,18853.0,19231.0,188545.0,191484.0,4623.73,4623.73,No Data,False,1.2754,1.274553,1.2762,True,189.59,189592.7,-1047.7,-0.55,-2939.0,-1.56
2026-05-01T05:35:33.888373Z,18853.0,19231.0,188545.0,191484.0,4614.85,4614.85,No Data,False,1.2754,1.274553,1.2762,True,189.23,189228.58,-683.58,-0.36,-2939.0,-1.56
2026-05-01T05:37:15.422878Z,18853.0,19231.0,188545.0,191484.0,4611.95,4611.95,No Data,False,1.2754,1.274553,1.2762,True,189.11,189109.67,-564.67,-0.3,-2939.0,-1.56
2026-05-01T05:37:53.250066Z,18853.0,19231.0,188545.0,191484.0,4611.95,4611.95,No Data,False,1.2754,1.274553,1.2762,True,189.11,189109.67,-564.67,-0.3,-2939.0,-1.56
2026-05-01T05:38:27.941791Z,18853.0,19231.0,188545.0,191484.0,4610.93,4610.93,No Data,False,1.2754,1.274553,1.2762,True,189.07,189067.85,-522.85,-0.28,-2939.0,-1.56
2026-05-01T05:39:43.302491Z,18853.0,19231.0,188545.0,191484.0,4608.96,4608.96,No Data,False,1.2754,1.274553,1.2762,True,188.99,188987.07,-442.07,-0.23,-2939.0,-1.56
2026-05-01T05:44:45.948866Z,18853.0,19231.0,188545.0,191484.0,4610.14,4610.14,No Data,False,1.2754,1.274553,1.2762,True,189.04,189035.45,-490.45,-0.26,-2939.0,-1.56
2026-05-01T05:45:41.155195Z,18853.0,19231.0,188545.0,191484.0,4607.39,4607.39,No Data,False,1.2754,1.274553,1.2762,True,188.92,188922.69,-377.69,-0.2,-2939.0,-1.56
2026-05-01T05:46:17.949141Z,18853.0,19231.0,188545.0,191484.0,4607.39,4607.39,No Data,False,1.2754,1.274553,1.2762,True,188.92,188922.69,-377.69,-0.2,-2939.0,-1.56
2026-05-01T06:39:44.782518Z,18853.0,19231.0,188545.0,191484.0,4591.5,4591.5,No Data,False,1.2754,1.274553,1.2762,True,188.27,188271.13,273.87,0.15,-2939.0,-1.56
2026-05-01T06:40:17.189885Z,18853.0,19231.0,188545.0,191484.0,4591.19,4591.19,No Data,False,1.2754,1.274553,1.2762,True,188.26,188258.42,286.58,0.15,-2939.0,-1.56
2026-05-01T06:40:45.454049Z,18853.0,19231.0,188545.0,191484.0,4591.44,4591.44,No Data,False,1.2754,1.274553,1.2762,True,188.27,188268.67,276.33,0.15,-2939.0,-1.56
2026-05-01T06:41:14.969202Z,18853.0,19231.0,188545.0,191484.0,4591.76,4591.76,No Data,False,1.2754,1.274553,1.2762,True,188.28,188281.79,263.21,0.14,-2939.0,-1.56
2026-05-01T06:41:36.481557Z,18853.0,19231.0,188545.0,191484.0,4591.03,4591.03,No Data,False,1.2754,1.274553,1.2762,True,188.25,188251.86,293.14,0.16,-2939.0,-1.56
2026-05-01T06:42:24.855283Z,18853.0,19231.0,188545.0,191484.0,4591.55,4591.55,No Data,False,1.2754,1.274553,1.2762,True,188.27,188273.18,271.82,0.14,-2939.0,-1.56
2026-05-01T07:54:20.122477Z,18853.0,19231.0,188545.0,191484.0,4582.89,4582.89,No Data,False,1.2754,1.274553,1.2762,True,187.92,187918.09,626.91,0.33,-2939.0,-1.56
2026-05-01T08:17:16.701235Z,18853.0,19231.0,188545.0,191484.0,4576.16,4576.16,No Data,False,1.2754,1.274553,1.2762,True,187.64,187642.13,902.87,0.48,-2939.0,-1.56
2026-05-01T08:23:05.367604Z,18853.0,19231.0,188545.0,191484.0,4569.23,4569.23,No Data,False,1.2754,1.274553,1.2762,True,187.36,187357.97,1187.03,0.63,-2939.0,-1.56
2026-05-01T08:23:43.232002Z,18853.0,19231.0,188545.0,191484.0,4568.51,4568.51,No Data,False,1.2754,1.274553,1.2762,True,187.33,187328.45,1216.55,0.65,-2939.0,-1.56
2026-05-01T08:26:24.735723Z,18853.0,19231.0,188545.0,191484.0,4567.89,4567.89,No Data,False,1.2754,1.274553,1.2762,True,187.3,187303.02,1241.98,0.66,-2939.0,-1.56
2026-05-01T08:30:59.169621Z,18853.0,19231.0,188545.0,191484.0,4566.02,4566.02,No Data,False,1.2754,1.274553,1.2762,True,187.23,187226.34,1318.66,0.7,-2939.0,-1.56
2026-05-01T09:06:59.929804Z,18853.0,19231.0,188545.0,191484.0,4573.41,4567.22,4579.60009765625,True,1.2754,1.274553,1.2762,True,187.53,187529.37,1015.63,0.54,-2939.0,-1.56
2026-05-01T09:14:41.166263Z,18853.0,19231.0,188545.0,191484.0,4570.66,4564.33,4577.0,True,1.2754,1.274553,1.2762,True,187.42,187416.81,1128.19,0.6,-2939.0,-1.56
2026-05-01T09:15:06.610825Z,18853.0,19231.0,188545.0,191484.0,4570.38,4564.05,4576.7001953125,True,1.2754,1.274553,1.2762,True,187.4,187404.92,1140.08,0.61,-2939.0,-1.56
2026-05-01T09:15:42.715286Z,18853.0,19231.0,188545.0,191484.0,4571.43,4565.76,4577.10009765625,True,1.2754,1.274553,1.2762,True,187.45,187448.18,1096.82,0.59,-2939.0,-1.56
2026-05-01T10:10:27.641625Z,18853.0,19231.0,188545.0,191484.0,4569.48,4566.06,4572.89990234375,True,1.2754,1.274553,1.2762,True,187.37,187368.22,1176.78,0.63,-2939.0,-1.56
2026-05-01T10:12:40.447847Z,18853.0,19231.0,188545.0,191484.0,4569.03,4565.16,4572.89990234375,True,1.2754,1.274553,1.2762,True,187.35,187349.77,1195.23,0.64,-2939.0,-1.56
2026-05-01T10:40:25.089232Z,18853.0,19231.0,188545.0,191484.0,4575.94,4567.98,4583.89990234375,True,1.2754,1.274553,1.2762,True,187.63,187633.1,911.9,0.49,-2939.0,-1.56
2026-05-01T10:45:48.666872Z,18853.0,19231.0,188545.0,191484.0,4574.99,4569.19,4580.7998046875,True,1.2754,1.274553,1.2762,True,187.59,187594.35,950.65,0.51,-2939.0,-1.56
2026-05-01T11:41:51.598874Z,18853.0,19231.0,188545.0,191484.0,4580.65,4576.0,4585.2998046875,True,1.2754,1.274553,1.2762,True,187.83,187826.23,718.77,0.38,-2939.0,-1.56
2026-05-01T11:47:01.852348Z,18853.0,19231.0,188545.0,191484.0,4580.94,4574.39,4587.5,True,1.2754,1.274553,1.2762,True,187.84,187838.33,706.67,0.38,-2939.0,-1.56
2026-05-01T12:03:46.938442Z,18853.0,19231.0,188545.0,191484.0,4581.26,4575.91,4586.60009765625,True,1.2754,1.274553,1.2762,True,187.85,187851.05,693.95,0.37,-2939.0,-1.56
2026-05-01T12:08:24.566318Z,18853.0,19231.0,188545.0,191484.0,4583.26,4577.31,4589.2001953125,True,1.2754,1.274553,1.2762,True,187.93,187933.06,611.94,0.33,-2939.0,-1.56
2026-05-01T12:44:57.602672Z,18853.0,19231.0,188545.0,191484.0,4599.63,4590.05,4609.2001953125,True,1.2754,1.274553,1.2762,True,188.6,188604.3,-59.3,-0.03,-2939.0,-1.56
2026-05-01T13:48:58.097725Z,18853.0,19231.0,188545.0,191484.0,4606.68,4601.37,4612.0,True,1.2754,1.274553,1.2762,True,188.89,188893.78,-348.78,-0.18,-2939.0,-1.56
2026-05-01T13:56:54.263490Z,18853.0,19231.0,188545.0,191484.0,4620.41,4624.71,4616.10009765625,True,1.2754,1.274553,1.2762,True,189.46,189456.36,-911.36,-0.48,-2939.0,-1.56
2026-05-01T14:03:57.507642Z,18853.0,19231.0,188545.0,191484.0,4628.76,4631.63,4625.89990234375,True,1.2754,1.274553,1.2762,True,189.8,189799.16,-1254.16,-0.66,-2939.0,-1.56
2026-05-01T14:10:28.310141Z,18853.0,19231.0,188545.0,191484.0,4638.32,4635.5381,4641.10009765625,True,1.2754,1.274553,1.2762,True,190.19,190190.92,-1645.92,-0.87,-2939.0,-1.56
2026-05-01T15:06:01.603314Z,18853.0,19231.0,188545.0,191484.0,4633.58,4622.55,4644.60009765625,True,1.2754,1.274553,1.2762,True,190.0,189996.39,-1451.39,-0.76,-2939.0,-1.56
2026-05-01T15:18:27.057313Z,18853.0,19231.0,188545.0,191484.0,4637.45,4637.2,4637.7001953125,True,1.2754,1.274553,1.2762,True,190.16,190155.28,-1610.28,-0.85,-2939.0,-1.56
2026-05-01T15:37:35.914775Z,18853.0,19231.0,188545.0,191484.0,4642.64,4637.39,4647.89990234375,True,1.2754,1.274553,1.2762,True,190.37,190368.3,-1823.3,-0.96,-2939.0,-1.56
2026-05-01T15:42:24.415737Z,18853.0,19231.0,188545.0,191484.0,4646.75,4643.61,4649.89990234375,True,1.2754,1.274553,1.2762,True,190.54,190536.82,-1991.82,-1.05,-2939.0,-1.56
2026-05-01T16:06:12.147181Z,18853.0,19231.0,188545.0,191484.0,4650.2,4644.29,4656.10009765625,True,1.2754,1.274553,1.2762,True,190.68,190677.88,-2132.88,-1.12,-2939.0,-1.56
2026-05-01T16:14:21.151645Z,18853.0,19231.0,188545.0,191484.0,4649.4,4643.09,4655.7001953125,True,1.2754,1.274553,1.2762,True,190.65,190645.08,-2100.08,-1.1,-2939.0,-1.56
2026-05-01T16:40:45.158609Z,18853.0,19231.0,188545.0,191484.0,4644.75,4637.79,4651.7001953125,True,1.2754,1.274553,1.2762,True,190.45,190454.41,-1909.41,-1.0,-2939.0,-1.56
2026-05-01T17:10:27.322668Z,18853.0,19231.0,188545.0,191484.0,4645.42,4638.74,4652.10009765625,True,1.2754,1.274553,1.2762,True,190.48,190482.09,-1937.09,-1.02,-2939.0,-1.56
2026-05-01T17:16:46.976301Z,18853.0,19231.0,188545.0,191484.0,4645.49,4639.49,4651.5,True,1.2754,1.274553,1.2762,True,190.49,190485.16,-1940.16,-1.02,-2939.0,-1.56
2026-05-01T17:37:58.676179Z,18853.0,19231.0,188545.0,191484.0,4637.49,4627.7876,4647.2001953125,True,1.2754,1.274553,1.2762,True,190.16,190157.08,-1612.08,-0.85,-2939.0,-1.56
2026-05-01T17:45:00.179031Z,18853.0,19231.0,188545.0,191484.0,4635.07,4628.53,4641.60009765625,True,1.2754,1.274553,1.2762,True,190.06,190057.49,-1512.49,-0.8,-2939.0,-1.56
2026-05-01T18:13:39.346897Z,18853.0,19231.0,188545.0,191484.0,4628.19,4620.09,4636.2998046875,True,1.2754,1.274553,1.2762,True,189.78,189775.78,-1230.78,-0.65,-2939.0,-1.56
2026-05-01T18:51:10.795075Z,18853.0,19231.0,188545.0,191484.0,4627.1,4624.1,4630.10009765625,True,1.2754,1.274553,1.2762,True,189.73,189730.89,-1185.89,-0.63,-2939.0,-1.56
2026-05-01T19:23:38.676224Z,18853.0,19231.0,188545.0,191484.0,4632.36,4627.02,4637.7001953125,True,1.2754,1.274553,1.2762,True,189.95,189946.57,-1401.57,-0.74,-2939.0,-1.56
2026-05-01T19:42:17.530466Z,18853.0,19231.0,188545.0,191484.0,4623.58,4613.95,4633.2001953125,True,1.2754,1.274553,1.2762,True,189.59,189586.35,-1041.35,-0.55,-2939.0,-1.56
2026-05-01T19:50:03.801359Z,18853.0,19231.0,188545.0,191484.0,4621.67,4613.73,4629.60009765625,True,1.2754,1.274553,1.2762,True,189.51,189508.03,-963.03,-0.51,-2939.0,-1.56
2026-05-01T20:00:33.872063Z,18853.0,19231.0,188545.0,191484.0,4617.95,4609.7,4626.2001953125,True,1.2754,1.274553,1.2762,True,189.36,189355.7,-810.7,-0.43,-2939.0,-1.56
2026-05-01T21:03:24.985981Z,18853.0,19231.0,188545.0,191484.0,4620.56,4613.6201,4627.5,True,1.2754,1.274553,1.2762,True,189.46,189462.72,-917.72,-0.48,-2939.0,-1.56
2026-05-01T21:10:04.921491Z,18853.0,19231.0,188545.0,191484.0,4619.61,4613.6201,4625.60009765625,True,1.2754,1.274553,1.2762,True,189.42,189423.77,-878.77,-0.46,-2939.0,-1.56
2026-05-01T21:32:52.882649Z,18853.0,19231.0,188545.0,191484.0,4619.61,4613.6201,4625.60009765625,True,1.2754,1.274553,1.2762,True,189.42,189423.77,-878.77,-0.46,-2939.0,-1.56
2026-05-01T21:40:01.639317Z,18853.0,19231.0,188545.0,191484.0,4619.61,4613.6201,4625.60009765625,True,1.2754,1.274553,1.2762,True,189.42,189423.77,-878.77,-0.46,-2939.0,-1.56
2026-05-01T21:59:25.806843Z,18853.0,19231.0,188545.0,191484.0,4619.61,4613.6201,4625.60009765625,True,1.2754,1.274553,1.2762,True,189.42,189423.77,-878.77,-0.46,-2939.0,-1.56
2026-05-01T22:08:21.316675Z,18853.0,19231.0,188545.0,191484.0,4619.61,4613.6201,4625.60009765625,True,1.2754,1.274553,1.2762,True,189.42,189423.77,-878.77,-0.46,-2939.0,-1.56
2026-05-01T22:31:31.441872Z,18853.0,19231.0,188545.0,191484.0,4619.61,4613.6201,4625.60009765625,True,1.2754,1.274553,1.2762,True,189.42,189423.77,-878.77,-0.46,-2939.0,-1.56
2026-05-01T22:37:02.781547Z,18853.0,19231.0,188545.0,191484.0,4619.61,4613.6201,4625.60009765625,True,1.2754,1.274553,1.2762,True,189.42,189423.77,-878.77,-0.46,-2939.0,-1.56
2026-05-01T22:58:08.678591Z,18853.0,19231.0,188545.0,191484.0,4619.61,4613.6201,4625.60009765625,True,1.2754,1.274553,1.2762,True,189.42,189423.77,-878.77,-0.46,-2939.0,-1.56
2026-05-01T23:10:43.874836Z,18853.0,19231.0,188545.0,191484.0,4619.61,4613.6201,4625.60009765625,True,1.2754,1.274553,1.2762,True,189.42,189423.77,-878.77,-0.46,-2939.0,-1.56
2026-05-01T23:33:35.222607Z,18853.0,19231.0,188545.0,191484.0,4619.61,4613.6201,4625.60009765625,True,1.2754,1.274553,1.2762,True,189.42,189423.77,-878.77,-0.46,-2939.0,-1.56
2026-05-01T23:39:03.410705Z,18853.0,19231.0,188545.0,191484.0,4619.61,4613.6201,4625.60009765625,True,1.2754,1.274553,1.2762,True,189.42,189423.77,-878.77,-0.46,-2939.0,-1.56
2026-05-01T23:58:14.330375Z,18853.0,19231.0,188545.0,191484.0,4619.61,4613.6201,4625.60009765625,True,1.2754,1.274553,1.2762,True,189.42,189423.77,-878.77,-0.46,-2939.0,-1.56
2026-05-02T00:08:49.066899Z,18853.0,19231.0,188545.0,191484.0,4619.6,4613.6,4625.60009765625,True,1.2754,1.274553,1.2762,True,189.42,189423.36,-878.36,-0.46,-2939.0,-1.56
2026-05-02T01:16:37.708820Z,18853.0,19231.0,188545.0,191484.0,4619.61,4613.6201,4625.60009765625,True,1.2747,1.273128,1.2762,True,189.32,189317.94,-772.94,-0.41,-2939.0,-1.56
2026-05-02T01:20:32.326557Z,18853.0,19231.0,188545.0,191484.0,4619.6,4613.6,4625.60009765625,True,1.2747,1.273128,1.2762,True,189.32,189317.53,-772.53,-0.41,-2939.0,-1.56
2026-05-02T03:39:55.355262Z,18853.0,19231.0,188545.0,191484.0,4619.61,4613.6201,4625.60009765625,True,1.2747,1.273128,1.2762,True,189.32,189317.94,-772.94,-0.41,-2939.0,-1.56
2026-05-02T03:54:24.324999Z,18853.0,19231.0,188545.0,191484.0,4619.61,4613.6201,4625.60009765625,True,1.2747,1.273128,1.2762,True,189.32,189317.94,-772.94,-0.41,-2939.0,-1.56
2026-05-02T04:46:38.328732Z,18853.0,19231.0,188545.0,191484.0,4621.75,4613.6,4629.89990234375,True,1.2747,1.273128,1.2762,True,189.41,189405.64,-860.64,-0.45,-2939.0,-1.56
2026-05-02T04:48:16.641044Z,18853.0,19231.0,188545.0,191484.0,4621.76,4613.6201,4629.89990234375,True,1.2747,1.273128,1.2762,True,189.41,189406.05,-861.05,-0.45,-2939.0,-1.56
2026-05-02T06:17:52.219189Z,18853.0,19231.0,188545.0,191484.0,4621.76,4613.6201,4629.89990234375,True,1.2747,1.273128,1.2762,True,189.41,189406.05,-861.05,-0.45,-2939.0,-1.56
2026-05-02T06:21:36.834838Z,18853.0,19231.0,188545.0,191484.0,4621.76,4613.6201,4629.89990234375,True,1.2747,1.273128,1.2762,True,189.41,189406.05,-861.05,-0.45,-2939.0,-1.56
2026-05-02T06:53:31.411080Z,18853.0,19231.0,188545.0,191484.0,4621.76,4613.6201,4629.89990234375,True,1.2747,1.273128,1.2762,True,189.41,189406.05,-861.05,-0.45,-2939.0,-1.56
2026-05-02T07:13:49.530974Z,18853.0,19231.0,188545.0,191484.0,4621.76,4613.6201,4629.89990234375,True,1.2747,1.273128,1.2762,True,189.41,189406.05,-861.05,-0.45,-2939.0,-1.56
2026-05-02T08:02:06.149139Z,18853.0,19231.0,188545.0,191484.0,4621.76,4613.6201,4629.89990234375,True,1.2747,1.273128,1.2762,True,189.41,189406.05,-861.05,-0.45,-2939.0,-1.56
2026-05-02T08:26:40.557186Z,18853.0,19231.0,188545.0,191484.0,4621.76,4613.6201,4629.89990234375,True,1.2747,1.273128,1.2762,True,189.41,189406.05,-861.05,-0.45,-2939.0,-1.56
2026-05-02T08:51:46.417918Z,18853.0,19231.0,188545.0,191484.0,4621.76,4613.6201,4629.89990234375,True,1.2747,1.273128,1.2762,True,189.41,189406.05,-861.05,-0.45,-2939.0,-1.56
2026-05-02T08:55:01.314913Z,18853.0,19231.0,188545.0,191484.0,4621.76,4613.6201,4629.89990234375,True,1.2747,1.273128,1.2762,True,189.41,189406.05,-861.05,-0.45,-2939.0,-1.56
2026-05-02T09:35:20.920217Z,18853.0,19231.0,188545.0,191484.0,4621.76,4613.6201,4629.89990234375,True,1.2747,1.273128,1.2762,True,189.41,189406.05,-861.05,-0.45,-2939.0,-1.56
2026-05-02T10:05:33.974902Z,18853.0,19231.0,188545.0,191484.0,4621.76,4613.6201,4629.89990234375,True,1.2747,1.273128,1.2762,True,189.41,189406.05,-861.05,-0.45,-2939.0,-1.56
2026-05-02T10:31:48.442848Z,18853.0,19231.0,188545.0,191484.0,4621.76,4613.6201,4629.89990234375,True,1.2747,1.273128,1.2762,True,189.41,189406.05,-861.05,-0.45,-2939.0,-1.56
2026-05-02T10:38:23.853258Z,18853.0,19231.0,188545.0,191484.0,4621.76,4613.6201,4629.89990234375,True,1.2747,1.273128,1.2762,True,189.41,189406.05,-861.05,-0.45,-2939.0,-1.56
2026-05-02T11:02:27.068616Z,18853.0,19231.0,188545.0,191484.0,4621.76,4613.6201,4629.89990234375,True,1.2747,1.273128,1.2762,True,189.41,189406.05,-861.05,-0.45,-2939.0,-1.56
2026-05-02T11:09:48.598702Z,18853.0,19231.0,188545.0,191484.0,4621.76,4613.6201,4629.89990234375,True,1.2747,1.273128,1.2762,True,189.41,189406.05,-861.05,-0.45,-2939.0,-1.56
2026-05-02T11:28:29.609408Z,18853.0,19231.0,188545.0,191484.0,4621.76,4613.6201,4629.89990234375,True,1.2747,1.273128,1.2762,True,189.41,189406.05,-861.05,-0.45,-2939.0,-1.56
2026-05-02T11:34:29.045109Z,18853.0,19231.0,188545.0,191484.0,4621.76,4613.6201,4629.89990234375,True,1.2747,1.273128,1.2762,True,189.41,189406.05,-861.05,-0.45,-2939.0,-1.56
2026-05-02T11:53:57.473152Z,18853.0,19231.0,188545.0,191484.0,4621.76,4613.6201,4629.89990234375,True,1.2747,1.273128,1.2762,True,189.41,189406.05,-861.05,-0.45,-2939.0,-1.56
2026-05-02T12:02:15.255370Z,18853.0,19231.0,188545.0,191484.0,4621.76,4613.6201,4629.89990234375,True,1.2747,1.273128,1.2762,True,189.41,189406.05,-861.05,-0.45,-2939.0,-1.56
2026-05-02T12:34:02.205436Z,18853.0,19231.0,188545.0,191484.0,4621.76,4613.6201,4629.89990234375,True,1.2747,1.273128,1.2762,True,189.41,189406.05,-861.05,-0.45,-2939.0,-1.56
2026-05-02T12:37:52.115748Z,18853.0,19231.0,188545.0,191484.0,4621.76,4613.6201,4629.89990234375,True,1.2747,1.273128,1.2762,True,189.41,189406.05,-861.05,-0.45,-2939.0,-1.56
2026-05-02T13:40:21.021032Z,18853.0,19231.0,188545.0,191484.0,4621.76,4613.6201,4629.89990234375,True,1.2747,1.273128,1.2762,True,189.41,189406.05,-861.05,-0.45,-2939.0,-1.56
2026-05-02T13:51:09.479036Z,18853.0,19231.0,188545.0,191484.0,4621.76,4613.6201,4629.89990234375,True,1.2747,1.273128,1.2762,True,189.41,189406.05,-861.05,-0.45,-2939.0,-1.56
2026-05-02T13:57:37.777802Z,18853.0,19231.0,188545.0,191484.0,4621.76,4613.6201,4629.89990234375,True,1.2747,1.273128,1.2762,True,189.41,189406.05,-861.05,-0.45,-2939.0,-1.56
2026-05-02T14:01:57.566340Z,18853.0,19231.0,188545.0,191484.0,4621.76,4613.6201,4629.89990234375,True,1.2747,1.273128,1.2762,True,189.41,189406.05,-861.05,-0.45,-2939.0,-1.56
2026-05-02T14:58:17.434195Z,18853.0,19231.0,188545.0,191484.0,4621.76,4613.6201,4629.89990234375,True,1.2747,1.273128,1.2762,True,189.41,189406.05,-861.05,-0.45,-2939.0,-1.56
2026-05-02T15:07:41.070251Z,18853.0,19231.0,188545.0,191484.0,4621.76,4613.62,4629.89990234375,True,1.2747,1.273128,1.2762,True,189.41,189406.05,-861.05,-0.45,-2939.0,-1.56
2026-05-02T15:29:05.255209Z,18853.0,19231.0,188545.0,191484.0,4621.76,4613.6201,4629.89990234375,True,1.2747,1.273128,1.2762,True,189.41,189406.05,-861.05,-0.45,-2939.0,-1.56
2026-05-02T15:34:59.822676Z,18853.0,19231.0,188545.0,191484.0,4621.76,4613.6201,4629.89990234375,True,1.2747,1.273128,1.2762,True,189.41,189406.05,-861.05,-0.45,-2939.0,-1.56
2026-05-02T15:56:20.774354Z,18853.0,19231.0,188545.0,191484.0,4621.76,4613.6201,4629.89990234375,True,1.2747,1.273128,1.2762,True,189.41,189406.05,-861.05,-0.45,-2939.0,-1.56
2026-05-02T16:03:13.167773Z,18853.0,19231.0,188545.0,191484.0,4621.76,4613.6201,4629.89990234375,True,1.2747,1.273128,1.2762,True,189.41,189406.05,-861.05,-0.45,-2939.0,-1.56
2026-05-02T16:28:43.111241Z,18853.0,19231.0,188545.0,191484.0,4621.76,4613.6201,4629.89990234375,True,1.2747,1.273128,1.2762,True,189.41,189406.05,-861.05,-0.45,-2939.0,-1.56
2026-05-02T16:32:55.145686Z,18853.0,19231.0,188545.0,191484.0,4621.76,4613.6201,4629.89990234375,True,1.2747,1.273128,1.2762,True,189.41,189406.05,-861.05,-0.45,-2939.0,-1.56
2026-05-02T17:00:26.515801Z,18853.0,19231.0,188545.0,191484.0,4621.76,4613.6201,4629.89990234375,True,1.2747,1.273128,1.2762,True,189.41,189406.05,-861.05,-0.45,-2939.0,-1.56
2026-05-02T17:08:55.058579Z,18853.0,19231.0,188545.0,191484.0,4621.76,4613.6201,4629.89990234375,True,1.2747,1.273128,1.2762,True,189.41,189406.05,-861.05,-0.45,-2939.0,-1.56
2026-05-02T17:28:55.583065Z,18853.0,19231.0,188545.0,191484.0,4621.76,4613.6201,4629.89990234375,True,1.2747,1.273128,1.2762,True,189.41,189406.05,-861.05,-0.45,-2939.0,-1.56
2026-05-02T17:33:52.788384Z,18853.0,19231.0,188545.0,191484.0,4621.76,4613.6201,4629.89990234375,True,1.2747,1.273128,1.2762,True,189.41,189406.05,-861.05,-0.45,-2939.0,-1.56
2026-05-02T17:53:44.492546Z,18853.0,19231.0,188545.0,191484.0,4621.76,4613.6201,4629.89990234375,True,1.2747,1.273128,1.2762,True,189.41,189406.05,-861.05,-0.45,-2939.0,-1.56
2026-05-02T18:04:30.753577Z,18853.0,19231.0,188545.0,191484.0,4621.76,4613.6201,4629.89990234375,True,1.2747,1.273128,1.2762,True,189.41,189406.05,-861.05,-0.45,-2939.0,-1.56
2026-05-02T18:33:11.604783Z,18853.0,19231.0,188545.0,191484.0,4621.76,4613.62,4629.89990234375,True,1.2747,1.273128,1.2762,True,189.41,189406.05,-861.05,-0.45,-2939.0,-1.56
2026-05-02T18:37:25.859085Z,18853.0,19231.0,188545.0,191484.0,4621.76,4613.6201,4629.89990234375,True,1.2747,1.273128,1.2762,True,189.41,189406.05,-861.05,-0.45,-2939.0,-1.56
2026-05-02T19:13:15.743211Z,18853.0,19231.0,188545.0,191484.0,4621.76,4613.6201,4629.89990234375,True,1.2747,1.273128,1.2762,True,189.41,189406.05,-861.05,-0.45,-2939.0,-1.56
2026-05-02T19:29:59.731968Z,18853.0,19231.0,188545.0,191484.0,4621.76,4613.6201,4629.89990234375,True,1.2747,1.273128,1.2762,True,189.41,189406.05,-861.05,-0.45,-2939.0,-1.56
2026-05-02T19:40:29.400116Z,18853.0,19231.0,188545.0,191484.0,4621.76,4613.6201,4629.89990234375,True,1.2747,1.273128,1.2762,True,189.41,189406.05,-861.05,-0.45,-2939.0,-1.56
2026-05-02T19:44:15.820489Z,18853.0,19231.0,188545.0,191484.0,4621.76,4613.6201,4629.89990234375,True,1.2747,1.273128,1.2762,True,189.41,189406.05,-861.05,-0.45,-2939.0,-1.56
2026-05-02T20:27:29.372026Z,18853.0,19231.0,188545.0,191484.0,4621.76,4613.62,4629.89990234375,True,1.2747,1.273128,1.2762,True,189.41,189406.05,-861.05,-0.45,-2939.0,-1.56
2026-05-02T20:53:44.210491Z,18853.0,19231.0,188545.0,191484.0,4621.76,4613.6201,4629.89990234375,True,1.2747,1.273128,1.2762,True,189.41,189406.05,-861.05,-0.45,-2939.0,-1.56
2026-05-02T21:02:42.608783Z,18853.0,19231.0,188545.0,191484.0,4621.76,4613.6201,4629.89990234375,True,1.2747,1.273128,1.2762,True,189.41,189406.05,-861.05,-0.45,-2939.0,-1.56
2026-05-02T21:23:29.711207Z,18853.0,19231.0,188545.0,191484.0,4621.76,4613.6201,4629.89990234375,True,1.2747,1.273128,1.2762,True,189.41,189406.05,-861.05,-0.45,-2939.0,-1.56
2026-05-02T21:27:28.845455Z,18853.0,19231.0,188545.0,191484.0,4621.76,4613.6201,4629.89990234375,True,1.2747,1.273128,1.2762,True,189.41,189406.05,-861.05,-0.45,-2939.0,-1.56
2026-05-02T21:53:46.732727Z,18853.0,19231.0,188545.0,191484.0,4621.76,4613.62,4629.89990234375,True,1.2747,1.273128,1.2762,True,189.41,189406.05,-861.05,-0.45,-2939.0,-1.56
2026-05-02T22:01:33.321134Z,18853.0,19231.0,188545.0,191484.0,4621.76,4613.6201,4629.89990234375,True,1.2747,1.273128,1.2762,True,189.41,189406.05,-861.05,-0.45,-2939.0,-1.56
2026-05-02T22:21:32.177767Z,18853.0,19231.0,188545.0,191484.0,4621.76,4613.6201,4629.89990234375,True,1.2747,1.273128,1.2762,True,189.41,189406.05,-861.05,-0.45,-2939.0,-1.56
2026-05-02T22:25:36.927301Z,18853.0,19231.0,188545.0,191484.0,4621.76,4613.6201,4629.89990234375,True,1.2747,1.273128,1.2762,True,189.41,189406.05,-861.05,-0.45,-2939.0,-1.56
2026-05-02T22:54:45.094365Z,18853.0,19231.0,188545.0,191484.0,4621.76,4613.6201,4629.89990234375,True,1.2747,1.273128,1.2762,True,189.41,189406.05,-861.05,-0.45,-2939.0,-1.56
2026-05-02T23:04:47.301589Z,18853.0,19231.0,188545.0,191484.0,4621.76,4613.6201,4629.89990234375,True,1.2747,1.273128,1.2762,True,189.41,189406.05,-861.05,-0.45,-2939.0,-1.56
2026-05-02T23:24:39.596251Z,18853.0,19231.0,188545.0,191484.0,4621.76,4613.6201,4629.89990234375,True,1.2747,1.273128,1.2762,True,189.41,189406.05,-861.05,-0.45,-2939.0,-1.56
2026-05-02T23:30:33.698232Z,18853.0,19231.0,188545.0,191484.0,4621.76,4613.62,4629.89990234375,True,1.2747,1.273128,1.2762,True,189.41,189406.05,-861.05,-0.45,-2939.0,-1.56
2026-05-02T23:55:33.864515Z,18853.0,19231.0,188545.0,191484.0,4621.76,4613.6201,4629.89990234375,True,1.2747,1.273128,1.2762,True,189.41,189406.05,-861.05,-0.45,-2939.0,-1.56
2026-05-03T00:03:18.042237Z,18853.0,19231.0,188545.0,191484.0,4621.76,4613.62,4629.89990234375,True,1.2747,1.273128,1.2762,True,189.41,189406.05,-861.05,-0.45,-2939.0,-1.56
2026-05-03T01:20:14.119083Z,18853.0,19231.0,188545.0,191484.0,4621.76,4613.6201,4629.89990234375,True,1.2745,1.272806,1.2762,True,189.38,189382.13,-837.13,-0.44,-2939.0,-1.56
2026-05-03T01:22:48.851976Z,18853.0,19231.0,188545.0,191484.0,4621.76,4613.6201,4629.89990234375,True,1.2745,1.272806,1.2762,True,189.38,189382.13,-837.13,-0.44,-2939.0,-1.56
2026-05-03T04:03:19.910663Z,18853.0,19231.0,188545.0,191484.0,4629.06,4613.6201,4644.5,True,1.2745,1.272806,1.2762,True,189.68,189681.26,-1136.26,-0.6,-2939.0,-1.56
2026-05-03T04:14:01.312715Z,18853.0,19231.0,188545.0,191484.0,4629.06,4613.62,4644.5,True,1.2745,1.272806,1.2762,True,189.68,189681.25,-1136.25,-0.6,-2939.0,-1.56
2026-05-03T05:03:17.219249+00:00,18853.0,19231.0,188545.0,191484.0,4629.06,4613.6201,4644.5,True,1.2745,1.272806,1.2762,True,189.68,189681.26,-1136.26,-0.6,-2939.0,-1.56,True
2026-05-03T05:14:11.586071+00:00,18853.0,19231.0,188545.0,191484.0,4614.43,4613.6201,4615.245,True,1.2745,1.272806,1.2762,True,189.08,189081.88,-536.88,-0.28,-2939.0,-1.56,False
2026-05-03T05:18:03.402009+00:00,18853.0,19231.0,188545.0,191484.0,4614.43,4613.6201,4615.245,True,1.2745,1.272806,1.2762,True,189.08,189081.88,-536.88,-0.28,-2939.0,-1.56,False
2026-05-03T06:33:26.857357+00:00,18853.0,19231.0,188545.0,191484.0,4614.43,4613.6201,4615.245,True,1.2745,1.272806,1.2762,True,189.08,189081.88,-536.88,-0.28,-2939.0,-1.56,True
2026-05-03T06:43:09.219996+00:00,18853.0,19231.0,188545.0,191484.0,4614.43,4613.6201,4615.245,True,1.2745,1.272806,1.2762,True,189.08,189081.88,-536.88,-0.28,-2939.0,-1.56,True
2026-05-03T07:31:57.991301+00:00,18853.0,19231.0,188545.0,191484.0,4614.43,4613.6201,4615.245,True,1.2745,1.272806,1.2762,True,189.08,189081.88,-536.88,-0.28,-2939.0,-1.56,True
2026-05-03T07:41:46.386424+00:00,18853.0,19231.0,188545.0,191484.0,4614.43,4613.6201,4615.245,True,1.2745,1.272806,1.2762,True,189.08,189081.88,-536.88,-0.28,-2939.0,-1.56,True
2026-05-03T08:53:20.068408+00:00,18853.0,19231.0,188545.0,191484.0,4614.43,4613.62,4615.245,True,1.2745,1.272806,1.2762,True,189.08,189081.87,-536.87,-0.28,-2939.0,-1.56,True
2026-05-03T08:58:56.614302+00:00,18853.0,19231.0,188545.0,191484.0,4614.43,4613.6201,4615.245,True,1.2745,1.272806,1.2762,True,189.08,189081.88,-536.88,-0.28,-2939.0,-1.56,True
2026-05-03T09:07:27.625051+00:00,18853.0,19231.0,188545.0,191484.0,4614.43,4613.6201,4615.245,True,1.2745,1.272806,1.2762,True,189.08,189081.88,-536.88,-0.28,-2939.0,-1.56,True
2026-05-03T09:09:34.790525+00:00,18853.0,19231.0,188545.0,191484.0,4615.24,No Data,4615.245,False,1.2745,1.272806,1.2762,True,189.12,189115.17,-570.17,-0.3,-2939.0,-1.56,False
2026-05-03T10:13:05.613855+00:00,18853.0,19231.0,188545.0,191484.0,4614.43,4613.6201,4615.245,True,1.2745,1.272806,1.2762,True,189.08,189081.88,-536.88,-0.28,-2939.0,-1.56,False
2026-05-03T10:17:55.463168+00:00,18853.0,19231.0,188545.0,191484.0,4614.43,4613.6201,4615.245,True,1.2745,1.272806,1.2762,True,189.08,189081.88,-536.88,-0.28,-2939.0,-1.56,False
2026-05-03T10:34:44.124365+00:00,18853.0,19231.0,188545.0,191484.0,4614.43,4613.6201,4615.245,True,1.2745,1.272806,1.2762,True,189.08,189081.88,-536.88,-0.28,-2939.0,-1.56,True
2026-05-03T10:40:35.073767+00:00,18853.0,19231.0,188545.0,191484.0,4614.43,4613.6201,4615.245,True,1.2745,1.272806,1.2762,True,189.08,189081.88,-536.88,-0.28,-2939.0,-1.56,True
2026-05-03T11:09:54.062418+00:00,18853.0,19231.0,188545.0,191484.0,4614.43,4613.6201,4615.245,True,1.2745,1.272806,1.2762,True,189.08,189081.88,-536.88,-0.28,-2939.0,-1.56,True
2026-05-03T11:25:08.074757+00:00,18853.0,19231.0,188545.0,191484.0,4614.43,4613.6201,4615.245,True,1.2745,1.272806,1.2762,True,189.08,189081.88,-536.88,-0.28,-2939.0,-1.56,True
2026-05-03T11:31:58.551316+00:00,18853.0,19231.0,188545.0,191484.0,4614.43,4613.6201,4615.245,True,1.2745,1.272806,1.2762,True,189.08,189081.88,-536.88,-0.28,-2939.0,-1.56,True
2026-05-03T11:53:00.815163+00:00,18853.0,19231.0,188545.0,191484.0,4614.43,4613.6201,4615.245,True,1.2745,1.272806,1.2762,True,189.08,189081.88,-536.88,-0.28,-2939.0,-1.56,True
2026-05-03T11:59:39.590263+00:00,18853.0,19231.0,188545.0,191484.0,4614.43,4613.6201,4615.245,True,1.2745,1.272806,1.2762,True,189.08,189081.88,-536.88,-0.28,-2939.0,-1.56,True
2026-05-03T12:33:58.150447+00:00,18853.0,19231.0,188545.0,191484.0,4614.43,4613.6201,4615.245,True,1.2745,1.272806,1.2762,True,189.08,189081.88,-536.88,-0.28,-2939.0,-1.56,True
2026-05-03T12:36:58.769337+00:00,18853.0,19231.0,188545.0,191484.0,4614.43,4613.6201,4615.245,True,1.2745,1.272806,1.2762,True,189.08,189081.88,-536.88,-0.28,-2939.0,-1.56,True
2026-05-03T13:41:57.972621+00:00,18853.0,19231.0,188545.0,191484.0,4614.43,4613.6201,4615.245,True,1.2745,1.272806,1.2762,True,189.08,189081.88,-536.88,-0.28,-2939.0,-1.56,True
2026-05-03T13:51:08.027124+00:00,18853.0,19231.0,188545.0,191484.0,4614.43,4613.6201,4615.245,True,1.2745,1.272806,1.2762,True,189.08,189081.88,-536.88,-0.28,-2939.0,-1.56,True
2026-05-03T13:58:30.190505+00:00,18853.0,19231.0,188545.0,191484.0,4614.43,4613.6201,4615.245,True,1.2745,1.272806,1.2762,True,189.08,189081.88,-536.88,-0.28,-2939.0,-1.56,True
2026-05-03T14:02:46.082882+00:00,18853.0,19231.0,188545.0,191484.0,4614.43,4613.6201,4615.245,True,1.2745,1.272806,1.2762,True,189.08,189081.88,-536.88,-0.28,-2939.0,-1.56,True
2026-05-03T14:58:07.643862+00:00,18853.0,19231.0,188545.0,191484.0,4614.43,4613.6201,4615.245,True,1.2745,1.272806,1.2762,True,189.08,189081.88,-536.88,-0.28,-2939.0,-1.56,True
2026-05-03T15:08:08.060664+00:00,18853.0,19231.0,188545.0,191484.0,4614.43,4613.6201,4615.245,True,1.2745,1.272806,1.2762,True,189.08,189081.88,-536.88,-0.28,-2939.0,-1.56,True
2026-05-03T15:26:56.287959+00:00,18853.0,19231.0,188545.0,191484.0,4614.43,4613.6201,4615.245,True,1.2745,1.272806,1.2762,True,189.08,189081.88,-536.88,-0.28,-2939.0,-1.56,True
2026-05-03T15:34:55.319966+00:00,18853.0,19231.0,188545.0,191484.0,4614.43,4613.6201,4615.245,True,1.2745,1.272806,1.2762,True,189.08,189081.88,-536.88,-0.28,-2939.0,-1.56,True
2026-05-03T15:56:13.465650+00:00,18853.0,19231.0,188545.0,191484.0,4614.43,4613.6201,4615.245,True,1.2745,1.272806,1.2762,True,189.08,189081.88,-536.88,-0.28,-2939.0,-1.56,True
2026-05-03T16:03:01.321819+00:00,18853.0,19231.0,188545.0,191484.0,4614.43,4613.6201,4615.245,True,1.2745,1.272806,1.2762,True,189.08,189081.88,-536.88,-0.28,-2939.0,-1.56,True
2026-05-03T16:27:54.502917+00:00,18853.0,19231.0,188545.0,191484.0,4614.43,4613.6201,4615.245,True,1.2745,1.272806,1.2762,True,189.08,189081.88,-536.88,-0.28,-2939.0,-1.56,True
2026-05-03T16:33:14.543224+00:00,18853.0,19231.0,188545.0,191484.0,4614.43,4613.6201,4615.245,True,1.2745,1.272806,1.2762,True,189.08,189081.88,-536.88,-0.28,-2939.0,-1.56,True
2026-05-03T17:02:06.892116+00:00,18853.0,19231.0,188545.0,191484.0,4614.43,4613.6201,4615.245,True,1.2745,1.272806,1.2762,True,189.08,189081.88,-536.88,-0.28,-2939.0,-1.56,True
2026-05-03T17:10:26.771815+00:00,18853.0,19231.0,188545.0,191484.0,4614.43,4613.6201,4615.245,True,1.2745,1.272806,1.2762,True,189.08,189081.88,-536.88,-0.28,-2939.0,-1.56,True
2026-05-03T17:30:39.191529+00:00,18853.0,19231.0,188545.0,191484.0,4614.43,4613.6201,4615.245,True,1.2745,1.272806,1.2762,True,189.08,189081.88,-536.88,-0.28,-2939.0,-1.56,True
2026-05-03T17:35:41.755044+00:00,18853.0,19231.0,188545.0,191484.0,4614.43,4613.6201,4615.245,True,1.2745,1.272806,1.2762,True,189.08,189081.88,-536.88,-0.28,-2939.0,-1.56,True
2026-05-03T17:53:45.570564+00:00,18853.0,19231.0,188545.0,191484.0,4614.43,4613.6201,4615.245,True,1.2745,1.272806,1.2762,True,189.08,189081.88,-536.88,-0.28,-2939.0,-1.56,True
2026-05-03T18:05:52.804818+00:00,18853.0,19231.0,188545.0,191484.0,4614.43,4613.6201,4615.245,True,1.2745,1.272806,1.2762,True,189.08,189081.88,-536.88,-0.28,-2939.0,-1.56,True
2026-05-03T18:34:19.418310+00:00,18853.0,19231.0,188545.0,191484.0,4614.43,4613.6201,4615.245,True,1.2745,1.272806,1.2762,True,189.08,189081.88,-536.88,-0.28,-2939.0,-1.56,True
2026-05-03T18:37:51.569352+00:00,18853.0,19231.0,188545.0,191484.0,4614.43,4613.6201,4615.245,True,1.2745,1.272806,1.2762,True,189.08,189081.88,-536.88,-0.28,-2939.0,-1.56,True
2026-05-03T19:12:38.629877+00:00,18853.0,19231.0,188545.0,191484.0,4614.43,4613.6201,4615.245,True,1.2745,1.272806,1.2762,True,189.08,189081.88,-536.88,-0.28,-2939.0,-1.56,True
2026-05-03T19:29:45.431194+00:00,18853.0,19231.0,188545.0,191484.0,4614.43,4613.6201,4615.245,True,1.2745,1.272806,1.2762,True,189.08,189081.88,-536.88,-0.28,-2939.0,-1.56,True
2026-05-03T19:40:10.554870+00:00,18853.0,19231.0,188545.0,191484.0,4614.43,4613.6201,4615.245,True,1.2745,1.272806,1.2762,True,189.08,189081.88,-536.88,-0.28,-2939.0,-1.56,True
2026-05-03T19:43:15.883311+00:00,18853.0,19231.0,188545.0,191484.0,4614.43,4613.6201,4615.245,True,1.2745,1.272806,1.2762,True,189.08,189081.88,-536.88,-0.28,-2939.0,-1.56,True
2026-05-03T20:28:09.536414+00:00,18853.0,19231.0,188545.0,191484.0,4614.43,4613.6201,4615.245,True,1.2745,1.272806,1.2762,True,189.08,189081.88,-536.88,-0.28,-2939.0,-1.56,True
2026-05-03T20:56:26.513556+00:00,18853.0,19231.0,188545.0,191484.0,4614.43,4613.6201,4615.245,True,1.2745,1.272806,1.2762,True,189.08,189081.88,-536.88,-0.28,-2939.0,-1.56,True
2026-05-03T21:05:36.408444+00:00,18853.0,19231.0,188545.0,191484.0,4614.43,4613.6201,4615.245,True,1.2745,1.272806,1.2762,True,189.08,189081.88,-536.88,-0.28,-2939.0,-1.56,True
2026-05-03T21:25:01.420272+00:00,18853.0,19231.0,188545.0,191484.0,4614.43,4613.6201,4615.245,True,1.2745,1.272806,1.2762,True,189.08,189081.88,-536.88,-0.28,-2939.0,-1.56,True
2026-05-03T21:29:33.677792+00:00,18853.0,19231.0,188545.0,191484.0,4614.43,4613.6201,4615.245,True,1.2745,1.272806,1.2762,True,189.08,189081.88,-536.88,-0.28,-2939.0,-1.56,True
2026-05-03T21:54:45.107415+00:00,18853.0,19231.0,188545.0,191484.0,4614.43,4613.6201,4615.245,True,1.2745,1.272806,1.2762,True,189.08,189081.88,-536.88,-0.28,-2939.0,-1.56,True
2026-05-03T22:03:43.494517+00:00,18853.0,19231.0,188545.0,191484.0,4624.16,4622.76,4625.57,True,1.2745,1.272806,1.2762,True,189.48,189480.67,-935.67,-0.49,-2939.0,-1.56,False
2026-05-03T22:22:13.072982+00:00,18853.0,19231.0,188545.0,191484.0,4615.41,4612.23,4618.6,True,1.2745,1.272806,1.2762,True,189.12,189122.13,-577.13,-0.31,-2939.0,-1.56,False
2026-05-03T22:26:20.922495+00:00,18853.0,19231.0,188545.0,191484.0,4618.15,4616.87,4619.435,True,1.2745,1.272806,1.2762,True,189.23,189234.31,-689.31,-0.36,-2939.0,-1.56,False
2026-05-03T22:55:44.339742+00:00,18853.0,19231.0,188545.0,191484.0,4620.14,4620.09,4620.19,True,1.2745,1.272806,1.2762,True,189.32,189315.75,-770.75,-0.41,-2939.0,-1.56,False
2026-05-03T23:06:20.717467+00:00,18853.0,19231.0,188545.0,191484.0,4618.79,4618.68,4618.905,True,1.2745,1.272806,1.2762,True,189.26,189260.53,-715.53,-0.38,-2939.0,-1.56,False
2026-05-03T23:25:56.950410+00:00,18853.0,19231.0,188545.0,191484.0,4615.05,4614.69,4615.41,True,1.2745,1.272806,1.2762,True,189.11,189107.18,-562.18,-0.3,-2939.0,-1.56,False
2026-05-03T23:31:15.654485+00:00,18853.0,19231.0,188545.0,191484.0,4616.37,4616.09,4616.645,True,1.2745,1.272806,1.2762,True,189.16,189161.16,-616.16,-0.33,-2939.0,-1.56,False
2026-05-03T23:57:59.977389+00:00,18853.0,19231.0,188545.0,191484.0,4616.12,4615.82,4616.425,True,1.2745,1.272806,1.2762,True,189.15,189151.12,-606.12,-0.32,-2939.0,-1.56,False
2026-05-04T00:06:32.659134+00:00,18749.0,19126.0,187500.0,190431.0,4609.3,4608.94,4609.665,True,1.2745,1.272806,1.2762,True,188.87,188871.67,-1371.67,-0.73,-2931.0,-1.56,False
2026-05-04T01:18:57.457330+00:00,18714.0,19091.0,187153.0,190085.0,4602.97,4602.68,4603.255,True,1.2746,1.272912,1.2762,True,188.62,188619.93,-1466.93,-0.78,-2932.0,-1.57,False
2026-05-04T01:22:04.856501+00:00,18714.0,19091.0,187153.0,190085.0,4598.31,4597.49,4599.125,True,1.2746,1.272912,1.2762,True,188.43,188428.97,-1275.97,-0.68,-2932.0,-1.57,False
2026-05-04T03:59:59.963017+00:00,18711.0,19088.0,187120.0,190052.0,4615.18,4614.46,4615.9,True,1.2746,1.272912,1.2762,True,189.12,189120.37,-2000.37,-1.06,-2932.0,-1.57,False
2026-05-04T04:12:24.648787+00:00,18711.0,19088.0,187120.0,190052.0,4610.85,4610.96,4610.74,True,1.2746,1.272912,1.2762,True,188.94,188942.93,-1822.93,-0.96,-2932.0,-1.57,False
2026-05-04T05:04:10.492863+00:00,18711.0,19088.0,187120.0,190052.0,4603.34,4602.91,4603.77,True,1.2746,1.272912,1.2762,True,188.64,188635.19,-1515.19,-0.8,-2932.0,-1.57,False
2026-05-04T05:20:17.456384+00:00,18711.0,19088.0,187120.0,190052.0,4609.47,4609.15,4609.78,True,1.2746,1.272912,1.2762,True,188.89,188886.18,-1766.18,-0.94,-2932.0,-1.57,False
2026-05-04T06:47:33.780492+00:00,18645.0,19022.0,186466.0,189396.0,4586.38,4586.0,4586.76,True,1.2746,1.272912,1.2762,True,187.94,187940.2,-1474.2,-0.78,-2930.0,-1.57,False
2026-05-04T07:27:40.386230+00:00,18634.0,19011.0,186347.0,189277.0,4588.11,4587.74,4588.48,True,1.2746,1.272912,1.2762,True,188.01,188011.1,-1664.1,-0.89,-2930.0,-1.57,False
2026-05-04T08:08:08.260006+00:00,18640.0,19017.0,186408.0,189340.0,4575.65,4575.19,4576.1,True,1.2746,1.272912,1.2762,True,187.5,187500.31,-1092.31,-0.58,-2932.0,-1.57,False
2026-05-04T08:09:45.369426+00:00,18640.0,19017.0,186408.0,189340.0,4577.39,4576.86,4577.925,True,1.2746,1.272912,1.2762,True,187.57,187571.92,-1163.92,-0.62,-2932.0,-1.57,False
2026-05-04T09:29:10.238580+00:00,18632.0,19009.0,186332.0,189265.0,4581.31,4580.85,4581.775,True,1.2746,1.272912,1.2762,True,187.73,187732.55,-1400.55,-0.75,-2933.0,-1.57,False
2026-05-04T10:26:46.991886+00:00,18505.0,18882.0,185063.0,187994.0,4541.24,4540.3,4542.175,True,1.2746,1.272912,1.2762,True,186.09,186090.36,-1027.36,-0.55,-2931.0,-1.58,False
2026-05-04T10:34:56.492228+00:00,18505.0,18882.0,185063.0,187994.0,4557.15,4556.93,4557.36,True,1.2746,1.272912,1.2762,True,186.74,186742.22,-1679.22,-0.9,-2931.0,-1.58,False
2026-05-04T10:51:20.324294+00:00,18505.0,18882.0,185063.0,187994.0,4564.09,4563.72,4564.465,True,1.2746,1.272912,1.2762,True,187.03,187026.91,-1963.91,-1.05,-2931.0,-1.58,False
2026-05-04T11:58:41.370796+00:00,18505.0,18882.0,185063.0,187994.0,4562.26,4562.07,4562.45,True,1.2746,1.272912,1.2762,True,186.95,186951.82,-1888.82,-1.01,-2931.0,-1.58,False
2026-05-04T12:13:27.770840+00:00,18505.0,18882.0,185063.0,187994.0,4564.72,4564.09,4565.34,True,1.2746,1.272912,1.2762,True,187.05,187052.42,-1989.42,-1.06,-2931.0,-1.58,False
2026-05-04T12:17:50.686004+00:00,18505.0,18882.0,185063.0,187994.0,4569.7,4569.2,4570.2,True,1.2746,1.272912,1.2762,True,187.26,187256.69,-2193.69,-1.17,-2931.0,-1.58,False
2026-05-04T12:58:39.523861+00:00,18587.0,18964.0,185882.0,188814.0,4572.45,4572.24,4572.67,True,1.2746,1.272912,1.2762,True,187.37,187369.59,-1487.59,-0.79,-2932.0,-1.58,False
2026-05-04T14:23:57.675814+00:00,18587.0,18964.0,185882.0,188814.0,4580.79,4580.32,4581.26,True,1.2746,1.272912,1.2762,True,187.71,187711.14,-1829.14,-0.97,-2932.0,-1.58,False
2026-05-04T14:55:04.884347+00:00,18587.0,18964.0,185882.0,188814.0,4570.05,4569.89,4570.2,True,1.2744,1.272912,1.2758,True,187.24,187241.44,-1359.44,-0.73,-2932.0,-1.58,False
2026-05-04T14:58:42.457289+00:00,18587.0,18964.0,185882.0,188814.0,4565.73,4564.43,4567.03,True,1.2744,1.272912,1.2758,True,187.06,187064.65,-1182.65,-0.63,-2932.0,-1.58,False
2026-05-04T15:25:21.825129+00:00,18587.0,18964.0,185882.0,188814.0,4521.05,4520.24,4521.85,True,1.2744,1.272912,1.2758,True,185.23,185233.84,648.16,0.35,-2932.0,-1.58,False
2026-05-04T16:55:52.425396+00:00,18587.0,18964.0,185882.0,188814.0,4509.11,4508.79,4509.43,True,1.2744,1.272912,1.2758,True,184.74,184744.85,1137.15,0.62,-2932.0,-1.58,False
2026-05-04T17:16:12.294436+00:00,18587.0,18964.0,185882.0,188814.0,4522.38,4522.29,4522.46,True,1.2744,1.272912,1.2758,True,185.29,185288.33,593.67,0.32,-2932.0,-1.58,False
2026-05-04T17:18:00.394752+00:00,18587.0,18964.0,185882.0,188814.0,4528.36,4527.59,4529.125,True,1.2744,1.272912,1.2758,True,185.53,185533.45,348.55,0.19,-2932.0,-1.58,False
2026-05-04T17:54:20.050848+00:00,18587.0,18964.0,185882.0,188814.0,4524.17,4523.73,4524.615,True,1.2744,1.272912,1.2758,True,185.36,185361.98,520.02,0.28,-2932.0,-1.58,False
2026-05-04T18:23:43.239474+00:00,18587.0,18964.0,185882.0,188814.0,4516.26,4516.17,4516.345,True,1.2744,1.272912,1.2758,True,185.04,185037.69,844.31,0.46,-2932.0,-1.58,False
2026-05-04T19:07:15.060618+00:00,18587.0,18964.0,185882.0,188814.0,4518.53,4518.57,4518.49,True,1.2744,1.272912,1.2758,True,185.13,185130.8,751.2,0.41,-2932.0,-1.58,False
2026-05-04T19:08:26.210926+00:00,18587.0,18964.0,185882.0,188814.0,4520.3,4521.75,4518.85,True,1.2744,1.272912,1.2758,True,185.2,185203.32,678.68,0.37,-2932.0,-1.58,False
2026-05-04T19:57:34.682885+00:00,18587.0,18964.0,185882.0,188814.0,4517.11,4516.89,4517.335,True,1.2744,1.272912,1.2758,True,185.07,185072.72,809.28,0.44,-2932.0,-1.58,False
2026-05-04T20:23:33.087477+00:00,18587.0,18964.0,185882.0,188814.0,4513.03,4512.6284,4513.435,True,1.2744,1.272912,1.2758,True,184.91,184905.53,976.47,0.53,-2932.0,-1.58,False
2026-05-04T20:50:21.362059+00:00,18587.0,18964.0,185882.0,188814.0,4520.9,4520.89,4520.9,True,1.2744,1.272912,1.2758,True,185.23,185227.7,654.3,0.35,-2932.0,-1.58,False
2026-05-04T20:54:27.258967+00:00,18587.0,18964.0,185882.0,188814.0,4520.85,4520.7,4521.0,True,1.2744,1.272912,1.2758,True,185.23,185225.85,656.15,0.35,-2932.0,-1.58,False
2026-05-04T21:32:59.820035+00:00,18587.0,18964.0,185882.0,188814.0,4521.67,4520.3999,4522.94,True,1.2744,1.272912,1.2758,True,185.26,185259.45,622.55,0.34,-2932.0,-1.58,False
2026-05-04T22:10:49.714961+00:00,18587.0,18964.0,185882.0,188814.0,4520.94,4520.96,4520.925,True,1.2744,1.272912,1.2758,True,185.23,185229.64,652.36,0.35,-2932.0,-1.58,False
2026-05-04T22:37:02.975125+00:00,18587.0,18964.0,185882.0,188814.0,4520.13,4520.19,4520.065,True,1.2744,1.272912,1.2758,True,185.2,185196.25,685.75,0.37,-2932.0,-1.58,False
2026-05-04T22:43:19.156585+00:00,18587.0,18964.0,185882.0,188814.0,4519.91,4519.79,4520.04,True,1.2744,1.272912,1.2758,True,185.19,185187.54,694.46,0.38,-2932.0,-1.58,False
2026-05-04T23:12:46.197484+00:00,18587.0,18964.0,185882.0,188814.0,4518.08,4517.1025,4519.06,True,1.2744,1.272912,1.2758,True,185.11,185112.41,769.59,0.42,-2932.0,-1.58,False
2026-05-04T23:35:22.147086+00:00,18587.0,18964.0,185882.0,188814.0,4521.03,4520.86,4521.21,True,1.2744,1.272912,1.2758,True,185.23,185233.43,648.57,0.35,-2932.0,-1.58,False
2026-05-04T23:39:57.465238+00:00,18587.0,18964.0,185882.0,188814.0,4520.08,4519.4673,4520.69,True,1.2744,1.272912,1.2758,True,185.19,185194.25,687.75,0.37,-2932.0,-1.58,False
2026-05-05T00:02:20.974202+00:00,18587.0,18964.0,185882.0,188814.0,4518.88,4516.9199,4520.835,True,1.2744,1.272912,1.2758,True,185.15,185145.03,736.97,0.4,-2932.0,-1.58,False
2026-05-05T00:11:20.094785+00:00,18433.0,18811.0,184343.0,187277.0,4525.91,4525.76,4526.06,True,1.2744,1.272912,1.2758,True,185.43,185433.17,-1090.17,-0.59,-2934.0,-1.59,False
2026-05-05T01:18:06.652471+00:00,18485.0,18863.0,184866.0,187802.0,4538.37,4538.26,4538.475,True,1.276,1.276138,1.2758,True,186.18,186178.93,-1312.93,-0.71,-2936.0,-1.59,False
2026-05-05T01:22:18.256749+00:00,18485.0,18863.0,184866.0,187802.0,4538.35,4538.14,4538.56,True,1.276,1.276138,1.2758,True,186.18,186178.21,-1312.21,-0.7,-2936.0,-1.59,False
2026-05-05T03:40:14.042728+00:00,18515.0,18893.0,185163.0,188098.0,4538.19,4537.77,4538.62,True,1.276,1.276138,1.2758,True,186.17,186171.85,-1008.85,-0.54,-2935.0,-1.59,False
2026-05-05T03:52:44.645392+00:00,18515.0,18893.0,185163.0,188098.0,4535.17,4535.03,4535.32,True,1.276,1.276138,1.2758,True,186.05,186047.96,-884.96,-0.48,-2935.0,-1.59,False
2026-05-05T04:47:57.600142+00:00,18481.0,18859.0,184825.0,187761.0,4533.9,4533.49,4534.3,True,1.276,1.276138,1.2758,True,186.0,185995.45,-1170.45,-0.63,-2936.0,-1.59,False
2026-05-05T04:49:22.390192+00:00,18481.0,18859.0,184825.0,187761.0,4533.57,4533.45,4533.68,True,1.276,1.276138,1.2758,True,185.98,185981.91,-1156.91,-0.62,-2936.0,-1.59,False
2026-05-05T06:25:50.580063+00:00,18547.0,18925.0,185484.0,188421.0,4535.97,4536.03,4535.91,True,1.276,1.276138,1.2758,True,186.08,186080.57,-596.57,-0.32,-2937.0,-1.58,False
2026-05-05T06:30:33.868111+00:00,18547.0,18925.0,185484.0,188421.0,4538.7,4537.83,4539.57,True,1.276,1.276138,1.2758,True,186.19,186192.57,-708.57,-0.38,-2937.0,-1.58,False
2026-05-05T07:08:38.876337+00:00,18539.0,18917.0,185402.0,188339.0,4553.56,4552.9136,4554.21,True,1.276,1.276138,1.2758,True,186.8,186802.25,-1400.25,-0.75,-2937.0,-1.58,False
2026-05-05T07:34:03.722115+00:00,18561.0,18938.0,185617.0,188553.0,4550.77,4551.06,4550.485,True,1.276,1.276138,1.2758,True,186.69,186687.82,-1070.82,-0.57,-2936.0,-1.58,False
2026-05-05T09:14:16.367575+00:00,18577.0,18954.0,185778.0,188714.0,4558.48,4557.86,4559.095,True,1.276,1.276138,1.2758,True,187.0,187003.91,-1225.91,-0.66,-2936.0,-1.58,False
2026-05-05T09:23:43.749792+00:00,18577.0,18954.0,185778.0,188714.0,4556.04,4555.6,4556.475,True,1.276,1.276138,1.2758,True,186.9,186903.81,-1125.81,-0.6,-2936.0,-1.58,False
2026-05-05T09:31:15.363422+00:00,18577.0,18954.0,185778.0,188714.0,4555.43,4555.01,4555.845,True,1.276,1.276138,1.2758,True,186.88,186878.78,-1100.78,-0.59,-2936.0,-1.58,False
2026-05-05T09:32:35.629621+00:00,18577.0,18954.0,185778.0,188714.0,4555.46,4555.02,4555.9,True,1.276,1.276138,1.2758,True,186.88,186880.12,-1102.12,-0.59,-2936.0,-1.58,False
2026-05-05T11:05:33.819201+00:00,18540.0,18918.0,185412.0,188348.0,4543.26,4543.23,4543.3,True,1.276,1.276138,1.2758,True,186.38,186379.84,-967.84,-0.52,-2936.0,-1.58,False
2026-05-05T11:07:09.545881+00:00,18540.0,18918.0,185412.0,188348.0,4546.4,4546.2,4546.59,True,1.276,1.276138,1.2758,True,186.51,186508.24,-1096.24,-0.59,-2936.0,-1.58,False
2026-05-05T11:22:48.777637+00:00,18527.0,18905.0,185279.0,188216.0,4553.78,4553.6,4553.955,True,1.276,1.276138,1.2758,True,186.81,186811.1,-1532.1,-0.82,-2937.0,-1.59,False
2026-05-05T11:41:24.459564+00:00,18527.0,18905.0,185279.0,188216.0,4558.13,4557.93,4558.33,True,1.276,1.276138,1.2758,True,186.99,186989.65,-1710.65,-0.91,-2937.0,-1.59,False
2026-05-05T12:50:41.292023+00:00,18568.0,18946.0,185690.0,188627.0,4562.68,4562.46,4562.905,True,1.276,1.276138,1.2758,True,187.18,187176.41,-1486.41,-0.79,-2937.0,-1.58,False
2026-05-05T13:00:39.757223+00:00,18568.0,18946.0,185690.0,188627.0,4565.19,4565.16,4565.225,True,1.276,1.276138,1.2758,True,187.28,187279.38,-1589.38,-0.85,-2937.0,-1.58,False
2026-05-05T14:33:26.157852+00:00,18632.0,19010.0,186335.0,189271.0,4583.61,4583.39,4583.825,True,1.2767,1.276138,1.2772,True,188.14,188137.98,-1802.98,-0.96,-2936.0,-1.58,False
2026-05-05T15:39:43.066552+00:00,18665.0,19043.0,186663.0,189600.0,4576.53,4576.02,4577.045,True,1.2767,1.276138,1.2772,True,187.85,187847.58,-1184.58,-0.63,-2937.0,-1.57,False
2026-05-05T16:48:35.087600+00:00,18665.0,19043.0,186663.0,189600.0,4556.85,4556.32,4557.375,True,1.2767,1.276138,1.2772,True,187.04,187039.59,-376.59,-0.2,-2937.0,-1.57,False
2026-05-05T16:57:17.343806+00:00,18665.0,19043.0,186663.0,189600.0,4561.08,4560.96,4561.205,True,1.2767,1.276138,1.2772,True,187.21,187213.42,-550.42,-0.29,-2937.0,-1.57,False
2026-05-05T17:07:46.511215+00:00,18665.0,19043.0,186663.0,189600.0,4556.8,4556.09,4557.515,True,1.2767,1.276138,1.2772,True,187.04,187037.74,-374.74,-0.2,-2937.0,-1.57,False
2026-05-05T17:09:19.206068+00:00,18665.0,19043.0,186663.0,189600.0,4555.6,4555.48,4555.73,True,1.2767,1.276138,1.2772,True,186.99,186988.59,-325.59,-0.17,-2937.0,-1.57,False
2026-05-05T18:19:24.497564+00:00,18665.0,19043.0,186663.0,189600.0,4563.62,4563.45,4563.8,True,1.2767,1.276138,1.2772,True,187.32,187317.78,-654.78,-0.35,-2937.0,-1.57,False
2026-05-05T18:49:19.386523+00:00,18665.0,19043.0,186663.0,189600.0,4563.1,4562.5986,4563.61,True,1.2767,1.276138,1.2772,True,187.3,187296.41,-633.41,-0.34,-2937.0,-1.57,False
2026-05-05T18:56:33.429713+00:00,18665.0,19043.0,186663.0,189600.0,4560.08,4560.08,4560.085,True,1.2767,1.276138,1.2772,True,187.17,187172.37,-509.37,-0.27,-2937.0,-1.57,False
2026-05-05T18:59:35.444611+00:00,18665.0,19043.0,186663.0,189600.0,4560.31,4560.18,4560.445,True,1.2767,1.276138,1.2772,True,187.18,187181.82,-518.82,-0.28,-2937.0,-1.57,False
2026-05-05T20:13:53.325925+00:00,18665.0,19043.0,186663.0,189600.0,4556.97,4556.77,4557.16,True,1.2767,1.276138,1.2772,True,187.04,187044.41,-381.41,-0.2,-2937.0,-1.57,False
2026-05-05T20:19:36.429169+00:00,18665.0,19043.0,186663.0,189600.0,4556.34,4556.24,4556.445,True,1.2767,1.276138,1.2772,True,187.02,187018.86,-355.86,-0.19,-2937.0,-1.57,False
2026-05-05T20:43:57.229439+00:00,18665.0,19043.0,186663.0,189600.0,4555.09,4554.82,4555.355,True,1.2767,1.276138,1.2772,True,186.97,186967.35,-304.35,-0.16,-2937.0,-1.57,False
2026-05-05T20:47:49.149739+00:00,18665.0,19043.0,186663.0,189600.0,4554.99,4554.69,4555.285,True,1.2767,1.276138,1.2772,True,186.96,186963.25,-300.25,-0.16,-2937.0,-1.57,False
2026-05-05T21:17:56.594144+00:00,18665.0,19043.0,186663.0,189600.0,4556.59,4556.04,4557.13,True,1.2767,1.276138,1.2772,True,187.03,187028.82,-365.82,-0.2,-2937.0,-1.57,False
2026-05-05T21:47:29.911119+00:00,18665.0,19043.0,186663.0,189600.0,4556.59,4556.04,4557.13,True,1.2767,1.276138,1.2772,True,187.03,187028.82,-365.82,-0.2,-2937.0,-1.57,False
2026-05-05T22:08:12.525595+00:00,18665.0,19043.0,186663.0,189600.0,4553.31,4549.49,4557.13,True,1.2767,1.276138,1.2772,True,186.89,186894.39,-231.39,-0.12,-2937.0,-1.57,False
2026-05-05T22:15:38.108040+00:00,18665.0,19043.0,186663.0,189600.0,4550.28,4549.78,4550.78,True,1.2767,1.276138,1.2772,True,186.77,186770.02,-107.02,-0.06,-2937.0,-1.57,False
2026-05-05T22:34:31.546976+00:00,18665.0,19043.0,186663.0,189600.0,4547.15,4546.5776,4547.715,True,1.2767,1.276138,1.2772,True,186.64,186641.4,21.6,0.01,-2937.0,-1.57,False
2026-05-05T22:41:25.426126+00:00,18665.0,19043.0,186663.0,189600.0,4549.97,4549.54,4550.405,True,1.2767,1.276138,1.2772,True,186.76,186757.4,-94.4,-0.05,-2937.0,-1.57,False
2026-05-05T23:13:57.823534+00:00,18665.0,19043.0,186663.0,189600.0,4586.24,4585.87,4586.6,True,1.2767,1.276138,1.2772,True,188.25,188245.83,-1582.83,-0.84,-2937.0,-1.57,False
2026-05-05T23:30:14.812773+00:00,18665.0,19043.0,186663.0,189600.0,4582.12,4581.64,4582.595,True,1.2767,1.276138,1.2772,True,188.08,188076.82,-1413.82,-0.75,-2937.0,-1.57,False
2026-05-05T23:36:52.490373+00:00,18665.0,19043.0,186663.0,189600.0,4584.62,4584.22,4585.025,True,1.2767,1.276138,1.2772,True,188.18,188179.64,-1516.64,-0.81,-2937.0,-1.57,False
2026-05-05T23:57:20.987933+00:00,18665.0,19043.0,186663.0,189600.0,4593.96,4593.09,4594.825,True,1.2767,1.276138,1.2772,True,188.56,188562.8,-1899.8,-1.01,-2937.0,-1.57,False
2026-05-06T00:07:20.131499+00:00,18671.0,19049.0,186724.0,189657.0,4593.08,4593.91,4592.245,True,1.2767,1.276138,1.2772,True,188.53,188526.68,-1802.68,-0.96,-2933.0,-1.57,False
2026-05-06T01:14:42.996228+00:00,18748.0,19125.0,187488.0,190420.0,4609.7,4608.27,4611.14,True,1.2765,1.275701,1.2772,True,189.18,189176.79,-1688.79,-0.89,-2932.0,-1.56,False
2026-05-06T01:19:24.823606+00:00,18748.0,19125.0,187488.0,190420.0,4616.11,4614.13,4618.085,True,1.2765,1.275701,1.2772,True,189.44,189439.54,-1951.54,-1.03,-2932.0,-1.56,False
2026-05-06T03:57:02.556512+00:00,18848.0,19225.0,188488.0,191422.0,4643.85,4643.66,4644.05,True,1.2765,1.275701,1.2772,True,190.58,190578.26,-2090.26,-1.1,-2934.0,-1.56,False
2026-05-06T04:08:56.256789+00:00,18848.0,19225.0,188488.0,191422.0,4647.12,4647.49,4646.75,True,1.2765,1.275701,1.2772,True,190.71,190712.26,-2224.26,-1.17,-2934.0,-1.56,False
2026-05-06T05:00:00.840908+00:00,18883.0,19261.0,188845.0,191778.0,4648.88,4648.39,4649.36,True,1.2765,1.275701,1.2772,True,190.78,190784.28,-1939.28,-1.02,-2933.0,-1.55,False
2026-05-06T05:01:40.964104+00:00,18869.0,19246.0,188697.0,191628.0,4650.98,4650.91,4651.055,True,1.2765,1.275701,1.2772,True,190.87,190870.77,-2173.77,-1.14,-2931.0,-1.55,False
2026-05-06T06:38:51.663171+00:00,18929.0,19306.0,189302.0,192235.0,4662.45,4658.12,4666.78,True,1.2765,1.275701,1.2772,True,191.34,191341.38,-2039.38,-1.07,-2933.0,-1.55,False
2026-05-06T06:47:12.482460+00:00,18929.0,19306.0,189302.0,192235.0,4665.84,4666.17,4665.505,True,1.2765,1.275701,1.2772,True,191.48,191480.4,-2178.4,-1.14,-2933.0,-1.55,False
2026-05-06T07:58:54.119493+00:00,18958.0,19336.0,189595.0,192528.0,4676.82,4676.59,4677.04,True,1.2765,1.275701,1.2772,True,191.93,191930.9,-2335.9,-1.22,-2933.0,-1.55,False
2026-05-06T07:59:21.230088+00:00,18958.0,19336.0,189595.0,192528.0,4677.44,4676.5,4678.385,True,1.2765,1.275701,1.2772,True,191.96,191956.65,-2361.65,-1.23,-2933.0,-1.55,False
2026-05-06T09:33:26.556337+00:00,19015.0,19391.0,190160.0,193089.0,4703.3,4703.32,4703.275,True,1.2765,1.275701,1.2772,True,193.02,193017.71,-2857.71,-1.48,-2929.0,-1.54,False
2026-05-06T09:37:35.058942+00:00,19015.0,19391.0,190160.0,193089.0,4702.89,4702.68,4703.09,True,1.2765,1.275701,1.2772,True,193.0,193000.78,-2840.78,-1.47,-2929.0,-1.54,False
2026-05-06T10:35:58.099085+00:00,19017.0,19393.0,190177.0,193105.0,4710.6,4710.29,4710.92,True,1.2765,1.275701,1.2772,True,193.32,193317.6,-3140.6,-1.62,-2928.0,-1.54,False
2026-05-06T10:52:54.600946+00:00,19061.0,19437.0,190621.0,193549.0,4712.7,4712.6,4712.795,True,1.2765,1.275701,1.2772,True,193.4,193403.48,-2782.48,-1.44,-2928.0,-1.54,False
2026-05-06T11:57:19.033427+00:00,19009.0,19385.0,190102.0,193029.0,4694.19,4692.53,4695.855,True,1.2765,1.275701,1.2772,True,192.64,192644.05,-2542.05,-1.32,-2927.0,-1.54,False
2026-05-06T12:12:01.974266+00:00,18968.0,19345.0,189695.0,192621.0,4679.59,4679.61,4679.58,True,1.2765,1.275701,1.2772,True,192.04,192044.99,-2349.99,-1.22,-2926.0,-1.54,False
2026-05-06T12:19:29.034074+00:00,18968.0,19345.0,189695.0,192621.0,4662.8,4662.19,4663.415,True,1.2765,1.275701,1.2772,True,191.36,191355.85,-1660.85,-0.87,-2926.0,-1.54,False
2026-05-06T13:21:23.504561+00:00,18925.0,19302.0,189263.0,192190.0,4682.48,4682.07,4682.885,True,1.2765,1.275701,1.2772,True,192.16,192163.29,-2900.29,-1.51,-2927.0,-1.55,False
2026-05-06T14:36:36.770917+00:00,19068.0,19445.0,190690.0,193619.0,4707.61,4706.9878,4708.235,True,1.272,1.275701,1.2682,True,192.51,192513.66,-1823.66,-0.95,-2929.0,-1.54,False
2026-05-06T15:04:55.397678+00:00,19068.0,19445.0,190690.0,193619.0,4703.34,4702.85,4703.83,True,1.272,1.275701,1.2682,True,192.34,192338.99,-1648.99,-0.86,-2929.0,-1.54,False
2026-05-06T15:14:52.983507+00:00,19068.0,19445.0,190690.0,193619.0,4695.06,4694.89,4695.22,True,1.272,1.275701,1.2682,True,192.0,192000.18,-1310.18,-0.68,-2929.0,-1.54,False
2026-05-06T15:55:13.153115+00:00,19068.0,19445.0,190690.0,193619.0,4692.87,4692.76,4692.98,True,1.272,1.275701,1.2682,True,191.91,191910.82,-1220.82,-0.64,-2929.0,-1.54,False
2026-05-06T16:50:07.784840+00:00,19068.0,19445.0,190690.0,193619.0,4687.87,4687.84,4687.9,True,1.272,1.275701,1.2682,True,191.71,191706.35,-1016.35,-0.53,-2929.0,-1.54,False
2026-05-06T16:56:27.273210+00:00,19068.0,19445.0,190690.0,193619.0,4684.12,4683.95,4684.3,True,1.272,1.275701,1.2682,True,191.55,191553.21,-863.21,-0.45,-2929.0,-1.54,False
2026-05-06T17:09:44.015175+00:00,19068.0,19445.0,190690.0,193619.0,4686.26,4686.09,4686.43,True,1.272,1.275701,1.2682,True,191.64,191640.51,-950.51,-0.5,-2929.0,-1.54,False
2026-05-06T18:08:58.736200+00:00,19068.0,19445.0,190690.0,193619.0,4684.04,4683.84,4684.235,True,1.272,1.275701,1.2682,True,191.55,191549.63,-859.63,-0.45,-2929.0,-1.54,False
2026-05-06T18:25:43.763060+00:00,19068.0,19445.0,190690.0,193619.0,4688.25,4688.05,4688.455,True,1.272,1.275701,1.2682,True,191.72,191722.0,-1032.0,-0.54,-2929.0,-1.54,False
2026-05-06T19:02:50.890377+00:00,19068.0,19445.0,190690.0,193619.0,4687.96,4687.69,4688.235,True,1.272,1.275701,1.2682,True,191.71,191710.14,-1020.14,-0.53,-2929.0,-1.54,False
2026-05-06T19:12:31.791300+00:00,19068.0,19445.0,190690.0,193619.0,4694.7,4694.8,4694.61,True,1.272,1.275701,1.2682,True,191.99,191985.87,-1295.87,-0.67,-2929.0,-1.54,False
2026-05-06T20:14:45.317307+00:00,19068.0,19445.0,190690.0,193619.0,4699.17,4699.02,4699.315,True,1.272,1.275701,1.2682,True,192.17,192168.36,-1478.36,-0.77,-2929.0,-1.54,False
2026-05-06T20:41:54.715908+00:00,19068.0,19445.0,190690.0,193619.0,4689.74,4689.74,4689.74,True,1.272,1.275701,1.2682,True,191.78,191782.83,-1092.83,-0.57,-2929.0,-1.54,False
2026-05-06T20:52:28.937046+00:00,19068.0,19445.0,190690.0,193619.0,4689.37,4689.45,4689.295,True,1.272,1.275701,1.2682,True,191.77,191767.8,-1077.8,-0.56,-2929.0,-1.54,False
2026-05-06T20:55:44.832250+00:00,19068.0,19445.0,190690.0,193619.0,4690.38,4690.03,4690.725,True,1.272,1.275701,1.2682,True,191.81,191808.9,-1118.9,-0.58,-2929.0,-1.54,False
2026-05-06T21:49:03.129780+00:00,19068.0,19445.0,190690.0,193619.0,4690.15,4689.05,4691.255,True,1.272,1.275701,1.2682,True,191.8,191799.7,-1109.7,-0.58,-2929.0,-1.54,False
2026-05-06T22:04:46.140941+00:00,19068.0,19445.0,190690.0,193619.0,4689.85,4688.44,4691.255,True,1.272,1.275701,1.2682,True,191.79,191787.22,-1097.22,-0.57,-2929.0,-1.54,False
2026-05-06T22:10:43.888368+00:00,19068.0,19445.0,190690.0,193619.0,4693.83,4694.09,4693.56,True,1.272,1.275701,1.2682,True,191.95,191949.88,-1259.88,-0.66,-2929.0,-1.54,False
2026-05-06T22:28:59.102686+00:00,19068.0,19445.0,190690.0,193619.0,4694.84,4695.79,4693.89,True,1.272,1.275701,1.2682,True,191.99,191991.39,-1301.39,-0.68,-2929.0,-1.54,False
2026-05-06T22:36:38.153758+00:00,19068.0,19445.0,190690.0,193619.0,4696.29,4695.87,4696.71,True,1.272,1.275701,1.2682,True,192.05,192050.68,-1360.68,-0.71,-2929.0,-1.54,False
2026-05-06T23:01:12.086051+00:00,19068.0,19445.0,190690.0,193619.0,4694.57,4694.07,4695.06,True,1.272,1.275701,1.2682,True,191.98,191980.14,-1290.14,-0.67,-2929.0,-1.54,False
2026-05-06T23:09:35.309496+00:00,19068.0,19445.0,190690.0,193619.0,4696.75,4695.7681,4697.73,True,1.272,1.275701,1.2682,True,192.07,192069.46,-1379.46,-0.72,-2929.0,-1.54,False
2026-05-06T23:31:53.268054+00:00,19068.0,19445.0,190690.0,193619.0,4692.84,4692.66,4693.01,True,1.272,1.275701,1.2682,True,191.91,191909.39,-1219.39,-0.64,-2929.0,-1.54,False
2026-05-06T23:37:09.259954+00:00,19068.0,19445.0,190690.0,193619.0,4693.72,4693.64,4693.79,True,1.272,1.275701,1.2682,True,191.95,191945.38,-1255.38,-0.65,-2929.0,-1.54,False
2026-05-06T23:58:22.427255+00:00,19068.0,19445.0,190690.0,193619.0,4697.88,4698.02,4697.745,True,1.272,1.275701,1.2682,True,192.12,192115.81,-1425.81,-0.74,-2929.0,-1.54,False
2026-05-07T00:07:58.955805+00:00,19011.0,19387.0,190121.0,193049.0,4692.31,4692.05,4692.57,True,1.272,1.275701,1.2682,True,191.89,191887.92,-1766.92,-0.92,-2928.0,-1.54,False
2026-05-07T01:21:25.735747+00:00,19003.0,19379.0,190040.0,192967.0,4711.13,4711.39,4710.865,True,1.2682,1.268226,1.2682,True,192.09,192091.34,-2051.34,-1.07,-2927.0,-1.54,False
2026-05-07T01:25:27.326176+00:00,19047.0,19423.0,190477.0,193406.0,4710.68,4710.51,4710.845,True,1.2682,1.268226,1.2682,True,192.07,192073.0,-1596.0,-0.83,-2929.0,-1.54,False
2026-05-07T03:55:35.711669+00:00,19037.0,19413.0,190378.0,193304.0,4703.6,4703.01,4704.185,True,1.2682,1.268226,1.2682,True,191.78,191784.32,-1406.32,-0.73,-2926.0,-1.54,False
2026-05-07T04:08:13.264055+00:00,19017.0,19394.0,190184.0,193110.0,4700.18,4700.05,4700.315,True,1.2682,1.268226,1.2682,True,191.65,191645.07,-1461.07,-0.76,-2926.0,-1.54,False
2026-05-07T05:02:47.407035+00:00,18977.0,19353.0,189776.0,192702.0,4700.3,4699.96,4700.645,True,1.2682,1.268226,1.2682,True,191.65,191649.97,-1873.97,-0.98,-2926.0,-1.54,False
2026-05-07T05:18:16.638798+00:00,18977.0,19353.0,189776.0,192702.0,4699.55,4699.52,4699.575,True,1.2682,1.268226,1.2682,True,191.62,191619.18,-1843.18,-0.96,-2926.0,-1.54,False
2026-05-07T06:46:14.988215+00:00,19135.0,19511.0,191360.0,194288.0,4742.97,4742.9,4743.045,True,1.2682,1.268226,1.2682,True,193.39,193389.79,-2029.79,-1.05,-2928.0,-1.53,False
2026-05-07T07:20:43.198147+00:00,19145.0,19521.0,191459.0,194384.0,4744.33,4744.45,4744.215,True,1.2682,1.268226,1.2682,True,193.45,193445.24,-1986.24,-1.03,-2925.0,-1.53,False
2026-05-07T08:06:01.835742+00:00,,,,,4749.56,4749.22,4749.9,True,1.2682,1.268226,1.2682,True,193.66,193658.39,,,,,False
2026-05-07T08:07:35.421509+00:00,19145.0,19521.0,191459.0,194384.0,4751.18,4750.93,4751.44,True,1.2682,1.268226,1.2682,True,193.72,193724.65,-2265.65,-1.17,-2925.0,-1.53,False
2026-05-07T09:42:39.696249+00:00,19120.0,19496.0,191209.0,194135.0,4737.18,4736.89,4737.48,True,1.2682,1.268226,1.2682,True,193.15,193153.81,-1944.81,-1.01,-2926.0,-1.53,False
2026-05-07T09:47:23.439834+00:00,19120.0,19496.0,191209.0,194135.0,4738.35,4738.46,4738.24,True,1.2682,1.268226,1.2682,True,193.2,193201.31,-1992.31,-1.03,-2926.0,-1.53,False
2026-05-07T10:53:08.156551+00:00,19140.0,19516.0,191412.0,194338.0,4736.93,4736.59,4737.27,True,1.2682,1.268226,1.2682,True,193.14,193143.41,-1731.41,-0.9,-2926.0,-1.53,False
2026-05-07T10:55:40.332416+00:00,19140.0,19516.0,191412.0,194338.0,4735.84,4735.61,4736.07,True,1.2682,1.268226,1.2682,True,193.1,193098.97,-1686.97,-0.87,-2926.0,-1.53,False
2026-05-07T11:57:24.432927+00:00,19140.0,19516.0,191412.0,194338.0,4741.71,4741.98,4741.435,True,1.2682,1.268226,1.2682,True,193.34,193338.21,-1926.21,-1.0,-2926.0,-1.53,False
2026-05-07T12:13:51.308671+00:00,19152.0,19529.0,191534.0,194461.0,4745.66,4745.79,4745.54,True,1.2682,1.268226,1.2682,True,193.5,193499.58,-1965.58,-1.02,-2927.0,-1.53,False
2026-05-07T13:19:35.065036+00:00,19145.0,19521.0,191458.0,194384.0,4739.52,4739.27,4739.78,True,1.2682,1.268226,1.2682,True,193.25,193249.22,-1791.22,-0.93,-2926.0,-1.53,False
2026-05-07T13:21:27.432674+00:00,19145.0,19521.0,191458.0,194384.0,4738.44,4738.36,4738.52,True,1.2682,1.268226,1.2682,True,193.2,193204.98,-1746.98,-0.9,-2926.0,-1.53,False
2026-05-07T14:41:09.484375+00:00,19226.0,19602.0,192272.0,195200.0,4752.53,4752.17,4752.9,True,1.267,1.268226,1.2658,True,193.6,193596.34,-1324.34,-0.68,-2928.0,-1.52,False
2026-05-07T15:06:49.129538+00:00,19246.0,19623.0,192475.0,195403.0,4756.72,4755.69,4757.745,True,1.267,1.268226,1.2658,True,193.77,193766.71,-1291.71,-0.67,-2928.0,-1.52,False
2026-05-07T15:54:15.211929+00:00,19246.0,19623.0,192475.0,195403.0,4732.39,4732.14,4732.645,True,1.267,1.268226,1.2658,True,192.78,192775.82,-300.82,-0.16,-2928.0,-1.52,False
2026-05-07T15:56:35.179857+00:00,19246.0,19623.0,192475.0,195403.0,4728.99,4728.91,4729.07,True,1.267,1.268226,1.2658,True,192.64,192637.22,-162.22,-0.08,-2928.0,-1.52,False
2026-05-07T16:59:56.227327+00:00,19246.0,19623.0,192475.0,195403.0,4715.11,4714.89,4715.335,True,1.267,1.268226,1.2658,True,192.07,192071.92,403.08,0.21,-2928.0,-1.52,False
2026-05-07T17:11:22.831517+00:00,19246.0,19623.0,192475.0,195403.0,4716.36,4716.19,4716.525,True,1.267,1.268226,1.2658,True,192.12,192122.63,352.37,0.18,-2928.0,-1.52,False
2026-05-07T18:12:56.729597+00:00,19246.0,19623.0,192475.0,195403.0,4708.62,4708.51,4708.735,True,1.267,1.268226,1.2658,True,191.81,191807.54,667.46,0.35,-2928.0,-1.52,False
2026-05-07T18:16:44.151561+00:00,19246.0,19623.0,192475.0,195403.0,4708.41,4708.0,4708.815,True,1.267,1.268226,1.2658,True,191.8,191798.79,676.21,0.35,-2928.0,-1.52,False
2026-05-07T18:51:07.984851+00:00,19246.0,19623.0,192475.0,195403.0,4697.98,4698.69,4697.28,True,1.267,1.268226,1.2658,True,191.37,191374.22,1100.78,0.58,-2928.0,-1.52,False
2026-05-07T19:02:27.871750+00:00,19246.0,19623.0,192475.0,195403.0,4707.23,4706.52,4707.94,True,1.267,1.268226,1.2658,True,191.75,191750.82,724.18,0.38,-2928.0,-1.52,False
2026-05-07T20:05:20.929567+00:00,19246.0,19623.0,192475.0,195403.0,4717.27,4715.68,4718.85,True,1.267,1.268226,1.2658,True,192.16,192159.6,315.4,0.16,-2928.0,-1.52,False
2026-05-07T20:07:12.776579+00:00,19246.0,19623.0,192475.0,195403.0,4713.63,4713.07,4714.19,True,1.267,1.268226,1.2658,True,192.01,192011.53,463.47,0.24,-2928.0,-1.52,False
2026-05-07T20:21:49.016445+00:00,19246.0,19623.0,192475.0,195403.0,4711.23,4710.189,4712.27,True,1.267,1.268226,1.2658,True,191.91,191913.74,561.26,0.29,-2928.0,-1.52,False
2026-05-07T20:41:34.663864+00:00,19246.0,19623.0,192475.0,195403.0,4703.11,4703.57,4702.655,True,1.267,1.268226,1.2658,True,191.58,191583.09,891.91,0.47,-2928.0,-1.52,False
2026-05-07T21:34:19.072992+00:00,19246.0,19623.0,192475.0,195403.0,4685.34,4685.1777,4685.505,True,1.267,1.268226,1.2658,True,190.86,190859.18,1615.82,0.85,-2928.0,-1.52,False
2026-05-07T21:42:20.176956+00:00,19246.0,19623.0,192475.0,195403.0,4685.34,4685.1777,4685.505,True,1.267,1.268226,1.2658,True,190.86,190859.18,1615.82,0.85,-2928.0,-1.52,False
2026-05-07T22:11:25.129542+00:00,19246.0,19623.0,192475.0,195403.0,4693.79,4693.19,4694.395,True,1.267,1.268226,1.2658,True,191.2,191203.44,1271.56,0.67,-2928.0,-1.52,False
2026-05-07T22:18:34.140652+00:00,19246.0,19623.0,192475.0,195403.0,4691.16,4690.37,4691.96,True,1.267,1.268226,1.2658,True,191.1,191096.41,1378.59,0.72,-2928.0,-1.52,False
2026-05-07T22:41:48.804099+00:00,19246.0,19623.0,192475.0,195403.0,4687.58,4687.2832,4687.88,True,1.267,1.268226,1.2658,True,190.95,190950.43,1524.57,0.8,-2928.0,-1.52,False
2026-05-07T22:46:01.652293+00:00,19246.0,19623.0,192475.0,195403.0,4683.36,4682.79,4683.925,True,1.267,1.268226,1.2658,True,190.78,190778.36,1696.64,0.89,-2928.0,-1.52,False
2026-05-07T23:14:32.664469+00:00,19246.0,19623.0,192475.0,195403.0,4690.18,4689.65,4690.715,True,1.267,1.268226,1.2658,True,191.06,191056.38,1418.62,0.74,-2928.0,-1.52,False
2026-05-07T23:39:25.770806+00:00,19246.0,19623.0,192475.0,195403.0,4698.38,4698.19,4698.56,True,1.267,1.268226,1.2658,True,191.39,191390.11,1084.89,0.57,-2928.0,-1.52,False
2026-05-08T00:01:32.280779+00:00,19246.0,19623.0,192475.0,195403.0,4705.1,4705.12,4705.085,True,1.267,1.268226,1.2658,True,191.66,191664.15,810.85,0.42,-2928.0,-1.52,False
2026-05-08T00:09:55.289803+00:00,19059.0,19435.0,190598.0,193527.0,4707.35,4707.47,4707.22,True,1.267,1.268226,1.2658,True,191.76,191755.5,-1157.5,-0.6,-2929.0,-1.54,False
2026-05-08T01:22:02.988215+00:00,19084.0,19460.0,190847.0,193777.0,4716.28,4716.26,4716.295,True,1.2668,1.267841,1.2658,True,192.09,192090.18,-1243.18,-0.65,-2930.0,-1.54,False
2026-05-08T01:28:10.372761+00:00,19084.0,19460.0,190847.0,193777.0,4714.45,4714.24,4714.655,True,1.2668,1.267841,1.2658,True,192.02,192015.65,-1168.65,-0.61,-2930.0,-1.54,False
2026-05-08T03:46:30.184926+00:00,,,,,4723.95,4723.3,4724.605,True,1.2668,1.267841,1.2658,True,192.4,192402.78,,,,,False
2026-05-08T03:55:53.540925+00:00,19111.0,19487.0,191119.0,194048.0,4719.1,4718.46,4719.74,True,1.2668,1.267841,1.2658,True,192.21,192205.14,-1086.14,-0.57,-2929.0,-1.53,False
2026-05-08T04:43:25.238227+00:00,19092.0,19469.0,190934.0,193864.0,4710.15,4710.46,4709.845,True,1.2668,1.267841,1.2658,True,191.84,191840.72,-906.72,-0.47,-2930.0,-1.53,False
2026-05-08T04:45:05.370107+00:00,19092.0,19469.0,190934.0,193864.0,4711.81,4711.49,4712.12,True,1.2668,1.267841,1.2658,True,191.91,191908.02,-974.02,-0.51,-2930.0,-1.53,False
2026-05-08T06:05:37.518055+00:00,19112.0,19489.0,191134.0,194063.0,4727.72,4728.25,4727.19,True,1.2668,1.267841,1.2658,True,192.56,192556.23,-1422.23,-0.74,-2929.0,-1.53,False
2026-05-08T06:11:39.544439+00:00,19112.0,19489.0,191134.0,194063.0,4726.16,4726.01,4726.31,True,1.2668,1.267841,1.2658,True,192.49,192492.69,-1358.69,-0.71,-2929.0,-1.53,False
2026-05-08T06:24:55.833153+00:00,19109.0,19486.0,191104.0,194033.0,4727.18,4727.39,4726.98,True,1.2668,1.267841,1.2658,True,192.53,192534.44,-1430.44,-0.74,-2929.0,-1.53,False
2026-05-08T07:08:21.449197+00:00,19130.0,19506.0,191307.0,194237.0,4722.05,4721.18,4722.915,True,1.2668,1.267841,1.2658,True,192.33,192325.19,-1018.19,-0.53,-2930.0,-1.53,False
2026-05-08T07:55:34.503364+00:00,19060.0,19437.0,190615.0,193543.0,4708.75,4708.62,4708.875,True,1.2668,1.267841,1.2658,True,191.78,191783.49,-1168.49,-0.61,-2928.0,-1.54,False
2026-05-08T08:00:44.060833+00:00,19060.0,19437.0,190615.0,193543.0,4707.78,4707.85,4707.71,True,1.2668,1.267841,1.2658,True,191.74,191744.09,-1129.09,-0.59,-2928.0,-1.54,False
2026-05-08T08:15:31.757082+00:00,19060.0,19437.0,190615.0,193543.0,4711.7,4711.03,4712.38,True,1.2668,1.267841,1.2658,True,191.9,191903.95,-1288.95,-0.67,-2928.0,-1.54,False
2026-05-08T08:59:39.983152+00:00,19090.0,19466.0,190906.0,193834.0,4715.84,4715.4492,4716.225,True,1.2668,1.267841,1.2658,True,192.07,192072.25,-1166.25,-0.61,-2928.0,-1.53,False
2026-05-08T09:47:53.603422+00:00,19061.0,19437.0,190621.0,193549.0,4710.71,4710.45,4710.97,True,1.2668,1.267841,1.2658,True,191.86,191863.42,-1242.42,-0.65,-2928.0,-1.54,False
2026-05-08T09:57:15.297151+00:00,19061.0,19437.0,190621.0,193549.0,4709.47,4709.34,4709.6,True,1.2668,1.267841,1.2658,True,191.81,191812.92,-1191.92,-0.62,-2928.0,-1.54,False
2026-05-08T10:11:01.759023+00:00,19061.0,19437.0,190621.0,193549.0,4713.08,4712.73,4713.44,True,1.2668,1.267841,1.2658,True,191.96,191960.16,-1339.16,-0.7,-2928.0,-1.54,False
2026-05-08T10:56:06.347020+00:00,19102.0,19478.0,191028.0,193956.0,4716.24,4715.89,4716.585,True,1.2668,1.267841,1.2658,True,192.09,192088.55,-1060.55,-0.55,-2928.0,-1.53,False
2026-05-08T11:26:24.618859+00:00,19102.0,19478.0,191028.0,193956.0,4724.39,4724.38,4724.395,True,1.2668,1.267841,1.2658,True,192.42,192420.5,-1392.5,-0.72,-2928.0,-1.53,False
2026-05-08T11:48:13.522761+00:00,19102.0,19478.0,191028.0,193956.0,4718.61,4718.6,4718.615,True,1.2668,1.267841,1.2658,True,192.19,192185.08,-1157.08,-0.6,-2928.0,-1.53,False
2026-05-08T12:01:21.337713+00:00,19102.0,19478.0,191028.0,193956.0,4717.94,4717.82,4718.06,True,1.2668,1.267841,1.2658,True,192.16,192157.9,-1129.9,-0.59,-2928.0,-1.53,False
2026-05-08T12:57:59.466911+00:00,19110.0,19486.0,191110.0,194038.0,4728.63,4728.77,4728.485,True,1.2668,1.267841,1.2658,True,192.59,192593.19,-1483.19,-0.77,-2928.0,-1.53,False
2026-05-08T14:09:55.427826+00:00,19173.0,19549.0,191737.0,194665.0,4726.27,4726.31,4726.23,True,1.2668,1.267841,1.2658,True,192.5,192497.17,-760.17,-0.39,-2928.0,-1.53,False
2026-05-08T14:18:50.797599+00:00,19173.0,19549.0,191737.0,194665.0,4728.31,4728.27,4728.35,True,1.2668,1.267841,1.2658,True,192.58,192580.26,-843.26,-0.44,-2928.0,-1.53,False
2026-05-08T14:27:43.770413+00:00,19173.0,19549.0,191737.0,194665.0,4724.48,4724.89,4724.075,True,1.2668,1.267841,1.2658,True,192.42,192424.37,-687.37,-0.36,-2928.0,-1.53,False
2026-05-08T15:10:04.802787+00:00,19094.0,19471.0,190953.0,193880.0,4716.3,4716.0264,4716.565,True,1.2678,1.267841,1.2678,True,192.24,192242.56,-1289.56,-0.67,-2927.0,-1.53,False
2026-05-08T15:55:04.754949+00:00,19094.0,19471.0,190953.0,193880.0,4710.15,4710.54,4709.755,True,1.2678,1.267841,1.2678,True,191.99,191991.95,-1038.95,-0.54,-2927.0,-1.53,False
2026-05-08T16:05:26.616144+00:00,19094.0,19471.0,190953.0,193880.0,4707.02,4707.3,4706.74,True,1.2678,1.267841,1.2678,True,191.86,191864.47,-911.47,-0.48,-2927.0,-1.53,False
2026-05-08T16:22:12.120771+00:00,19094.0,19471.0,190953.0,193880.0,4713.21,4713.06,4713.365,True,1.2678,1.267841,1.2678,True,192.12,192116.88,-1163.88,-0.61,-2927.0,-1.53,False
2026-05-08T16:54:51.942816+00:00,19094.0,19471.0,190953.0,193880.0,4712.65,4712.17,4713.125,True,1.2678,1.267841,1.2678,True,192.09,192093.85,-1140.85,-0.59,-2927.0,-1.53,False
2026-05-08T17:46:29.081201+00:00,19094.0,19471.0,190953.0,193880.0,4720.39,4720.09,4720.69,True,1.2678,1.267841,1.2678,True,192.41,192409.45,-1456.45,-0.76,-2927.0,-1.53,False
2026-05-08T18:01:10.945083+00:00,19094.0,19471.0,190953.0,193880.0,4722.68,4724.13,4721.235,True,1.2678,1.267841,1.2678,True,192.5,192502.89,-1549.89,-0.81,-2927.0,-1.53,False
2026-05-08T18:17:46.001461+00:00,19094.0,19471.0,190953.0,193880.0,4726.64,4726.92,4726.35,True,1.2678,1.267841,1.2678,True,192.66,192664.0,-1711.0,-0.89,-2927.0,-1.53,False
2026-05-08T18:54:53.926626+00:00,19094.0,19471.0,190953.0,193880.0,4722.91,4723.58,4722.245,True,1.2678,1.267841,1.2678,True,192.51,192512.27,-1559.27,-0.81,-2927.0,-1.53,False
2026-05-08T19:47:33.497216+00:00,19094.0,19471.0,190953.0,193880.0,4724.43,4724.27,4724.585,True,1.2678,1.267841,1.2678,True,192.57,192574.02,-1621.02,-0.84,-2927.0,-1.53,False
2026-05-08T20:00:20.930195+00:00,19094.0,19471.0,190953.0,193880.0,4723.36,4723.89,4722.825,True,1.2678,1.267841,1.2678,True,192.53,192530.41,-1577.41,-0.82,-2927.0,-1.53,False
2026-05-08T20:12:40.512245+00:00,19094.0,19471.0,190953.0,193880.0,4717.47,4717.27,4717.67,True,1.2678,1.267841,1.2678,True,192.29,192290.42,-1337.42,-0.7,-2927.0,-1.53,False
2026-05-08T20:37:53.466442+00:00,19094.0,19471.0,190953.0,193880.0,4717.86,4717.81,4717.915,True,1.2678,1.267841,1.2678,True,192.31,192306.42,-1353.42,-0.7,-2927.0,-1.53,False
2026-05-08T21:18:22.673164+00:00,19094.0,19471.0,190953.0,193880.0,4715.01,4714.4146,4715.605,True,1.2678,1.267841,1.2678,True,192.19,192190.14,-1237.14,-0.64,-2927.0,-1.53,False
2026-05-08T21:44:58.513582+00:00,19094.0,19471.0,190953.0,193880.0,4715.01,4714.4146,4715.605,True,1.2678,1.267841,1.2678,True,192.19,192190.14,-1237.14,-0.64,-2927.0,-1.53,False
2026-05-08T22:06:36.520613+00:00,19094.0,19471.0,190953.0,193880.0,4715.01,4714.4146,4715.605,True,1.2678,1.267841,1.2678,True,192.19,192190.14,-1237.14,-0.64,-2927.0,-1.53,True
2026-05-08T22:14:03.968681+00:00,19094.0,19471.0,190953.0,193880.0,4715.01,4714.4146,4715.605,True,1.2678,1.267841,1.2678,True,192.19,192190.14,-1237.14,-0.64,-2927.0,-1.53,True
2026-05-08T22:34:06.142542+00:00,19094.0,19471.0,190953.0,193880.0,4715.01,4714.4146,4715.605,True,1.2678,1.267841,1.2678,True,192.19,192190.14,-1237.14,-0.64,-2927.0,-1.53,True
2026-05-08T22:41:20.812206+00:00,19094.0,19471.0,190953.0,193880.0,4715.01,4714.4146,4715.605,True,1.2678,1.267841,1.2678,True,192.19,192190.14,-1237.14,-0.64,-2927.0,-1.53,True
2026-05-08T23:06:41.110615+00:00,19094.0,19471.0,190953.0,193880.0,4715.01,4714.4146,4715.605,True,1.2678,1.267841,1.2678,True,192.19,192190.14,-1237.14,-0.64,-2927.0,-1.53,True
2026-05-08T23:12:41.972451+00:00,19094.0,19471.0,190953.0,193880.0,4715.01,4714.4146,4715.605,True,1.2678,1.267841,1.2678,True,192.19,192190.14,-1237.14,-0.64,-2927.0,-1.53,True
2026-05-08T23:36:29.606765+00:00,19094.0,19471.0,190953.0,193880.0,4715.01,4714.4146,4715.605,True,1.2678,1.267841,1.2678,True,192.19,192190.14,-1237.14,-0.64,-2927.0,-1.53,True
2026-05-08T23:42:24.461480+00:00,19094.0,19471.0,190953.0,193880.0,4715.01,4714.4146,4715.605,True,1.2678,1.267841,1.2678,True,192.19,192190.14,-1237.14,-0.64,-2927.0,-1.53,True
2026-05-09T00:06:31.250274+00:00,19094.0,19471.0,190953.0,193880.0,4715.01,4714.4146,4715.605,True,1.2678,1.267841,1.2678,True,192.19,192190.14,-1237.14,-0.64,-2927.0,-1.53,True
2026-05-09T00:12:26.554954+00:00,19094.0,19471.0,190953.0,193880.0,4715.01,4714.4146,4715.605,True,1.2675,1.267106,1.2678,True,192.13,192134.43,-1181.43,-0.61,-2927.0,-1.53,True
2026-05-09T01:22:07.374117+00:00,19094.0,19471.0,190953.0,193880.0,4715.01,4714.4146,4715.605,True,1.2675,1.267106,1.2678,True,192.13,192134.43,-1181.43,-0.61,-2927.0,-1.53,True
2026-05-09T01:25:47.642113+00:00,19094.0,19471.0,190953.0,193880.0,4715.01,4714.4146,4715.605,True,1.2675,1.267106,1.2678,True,192.13,192134.43,-1181.43,-0.61,-2927.0,-1.53,True
2026-05-09T03:51:42.319927+00:00,19094.0,19471.0,190953.0,193880.0,4715.01,4714.4146,4715.605,True,1.2675,1.267106,1.2678,True,192.13,192134.43,-1181.43,-0.61,-2927.0,-1.53,True
2026-05-09T03:59:25.656962+00:00,19094.0,19471.0,190953.0,193880.0,4715.01,4714.4146,4715.605,True,1.2675,1.267106,1.2678,True,192.13,192134.43,-1181.43,-0.61,-2927.0,-1.53,True
2026-05-09T04:55:25.448979+00:00,19094.0,19471.0,190953.0,193880.0,4715.01,4714.4146,4715.605,True,1.2675,1.267106,1.2678,True,192.13,192134.43,-1181.43,-0.61,-2927.0,-1.53,True
2026-05-09T04:57:08.514174+00:00,19094.0,19471.0,190953.0,193880.0,4715.01,4714.4146,4715.605,True,1.2675,1.267106,1.2678,True,192.13,192134.43,-1181.43,-0.61,-2927.0,-1.53,True
2026-05-09T06:24:07.893448+00:00,19094.0,19471.0,190953.0,193880.0,4715.01,4714.4146,4715.605,True,1.2675,1.267106,1.2678,True,192.13,192134.43,-1181.43,-0.61,-2927.0,-1.53,True
2026-05-09T06:29:25.022402+00:00,19094.0,19471.0,190953.0,193880.0,4715.01,4714.4146,4715.605,True,1.2675,1.267106,1.2678,True,192.13,192134.43,-1181.43,-0.61,-2927.0,-1.53,True
2026-05-09T07:26:35.488555+00:00,19094.0,19471.0,190953.0,193880.0,4715.01,4714.4146,4715.605,True,1.2675,1.267106,1.2678,True,192.13,192134.43,-1181.43,-0.61,-2927.0,-1.53,True
2026-05-09T07:28:00.787392+00:00,19094.0,19471.0,190953.0,193880.0,4715.01,4714.4146,4715.605,True,1.2675,1.267106,1.2678,True,192.13,192134.43,-1181.43,-0.61,-2927.0,-1.53,True
2026-05-09T08:47:19.754712+00:00,19094.0,19471.0,190953.0,193880.0,4715.01,4714.4146,4715.605,True,1.2675,1.267106,1.2678,True,192.13,192134.43,-1181.43,-0.61,-2927.0,-1.53,True
2026-05-09T08:54:28.350553+00:00,19094.0,19471.0,190953.0,193880.0,4715.01,4714.4146,4715.605,True,1.2675,1.267106,1.2678,True,192.13,192134.43,-1181.43,-0.61,-2927.0,-1.53,True
2026-05-09T09:02:34.156520+00:00,19094.0,19471.0,190953.0,193880.0,4715.01,4714.4146,4715.605,True,1.2675,1.267106,1.2678,True,192.13,192134.43,-1181.43,-0.61,-2927.0,-1.53,True
2026-05-09T09:04:11.614366+00:00,19094.0,19471.0,190953.0,193880.0,4715.01,4714.4146,4715.605,True,1.2675,1.267106,1.2678,True,192.13,192134.43,-1181.43,-0.61,-2927.0,-1.53,True
2026-05-09T10:14:13.304137+00:00,19094.0,19471.0,190953.0,193880.0,4715.01,4714.4146,4715.605,True,1.2675,1.267106,1.2678,True,192.13,192134.43,-1181.43,-0.61,-2927.0,-1.53,True
2026-05-09T10:18:02.568054+00:00,19094.0,19471.0,190953.0,193880.0,4715.01,4714.4146,4715.605,True,1.2675,1.267106,1.2678,True,192.13,192134.43,-1181.43,-0.61,-2927.0,-1.53,True
2026-05-09T10:34:29.701568+00:00,19094.0,19471.0,190953.0,193880.0,4715.01,4714.4146,4715.605,True,1.2675,1.267106,1.2678,True,192.13,192134.43,-1181.43,-0.61,-2927.0,-1.53,True
2026-05-09T10:42:34.194464+00:00,19094.0,19471.0,190953.0,193880.0,4715.01,4714.4146,4715.605,True,1.2675,1.267106,1.2678,True,192.13,192134.43,-1181.43,-0.61,-2927.0,-1.53,True
2026-05-09T11:13:34.621910+00:00,19094.0,19471.0,190953.0,193880.0,4715.01,4714.4146,4715.605,True,1.2675,1.267106,1.2678,True,192.13,192134.43,-1181.43,-0.61,-2927.0,-1.53,True
2026-05-09T11:31:04.451529+00:00,19094.0,19471.0,190953.0,193880.0,4715.01,4714.4146,4715.605,True,1.2675,1.267106,1.2678,True,192.13,192134.43,-1181.43,-0.61,-2927.0,-1.53,True
2026-05-09T11:38:43.905268+00:00,19094.0,19471.0,190953.0,193880.0,4715.01,4714.4146,4715.605,True,1.2675,1.267106,1.2678,True,192.13,192134.43,-1181.43,-0.61,-2927.0,-1.53,True
2026-05-09T11:56:18.543728+00:00,19094.0,19471.0,190953.0,193880.0,4715.01,4714.4146,4715.605,True,1.2675,1.267106,1.2678,True,192.13,192134.43,-1181.43,-0.61,-2927.0,-1.53,True
2026-05-09T12:03:56.104615+00:00,19094.0,19471.0,190953.0,193880.0,4715.01,4714.4146,4715.605,True,1.2675,1.267106,1.2678,True,192.13,192134.43,-1181.43,-0.61,-2927.0,-1.53,True
2026-05-09T12:39:06.146287+00:00,19094.0,19471.0,190953.0,193880.0,4715.01,4714.4146,4715.605,True,1.2675,1.267106,1.2678,True,192.13,192134.43,-1181.43,-0.61,-2927.0,-1.53,True
2026-05-09T12:43:33.501067+00:00,19094.0,19471.0,190953.0,193880.0,4715.01,4714.4146,4715.605,True,1.2675,1.267106,1.2678,True,192.13,192134.43,-1181.43,-0.61,-2927.0,-1.53,True
2026-05-09T13:45:18.929611+00:00,19094.0,19471.0,190953.0,193880.0,4715.01,4714.4146,4715.605,True,1.2675,1.267106,1.2678,True,192.13,192134.43,-1181.43,-0.61,-2927.0,-1.53,True
2026-05-09T13:55:20.074663+00:00,19094.0,19471.0,190953.0,193880.0,4715.01,4714.4146,4715.605,True,1.2675,1.267106,1.2678,True,192.13,192134.43,-1181.43,-0.61,-2927.0,-1.53,True
2026-05-09T14:09:58.810882+00:00,19094.0,19471.0,190953.0,193880.0,4715.01,4714.4146,4715.605,True,1.2675,1.267106,1.2678,True,192.13,192134.43,-1181.43,-0.61,-2927.0,-1.53,True
2026-05-09T14:36:50.706120+00:00,19094.0,19471.0,190953.0,193880.0,4715.01,4714.4146,4715.605,True,1.2675,1.267106,1.2678,True,192.13,192134.43,-1181.43,-0.61,-2927.0,-1.53,True
2026-05-09T15:02:15.302874+00:00,19094.0,19471.0,190953.0,193880.0,4715.01,4714.4146,4715.605,True,1.2675,1.267106,1.2678,True,192.13,192134.43,-1181.43,-0.61,-2927.0,-1.53,True
2026-05-09T15:15:22.953436+00:00,19094.0,19471.0,190953.0,193880.0,4715.01,4714.4146,4715.605,True,1.2675,1.267106,1.2678,True,192.13,192134.43,-1181.43,-0.61,-2927.0,-1.53,True
2026-05-09T15:36:06.539014+00:00,19094.0,19471.0,190953.0,193880.0,4715.01,4714.4146,4715.605,True,1.2675,1.267106,1.2678,True,192.13,192134.43,-1181.43,-0.61,-2927.0,-1.53,True
2026-05-09T15:38:04.200201+00:00,19094.0,19471.0,190953.0,193880.0,4715.01,4714.4146,4715.605,True,1.2675,1.267106,1.2678,True,192.13,192134.43,-1181.43,-0.61,-2927.0,-1.53,True
2026-05-09T16:00:06.748240+00:00,19094.0,19471.0,190953.0,193880.0,4715.01,4714.4146,4715.605,True,1.2675,1.267106,1.2678,True,192.13,192134.43,-1181.43,-0.61,-2927.0,-1.53,True
2026-05-09T16:10:38.499501+00:00,19094.0,19471.0,190953.0,193880.0,4715.01,4714.4146,4715.605,True,1.2675,1.267106,1.2678,True,192.13,192134.43,-1181.43,-0.61,-2927.0,-1.53,True
2026-05-09T16:34:44.857365+00:00,19094.0,19471.0,190953.0,193880.0,4715.01,4714.4146,4715.605,True,1.2675,1.267106,1.2678,True,192.13,192134.43,-1181.43,-0.61,-2927.0,-1.53,True
2026-05-09T16:36:57.961391+00:00,19094.0,19471.0,190953.0,193880.0,4715.01,4714.4146,4715.605,True,1.2675,1.267106,1.2678,True,192.13,192134.43,-1181.43,-0.61,-2927.0,-1.53,True
2026-05-09T17:04:47.213140+00:00,19094.0,19471.0,190953.0,193880.0,4715.01,4714.4146,4715.605,True,1.2675,1.267106,1.2678,True,192.13,192134.43,-1181.43,-0.61,-2927.0,-1.53,True
2026-05-09T17:15:28.790500+00:00,19094.0,19471.0,190953.0,193880.0,4717.41,4714.4146,4720.39990234375,True,1.2675,1.267106,1.2678,True,192.23,192232.13,-1279.13,-0.67,-2927.0,-1.53,False
2026-05-09T17:35:18.226486+00:00,19094.0,19471.0,190953.0,193880.0,4715.01,4714.4146,4715.605,True,1.2675,1.267106,1.2678,True,192.13,192134.43,-1181.43,-0.61,-2927.0,-1.53,False
2026-05-09T17:38:23.392302+00:00,19094.0,19471.0,190953.0,193880.0,4715.01,4714.4146,4715.605,True,1.2675,1.267106,1.2678,True,192.13,192134.43,-1181.43,-0.61,-2927.0,-1.53,False
2026-05-09T17:58:38.008084+00:00,19094.0,19471.0,190953.0,193880.0,4715.01,4714.4146,4715.605,True,1.2675,1.267106,1.2678,True,192.13,192134.43,-1181.43,-0.61,-2927.0,-1.53,True
2026-05-09T18:07:30.095481+00:00,19094.0,19471.0,190953.0,193880.0,4715.01,4714.4146,4715.605,True,1.2675,1.267106,1.2678,True,192.13,192134.43,-1181.43,-0.61,-2927.0,-1.53,True
2026-05-09T18:37:21.978498+00:00,19094.0,19471.0,190953.0,193880.0,4715.01,4714.4146,4715.605,True,1.2675,1.267106,1.2678,True,192.13,192134.43,-1181.43,-0.61,-2927.0,-1.53,True
2026-05-09T18:38:50.026626+00:00,19094.0,19471.0,190953.0,193880.0,4715.01,4714.4146,4715.605,True,1.2675,1.267106,1.2678,True,192.13,192134.43,-1181.43,-0.61,-2927.0,-1.53,True
2026-05-09T19:16:30.776152+00:00,19094.0,19471.0,190953.0,193880.0,4715.01,4714.4146,4715.605,True,1.2675,1.267106,1.2678,True,192.13,192134.43,-1181.43,-0.61,-2927.0,-1.53,True
2026-05-09T19:36:09.113618+00:00,19094.0,19471.0,190953.0,193880.0,4715.01,4714.4146,4715.605,True,1.2675,1.267106,1.2678,True,192.13,192134.43,-1181.43,-0.61,-2927.0,-1.53,True
2026-05-09T19:45:11.344735+00:00,19094.0,19471.0,190953.0,193880.0,4715.01,4714.4146,4715.605,True,1.2675,1.267106,1.2678,True,192.13,192134.43,-1181.43,-0.61,-2927.0,-1.53,True
2026-05-09T19:46:37.335866+00:00,19094.0,19471.0,190953.0,193880.0,4715.01,4714.4146,4715.605,True,1.2675,1.267106,1.2678,True,192.13,192134.43,-1181.43,-0.61,-2927.0,-1.53,True
2026-05-09T20:30:29.778555+00:00,19094.0,19471.0,190953.0,193880.0,4715.01,4714.4146,4715.605,True,1.2675,1.267106,1.2678,True,192.13,192134.43,-1181.43,-0.61,-2927.0,-1.53,True
2026-05-09T20:56:16.206285+00:00,19094.0,19471.0,190953.0,193880.0,4715.01,4714.4146,4715.605,True,1.2675,1.267106,1.2678,True,192.13,192134.43,-1181.43,-0.61,-2927.0,-1.53,True
2026-05-09T21:05:05.226874+00:00,19094.0,19471.0,190953.0,193880.0,4715.01,4714.4146,4715.605,True,1.2675,1.267106,1.2678,True,192.13,192134.43,-1181.43,-0.61,-2927.0,-1.53,True
2026-05-09T21:26:59.258961+00:00,19094.0,19471.0,190953.0,193880.0,4715.01,4714.4146,4715.605,True,1.2675,1.267106,1.2678,True,192.13,192134.43,-1181.43,-0.61,-2927.0,-1.53,True
2026-05-09T21:30:38.982971+00:00,19094.0,19471.0,190953.0,193880.0,4715.01,4714.4146,4715.605,True,1.2675,1.267106,1.2678,True,192.13,192134.43,-1181.43,-0.61,-2927.0,-1.53,True
2026-05-09T21:55:42.730546+00:00,19094.0,19471.0,190953.0,193880.0,4715.01,4714.4146,4715.605,True,1.2675,1.267106,1.2678,True,192.13,192134.43,-1181.43,-0.61,-2927.0,-1.53,True
2026-05-09T22:04:05.494859+00:00,19094.0,19471.0,190953.0,193880.0,4715.01,4714.4146,4715.605,True,1.2675,1.267106,1.2678,True,192.13,192134.43,-1181.43,-0.61,-2927.0,-1.53,True
2026-05-09T22:24:15.612987+00:00,19094.0,19471.0,190953.0,193880.0,4715.01,4714.4146,4715.605,True,1.2675,1.267106,1.2678,True,192.13,192134.43,-1181.43,-0.61,-2927.0,-1.53,True
2026-05-09T22:29:08.603701+00:00,19094.0,19471.0,190953.0,193880.0,4715.01,4714.4146,4715.605,True,1.2675,1.267106,1.2678,True,192.13,192134.43,-1181.43,-0.61,-2927.0,-1.53,True
2026-05-09T22:57:24.759727+00:00,19094.0,19471.0,190953.0,193880.0,4715.01,4714.4146,4715.605,True,1.2675,1.267106,1.2678,True,192.13,192134.43,-1181.43,-0.61,-2927.0,-1.53,True
2026-05-09T23:08:13.136777+00:00,19094.0,19471.0,190953.0,193880.0,4715.01,4714.4146,4715.605,True,1.2675,1.267106,1.2678,True,192.13,192134.43,-1181.43,-0.61,-2927.0,-1.53,True
2026-05-09T23:28:42.254429+00:00,19094.0,19471.0,190953.0,193880.0,4715.01,4714.4146,4715.605,True,1.2675,1.267106,1.2678,True,192.13,192134.43,-1181.43,-0.61,-2927.0,-1.53,True
2026-05-09T23:33:50.367998+00:00,19094.0,19471.0,190953.0,193880.0,4715.01,4714.4146,4715.605,True,1.2675,1.267106,1.2678,True,192.13,192134.43,-1181.43,-0.61,-2927.0,-1.53,True
2026-05-09T23:57:58.865400+00:00,19094.0,19471.0,190953.0,193880.0,4715.01,4714.4146,4715.605,True,1.2675,1.267106,1.2678,True,192.13,192134.43,-1181.43,-0.61,-2927.0,-1.53,True
2026-05-10T00:07:37.808401+00:00,19094.0,19471.0,190953.0,193880.0,4715.01,4714.4146,4715.605,True,1.2675,1.267106,1.2678,True,192.13,192134.43,-1181.43,-0.61,-2927.0,-1.53,True
2026-05-10T01:24:28.193445+00:00,19094.0,19471.0,190953.0,193880.0,4715.01,4714.4146,4715.605,True,1.2675,1.267275,1.2678,True,192.15,192147.24,-1194.24,-0.62,-2927.0,-1.53,True
2026-05-10T01:27:14.855898+00:00,19094.0,19471.0,190953.0,193880.0,4715.01,4714.4146,4715.605,True,1.2675,1.267275,1.2678,True,192.15,192147.24,-1194.24,-0.62,-2927.0,-1.53,True
2026-05-10T04:04:43.349687+00:00,19094.0,19471.0,190953.0,193880.0,4715.01,4714.4146,4715.605,True,1.2675,1.267275,1.2678,True,192.15,192147.24,-1194.24,-0.62,-2927.0,-1.53,True
2026-05-10T04:18:22.281415+00:00,19094.0,19471.0,190953.0,193880.0,4715.01,4714.4146,4715.605,True,1.2675,1.267275,1.2678,True,192.15,192147.24,-1194.24,-0.62,-2927.0,-1.53,True
2026-05-10T05:08:51.787322+00:00,19094.0,19471.0,190953.0,193880.0,4715.01,4714.4146,4715.605,True,1.2675,1.267275,1.2678,True,192.15,192147.24,-1194.24,-0.62,-2927.0,-1.53,True
2026-05-10T05:24:08.448843+00:00,19094.0,19471.0,190953.0,193880.0,4715.01,4714.4146,4715.605,True,1.2675,1.267275,1.2678,True,192.15,192147.24,-1194.24,-0.62,-2927.0,-1.53,True
2026-05-10T06:39:45.289622+00:00,19094.0,19471.0,190953.0,193880.0,4715.01,4714.4146,4715.605,True,1.2675,1.267275,1.2678,True,192.15,192147.24,-1194.24,-0.62,-2927.0,-1.53,True
2026-05-10T06:47:47.863100+00:00,19094.0,19471.0,190953.0,193880.0,4715.01,4714.4146,4715.605,True,1.2675,1.267275,1.2678,True,192.15,192147.24,-1194.24,-0.62,-2927.0,-1.53,True
2026-05-10T07:47:41.922721+00:00,19094.0,19471.0,190953.0,193880.0,4715.01,4714.4146,4715.605,True,1.2675,1.267275,1.2678,True,192.15,192147.24,-1194.24,-0.62,-2927.0,-1.53,True
2026-05-10T07:50:16.669917+00:00,19094.0,19471.0,190953.0,193880.0,4715.01,4714.4146,4715.605,True,1.2675,1.267275,1.2678,True,192.15,192147.24,-1194.24,-0.62,-2927.0,-1.53,True
2026-05-10T09:00:35.329739+00:00,19094.0,19471.0,190953.0,193880.0,4715.01,4714.41,4715.605,True,1.2675,1.267275,1.2678,True,192.15,192147.15,-1194.15,-0.62,-2927.0,-1.53,True
2026-05-10T09:04:32.518923+00:00,19094.0,19471.0,190953.0,193880.0,4715.01,4714.41,4715.605,True,1.2675,1.267275,1.2678,True,192.15,192147.15,-1194.15,-0.62,-2927.0,-1.53,True
2026-05-10T09:18:40.946646+00:00,19094.0,19471.0,190953.0,193880.0,4715.01,4714.41,4715.605,True,1.2675,1.267275,1.2678,True,192.15,192147.15,-1194.15,-0.62,-2927.0,-1.53,True
2026-05-10T10:01:28.847491+00:00,19094.0,19471.0,190953.0,193880.0,4715.01,4714.4146,4715.605,True,1.2675,1.267275,1.2678,True,192.15,192147.24,-1194.24,-0.62,-2927.0,-1.53,True
2026-05-10T10:21:44.972511+00:00,19094.0,19471.0,190953.0,193880.0,4715.01,4714.41,4715.605,True,1.2675,1.267275,1.2678,True,192.15,192147.15,-1194.15,-0.62,-2927.0,-1.53,True
2026-05-10T10:40:11.687362+00:00,19094.0,19471.0,190953.0,193880.0,4715.01,4714.4146,4715.605,True,1.2675,1.267275,1.2678,True,192.15,192147.24,-1194.24,-0.62,-2927.0,-1.53,True
2026-05-10T10:49:50.984464+00:00,19094.0,19471.0,190953.0,193880.0,4715.01,4714.4146,4715.605,True,1.2675,1.267275,1.2678,True,192.15,192147.24,-1194.24,-0.62,-2927.0,-1.53,True
2026-05-10T11:30:22.649792+00:00,19094.0,19471.0,190953.0,193880.0,4715.01,4714.4146,4715.605,True,1.2675,1.267275,1.2678,True,192.15,192147.24,-1194.24,-0.62,-2927.0,-1.53,True
2026-05-10T11:38:46.572219+00:00,19094.0,19471.0,190953.0,193880.0,4715.01,4714.4146,4715.605,True,1.2675,1.267275,1.2678,True,192.15,192147.24,-1194.24,-0.62,-2927.0,-1.53,True
2026-05-10T11:58:48.417086+00:00,19094.0,19471.0,190953.0,193880.0,4715.01,4714.4146,4715.605,True,1.2675,1.267275,1.2678,True,192.15,192147.24,-1194.24,-0.62,-2927.0,-1.53,True
2026-05-10T12:05:41.613263+00:00,19094.0,19471.0,190953.0,193880.0,4715.01,4714.4146,4715.605,True,1.2675,1.267275,1.2678,True,192.15,192147.24,-1194.24,-0.62,-2927.0,-1.53,True
2026-05-10T12:38:10.121212+00:00,19094.0,19471.0,190953.0,193880.0,4715.01,4714.4146,4715.605,True,1.2675,1.267275,1.2678,True,192.15,192147.24,-1194.24,-0.62,-2927.0,-1.53,True
2026-05-10T12:43:49.365762+00:00,19094.0,19471.0,190953.0,193880.0,4715.01,4714.4146,4715.605,True,1.2675,1.267275,1.2678,True,192.15,192147.24,-1194.24,-0.62,-2927.0,-1.53,True
2026-05-10T13:48:26.633083+00:00,19094.0,19471.0,190953.0,193880.0,4715.01,4714.4146,4715.605,True,1.2675,1.267275,1.2678,True,192.15,192147.24,-1194.24,-0.62,-2927.0,-1.53,True
2026-05-10T13:57:38.796478+00:00,19094.0,19471.0,190953.0,193880.0,4715.01,4714.4146,4715.605,True,1.2675,1.267275,1.2678,True,192.15,192147.24,-1194.24,-0.62,-2927.0,-1.53,True
2026-05-10T14:12:32.029713+00:00,19094.0,19471.0,190953.0,193880.0,4715.01,4714.4146,4715.605,True,1.2675,1.267275,1.2678,True,192.15,192147.24,-1194.24,-0.62,-2927.0,-1.53,True
2026-05-10T14:38:48.921134+00:00,19094.0,19471.0,190953.0,193880.0,4715.01,4714.4146,4715.605,True,1.2675,1.267275,1.2678,True,192.15,192147.24,-1194.24,-0.62,-2927.0,-1.53,True
2026-05-10T15:02:49.976182+00:00,19094.0,19471.0,190953.0,193880.0,4715.01,4714.4146,4715.605,True,1.2675,1.267275,1.2678,True,192.15,192147.24,-1194.24,-0.62,-2927.0,-1.53,True
2026-05-10T15:16:25.107772+00:00,19094.0,19471.0,190953.0,193880.0,4715.01,4714.4146,4715.605,True,1.2675,1.267275,1.2678,True,192.15,192147.24,-1194.24,-0.62,-2927.0,-1.53,True
2026-05-10T15:39:30.009082+00:00,19094.0,19471.0,190953.0,193880.0,4715.01,4714.4146,4715.605,True,1.2675,1.267275,1.2678,True,192.15,192147.24,-1194.24,-0.62,-2927.0,-1.53,True
2026-05-10T16:01:42.078123+00:00,19094.0,19471.0,190953.0,193880.0,4715.01,4714.4146,4715.605,True,1.2675,1.267275,1.2678,True,192.15,192147.24,-1194.24,-0.62,-2927.0,-1.53,True
2026-05-10T16:12:08.246357+00:00,19094.0,19471.0,190953.0,193880.0,4715.01,4714.4146,4715.605,True,1.2675,1.267275,1.2678,True,192.15,192147.24,-1194.24,-0.62,-2927.0,-1.53,True
2026-05-10T16:33:27.978479+00:00,19094.0,19471.0,190953.0,193880.0,4715.01,4714.4146,4715.605,True,1.2675,1.267275,1.2678,True,192.15,192147.24,-1194.24,-0.62,-2927.0,-1.53,True
2026-05-10T16:37:57.642736+00:00,19094.0,19471.0,190953.0,193880.0,4715.01,4714.4146,4715.605,True,1.2675,1.267275,1.2678,True,192.15,192147.24,-1194.24,-0.62,-2927.0,-1.53,True
2026-05-10T17:05:19.758349+00:00,19094.0,19471.0,190953.0,193880.0,4715.01,4714.4146,4715.605,True,1.2675,1.267275,1.2678,True,192.15,192147.24,-1194.24,-0.62,-2927.0,-1.53,True
2026-05-10T17:15:09.604457+00:00,19094.0,19471.0,190953.0,193880.0,4715.01,4714.4146,4715.605,True,1.2675,1.267275,1.2678,True,192.15,192147.24,-1194.24,-0.62,-2927.0,-1.53,True
2026-05-10T17:35:02.997752+00:00,19094.0,19471.0,190953.0,193880.0,4715.01,4714.4146,4715.605,True,1.2675,1.267275,1.2678,True,192.15,192147.24,-1194.24,-0.62,-2927.0,-1.53,True
2026-05-10T17:39:32.222526+00:00,19094.0,19471.0,190953.0,193880.0,4715.01,4714.4146,4715.605,True,1.2675,1.267275,1.2678,True,192.15,192147.24,-1194.24,-0.62,-2927.0,-1.53,True
2026-05-10T18:00:07.206020+00:00,19094.0,19471.0,190953.0,193880.0,4715.01,4714.4146,4715.605,True,1.2675,1.267275,1.2678,True,192.15,192147.24,-1194.24,-0.62,-2927.0,-1.53,True
2026-05-10T18:08:23.338532+00:00,19094.0,19471.0,190953.0,193880.0,4715.01,4714.4146,4715.605,True,1.2675,1.267275,1.2678,True,192.15,192147.24,-1194.24,-0.62,-2927.0,-1.53,True
2026-05-10T18:38:25.116271+00:00,19094.0,19471.0,190953.0,193880.0,4715.01,4714.4146,4715.605,True,1.2675,1.267275,1.2678,True,192.15,192147.24,-1194.24,-0.62,-2927.0,-1.53,True
2026-05-10T18:41:04.697732+00:00,19094.0,19471.0,190953.0,193880.0,4715.01,4714.4146,4715.605,True,1.2675,1.267275,1.2678,True,192.15,192147.24,-1194.24,-0.62,-2927.0,-1.53,True
2026-05-10T19:17:43.065339+00:00,19094.0,19471.0,190953.0,193880.0,4715.01,4714.4146,4715.605,True,1.2675,1.267275,1.2678,True,192.15,192147.24,-1194.24,-0.62,-2927.0,-1.53,True
2026-05-10T19:36:05.744583+00:00,19094.0,19471.0,190953.0,193880.0,4715.01,4714.4146,4715.605,True,1.2675,1.267275,1.2678,True,192.15,192147.24,-1194.24,-0.62,-2927.0,-1.53,True
2026-05-10T19:48:41.523840+00:00,19094.0,19471.0,190953.0,193880.0,4715.01,4714.4146,4715.605,True,1.2675,1.267275,1.2678,True,192.15,192147.24,-1194.24,-0.62,-2927.0,-1.53,True
2026-05-10T20:25:28.983919+00:00,19094.0,19471.0,190953.0,193880.0,4715.01,4714.4146,4715.605,True,1.2675,1.267275,1.2678,True,192.15,192147.24,-1194.24,-0.62,-2927.0,-1.53,True
2026-05-10T20:34:03.043893+00:00,19094.0,19471.0,190953.0,193880.0,4715.01,4714.4146,4715.605,True,1.2675,1.267275,1.2678,True,192.15,192147.24,-1194.24,-0.62,-2927.0,-1.53,True
2026-05-10T20:59:20.900675+00:00,19094.0,19471.0,190953.0,193880.0,4715.01,4714.4146,4715.605,True,1.2675,1.267275,1.2678,True,192.15,192147.24,-1194.24,-0.62,-2927.0,-1.53,True
2026-05-10T21:08:43.187393+00:00,19094.0,19471.0,190953.0,193880.0,4715.01,4714.4146,4715.605,True,1.2675,1.267275,1.2678,True,192.15,192147.24,-1194.24,-0.62,-2927.0,-1.53,True
2026-05-10T21:30:57.845206+00:00,19094.0,19471.0,190953.0,193880.0,4715.01,4714.4146,4715.605,True,1.2675,1.267275,1.2678,True,192.15,192147.24,-1194.24,-0.62,-2927.0,-1.53,True
2026-05-10T21:35:32.520179+00:00,19094.0,19471.0,190953.0,193880.0,4715.01,4714.4146,4715.605,True,1.2675,1.267275,1.2678,True,192.15,192147.24,-1194.24,-0.62,-2927.0,-1.53,True
2026-05-10T21:56:35.689486+00:00,19094.0,19471.0,190953.0,193880.0,4715.01,4714.4146,4715.605,True,1.2675,1.267275,1.2678,True,192.15,192147.24,-1194.24,-0.62,-2927.0,-1.53,True
2026-05-10T22:06:54.327588+00:00,19094.0,19471.0,190953.0,193880.0,4680.91,4681.19,4680.63,True,1.2675,1.267275,1.2678,True,190.76,190757.6,195.4,0.1,-2927.0,-1.53,False
2026-05-10T22:28:10.466966+00:00,19094.0,19471.0,190953.0,193880.0,4692.97,4692.34,4693.6,True,1.2675,1.267275,1.2678,True,191.25,191249.07,-296.07,-0.15,-2927.0,-1.53,False
2026-05-10T22:32:19.660155+00:00,19094.0,19471.0,190953.0,193880.0,4689.34,4688.63,4690.045,True,1.2675,1.267275,1.2678,True,191.1,191101.04,-148.04,-0.08,-2927.0,-1.53,False
2026-05-10T22:58:10.125123+00:00,19094.0,19471.0,190953.0,193880.0,4693.58,4693.18,4693.985,True,1.2675,1.267275,1.2678,True,191.27,191274.03,-321.03,-0.17,-2927.0,-1.53,False
2026-05-10T23:11:25.796230+00:00,19094.0,19471.0,190953.0,193880.0,4691.99,4691.69,4692.29,True,1.2675,1.267275,1.2678,True,191.21,191209.13,-256.13,-0.13,-2927.0,-1.53,False
2026-05-10T23:33:29.601182+00:00,19094.0,19471.0,190953.0,193880.0,4696.95,4696.71,4697.19,True,1.2675,1.267275,1.2678,True,191.41,191411.26,-458.26,-0.24,-2927.0,-1.53,False
2026-05-10T23:37:32.832763+00:00,19094.0,19471.0,190953.0,193880.0,4697.68,4697.45,4697.92,True,1.2675,1.267275,1.2678,True,191.44,191441.22,-488.22,-0.26,-2927.0,-1.53,False
2026-05-11T00:00:35.864704+00:00,19094.0,19471.0,190953.0,193880.0,4688.49,4690.59,4686.39,True,1.2675,1.267275,1.2678,True,191.07,191066.5,-113.5,-0.06,-2927.0,-1.53,False
2026-05-11T00:10:49.208409+00:00,19094.0,19471.0,190953.0,193880.0,4684.94,4684.76,4685.115,True,1.2675,1.267275,1.2678,True,190.92,190921.73,31.27,0.02,-2927.0,-1.53,False
2026-05-11T01:29:39.659976+00:00,19094.0,19471.0,190953.0,193880.0,4700.1,4699.89,4700.315,True,1.2676,1.267417,1.2678,True,191.55,191550.46,-597.46,-0.31,-2927.0,-1.53,False
2026-05-11T01:31:34.357906+00:00,19094.0,19471.0,190953.0,193880.0,4695.77,4695.29,4696.255,True,1.2676,1.267417,1.2678,True,191.37,191374.0,-421.0,-0.22,-2927.0,-1.53,False
2026-05-11T04:16:07.537184+00:00,18957.0,19333.0,189578.0,192507.0,4678.34,4678.05,4678.635,True,1.2676,1.267417,1.2678,True,190.66,190663.65,-1085.65,-0.57,-2929.0,-1.55,False
2026-05-11T04:39:09.176159+00:00,18920.0,19297.0,189215.0,192144.0,4673.87,4673.3,4674.445,True,1.2676,1.267417,1.2678,True,190.48,190481.47,-1266.47,-0.66,-2929.0,-1.55,False
2026-05-11T05:42:47.029250+00:00,18949.0,19326.0,189501.0,192429.0,4671.34,4672.29,4670.395,True,1.2676,1.267417,1.2678,True,190.38,190378.36,-877.36,-0.46,-2928.0,-1.55,False
2026-05-11T05:45:18.541578+00:00,18949.0,19326.0,189501.0,192429.0,4662.12,4662.1,4662.15,True,1.2676,1.267417,1.2678,True,190.0,190002.71,-501.71,-0.26,-2928.0,-1.55,False
2026-05-11T08:30:55.191525+00:00,18941.0,19317.0,189419.0,192348.0,4671.73,4671.99,4671.465,True,1.2676,1.267417,1.2678,True,190.39,190394.05,-975.05,-0.51,-2929.0,-1.55,False
2026-05-11T08:38:47.603144+00:00,18941.0,19317.0,189419.0,192348.0,4672.35,4672.15,4672.545,True,1.2676,1.267417,1.2678,True,190.42,190419.32,-1000.32,-0.53,-2929.0,-1.55,False
2026-05-11T08:50:04.090578+00:00,18941.0,19317.0,189419.0,192348.0,4670.22,4670.06,4670.38,True,1.2676,1.267417,1.2678,True,190.33,190332.62,-913.62,-0.48,-2929.0,-1.55,False
2026-05-11T10:09:07.284669+00:00,18867.0,19243.0,188678.0,191606.0,4659.93,4659.65,4660.21,True,1.2676,1.267417,1.2678,True,189.91,189913.25,-1235.25,-0.65,-2928.0,-1.55,False
2026-05-11T11:52:38.322874+00:00,18928.0,19305.0,189290.0,192219.0,4672.96,4673.77,4672.155,True,1.2676,1.267417,1.2678,True,190.44,190444.39,-1154.39,-0.61,-2929.0,-1.55,False
2026-05-11T12:19:30.889791+00:00,18928.0,19305.0,189290.0,192219.0,4673.65,4673.87,4673.43,True,1.2676,1.267417,1.2678,True,190.47,190472.41,-1182.41,-0.62,-2929.0,-1.55,False
2026-05-11T12:24:53.676999+00:00,18928.0,19305.0,189290.0,192219.0,4693.54,4693.69,4693.39,True,1.2676,1.267417,1.2678,True,191.28,191283.01,-1993.01,-1.04,-2929.0,-1.55,False
2026-05-11T13:32:37.320164+00:00,19145.0,19522.0,191458.0,194390.0,4734.8,4734.08,4735.525,True,1.2676,1.267417,1.2678,True,192.96,192964.65,-1506.65,-0.78,-2932.0,-1.53,False
2026-05-11T15:50:43.518759+00:00,19125.0,19502.0,191261.0,194191.0,4728.43,4727.88,4728.985,True,1.2686,1.267417,1.2697,True,192.85,192849.46,-1588.46,-0.82,-2930.0,-1.53,False
2026-05-11T16:09:33.026411+00:00,19125.0,19502.0,191261.0,194191.0,4730.72,4730.79,4730.64,True,1.2686,1.267417,1.2697,True,192.94,192942.55,-1681.55,-0.87,-2930.0,-1.53,False
2026-05-11T16:12:48.242128+00:00,19125.0,19502.0,191261.0,194191.0,4728.99,4728.66,4729.33,True,1.2686,1.267417,1.2697,True,192.87,192872.4,-1611.4,-0.84,-2930.0,-1.53,False
2026-05-11T16:18:41.158896+00:00,19125.0,19502.0,191261.0,194191.0,4724.86,4724.2,4725.52,True,1.2686,1.267417,1.2697,True,192.7,192703.76,-1442.76,-0.75,-2930.0,-1.53,False
2026-05-11T17:48:13.916489+00:00,19125.0,19502.0,191261.0,194191.0,4723.51,4723.24,4723.77,True,1.2686,1.267417,1.2697,True,192.65,192648.49,-1387.49,-0.72,-2930.0,-1.53,False
2026-05-11T18:08:05.052439+00:00,19125.0,19502.0,191261.0,194191.0,4726.23,4725.57,4726.885,True,1.2686,1.267417,1.2697,True,192.76,192759.53,-1498.53,-0.78,-2930.0,-1.53,False
2026-05-11T18:21:49.784525+00:00,19125.0,19502.0,191261.0,194191.0,4722.86,4722.71,4723.01,True,1.2686,1.267417,1.2697,True,192.62,192622.19,-1361.19,-0.71,-2930.0,-1.53,False
2026-05-11T19:03:58.245477+00:00,19125.0,19502.0,191261.0,194191.0,4724.77,4724.68,4724.85,True,1.2686,1.267417,1.2697,True,192.7,192699.88,-1438.88,-0.75,-2930.0,-1.53,False
2026-05-11T19:21:44.397399+00:00,19125.0,19502.0,191261.0,194191.0,4724.45,4724.22,4724.68,True,1.2686,1.267417,1.2697,True,192.69,192687.04,-1426.04,-0.74,-2930.0,-1.53,False
2026-05-11T20:06:21.820572+00:00,19125.0,19502.0,191261.0,194191.0,4736.04,4735.91,4736.17,True,1.2686,1.267417,1.2697,True,193.16,193159.73,-1898.73,-0.98,-2930.0,-1.53,False
2026-05-11T20:22:39.480757+00:00,19125.0,19502.0,191261.0,194191.0,4734.47,4734.22,4734.72,True,1.2686,1.267417,1.2697,True,193.1,193095.7,-1834.7,-0.95,-2930.0,-1.53,False
2026-05-11T20:50:49.796485+00:00,19125.0,19502.0,191261.0,194191.0,4735.45,4734.39,4736.505,True,1.2686,1.267417,1.2697,True,193.14,193135.57,-1874.57,-0.97,-2930.0,-1.53,False
2026-05-11T21:05:59.195896+00:00,19125.0,19502.0,191261.0,194191.0,4734.84,4734.0894,4735.585,True,1.2686,1.267417,1.2697,True,193.11,193110.68,-1849.68,-0.96,-2930.0,-1.53,False
2026-05-11T21:44:14.235653+00:00,19125.0,19502.0,191261.0,194191.0,4734.84,4734.0894,4735.585,True,1.2686,1.267417,1.2697,True,193.11,193110.68,-1849.68,-0.96,-2930.0,-1.53,False
2026-05-11T21:52:52.721879+00:00,19125.0,19502.0,191261.0,194191.0,4734.84,4734.0894,4735.585,True,1.2686,1.267417,1.2697,True,193.11,193110.68,-1849.68,-0.96,-2930.0,-1.53,True
2026-05-11T22:15:04.958940+00:00,19125.0,19502.0,191261.0,194191.0,4739.26,4737.83,4740.685,True,1.2686,1.267417,1.2697,True,193.29,193290.96,-2029.96,-1.05,-2930.0,-1.53,False
2026-05-11T22:42:29.119976+00:00,19125.0,19502.0,191261.0,194191.0,4742.38,4741.8813,4742.88,True,1.2686,1.267417,1.2697,True,193.42,193418.34,-2157.34,-1.12,-2930.0,-1.53,False
2026-05-11T23:14:14.474744+00:00,19125.0,19502.0,191261.0,194191.0,4748.86,4748.2524,4749.47,True,1.2686,1.267417,1.2697,True,193.68,193682.65,-2421.65,-1.25,-2930.0,-1.53,False
2026-05-11T23:36:50.741921+00:00,19125.0,19502.0,191261.0,194191.0,4756.12,4755.79,4756.46,True,1.2686,1.267417,1.2697,True,193.98,193978.9,-2717.9,-1.4,-2930.0,-1.53,False
2026-05-11T23:43:40.209814+00:00,19125.0,19502.0,191261.0,194191.0,4756.43,4756.39,4756.48,True,1.2686,1.267417,1.2697,True,193.99,193991.55,-2730.55,-1.41,-2930.0,-1.53,False
2026-05-12T00:05:19.699616+00:00,19125.0,19502.0,191261.0,194191.0,4763.46,4763.09,4763.83,True,1.2686,1.267417,1.2697,True,194.28,194278.06,-3017.06,-1.55,-2930.0,-1.53,False
2026-05-12T00:12:50.586879+00:00,19317.0,19694.0,193176.0,196110.0,4767.17,4767.24,4767.095,True,1.2693,1.268967,1.2697,True,194.55,194548.05,-1372.05,-0.71,-2934.0,-1.52,False
2026-05-12T01:23:58.051607+00:00,19254.0,19631.0,192554.0,195488.0,4744.68,4744.71,4744.66,True,1.2693,1.268967,1.2697,True,193.63,193630.54,-1076.54,-0.56,-2934.0,-1.52,False
2026-05-12T01:26:56.097287+00:00,19254.0,19631.0,192554.0,195488.0,4737.9,4737.26,4738.54,True,1.2693,1.268967,1.2697,True,193.35,193353.65,-799.65,-0.41,-2934.0,-1.52,False
2026-05-12T04:01:11.367299+00:00,19152.0,19529.0,191532.0,194466.0,4719.99,4719.62,4720.355,True,1.2693,1.268967,1.2697,True,192.62,192622.64,-1090.64,-0.57,-2934.0,-1.53,False
2026-05-12T04:08:44.963477+00:00,19152.0,19529.0,191532.0,194466.0,4721.25,4720.6318,4721.865,True,1.2693,1.268967,1.2697,True,192.67,192674.1,-1142.1,-0.59,-2934.0,-1.53,False
2026-05-12T05:08:53.549783+00:00,19144.0,19521.0,191450.0,194384.0,4713.46,4713.34,4713.575,True,1.2693,1.268967,1.2697,True,192.36,192356.15,-906.15,-0.47,-2934.0,-1.53,False
2026-05-12T05:26:25.402428+00:00,19118.0,19496.0,191195.0,194129.0,4713.68,4713.29,4714.07,True,1.2693,1.268967,1.2697,True,192.37,192365.23,-1170.23,-0.61,-2934.0,-1.53,False
2026-05-12T06:43:26.445281+00:00,19090.0,19467.0,190913.0,193847.0,4699.1,4699.88,4698.325,True,1.2693,1.268967,1.2697,True,191.77,191770.32,-857.32,-0.45,-2934.0,-1.54,False
2026-05-12T07:18:53.593708+00:00,19088.0,19465.0,190889.0,193825.0,4697.48,4697.22,4697.735,True,1.2693,1.268967,1.2697,True,191.7,191704.01,-815.01,-0.43,-2936.0,-1.54,False
2026-05-12T08:12:15.441161+00:00,19088.0,19465.0,190889.0,193825.0,4699.81,4699.55,4700.06,True,1.2693,1.268967,1.2697,True,191.8,191798.99,-909.99,-0.47,-2936.0,-1.54,False
2026-05-12T08:15:06.921426+00:00,19088.0,19465.0,190889.0,193825.0,4700.42,4700.91,4699.935,True,1.2693,1.268967,1.2697,True,191.82,191824.19,-935.19,-0.49,-2936.0,-1.54,False
2026-05-12T09:47:30.392942+00:00,19116.0,19494.0,191169.0,194106.0,4695.72,4695.29,4696.15,True,1.2693,1.268967,1.2697,True,191.63,191632.28,-463.28,-0.24,-2937.0,-1.54,False
2026-05-12T10:01:48.537037+00:00,19116.0,19494.0,191169.0,194106.0,4703.24,4703.0,4703.475,True,1.2693,1.268967,1.2697,True,191.94,191939.07,-770.07,-0.4,-2937.0,-1.54,False
2026-05-12T11:02:08.488151+00:00,19054.0,19432.0,190555.0,193492.0,4690.33,4689.72,4690.945,True,1.2693,1.268967,1.2697,True,191.41,191412.42,-857.42,-0.45,-2937.0,-1.54,False
2026-05-12T11:07:24.218067+00:00,19054.0,19432.0,190555.0,193492.0,4692.34,4692.64,4692.045,True,1.2693,1.268967,1.2697,True,191.49,191494.45,-939.45,-0.49,-2937.0,-1.54,False
2026-05-12T12:04:10.607308+00:00,19097.0,19475.0,190982.0,193918.0,4704.59,4704.5,4704.675,True,1.2693,1.268967,1.2697,True,191.99,191994.17,-1012.17,-0.53,-2936.0,-1.54,False
2026-05-12T12:20:51.564809+00:00,19097.0,19475.0,190982.0,193918.0,4707.0,4707.27,4706.73,True,1.2693,1.268967,1.2697,True,192.09,192092.62,-1110.62,-0.58,-2936.0,-1.54,False
2026-05-12T13:25:49.831743+00:00,19084.0,19462.0,190852.0,193789.0,4692.24,4692.09,4692.39,True,1.2693,1.268967,1.2697,True,191.49,191490.26,-638.26,-0.33,-2937.0,-1.54,False
2026-05-12T13:27:33.293664+00:00,19084.0,19462.0,190852.0,193789.0,4694.05,4693.72,4694.38,True,1.2693,1.268967,1.2697,True,191.56,191564.13,-712.13,-0.37,-2937.0,-1.54,False
2026-05-12T14:45:03.464533+00:00,19042.0,19420.0,190433.0,193369.0,4685.73,4685.39,4686.075,True,1.2707,1.268967,1.2725,True,191.44,191435.6,-1002.6,-0.52,-2936.0,-1.54,False
2026-05-12T15:13:31.086787+00:00,19042.0,19420.0,190433.0,193369.0,4666.36,4666.22,4666.505,True,1.2707,1.268967,1.2725,True,190.64,190644.24,-211.24,-0.11,-2936.0,-1.54,False
2026-05-12T16:06:09.767211+00:00,19042.0,19420.0,190433.0,193369.0,4670.41,4670.34,4670.49,True,1.2707,1.268967,1.2725,True,190.81,190809.81,-376.81,-0.2,-2936.0,-1.54,False
2026-05-12T16:09:55.416137+00:00,19042.0,19420.0,190433.0,193369.0,4668.99,4668.39,4669.585,True,1.2707,1.268967,1.2725,True,190.75,190751.49,-318.49,-0.17,-2936.0,-1.54,False
2026-05-12T17:19:49.857162+00:00,19042.0,19420.0,190433.0,193369.0,4678.89,4678.64,4679.135,True,1.2707,1.268967,1.2725,True,191.16,191155.95,-722.95,-0.38,-2936.0,-1.54,False
2026-05-12T17:25:43.644148+00:00,19042.0,19420.0,190433.0,193369.0,4681.34,4681.01,4681.675,True,1.2707,1.268967,1.2725,True,191.26,191256.25,-823.25,-0.43,-2936.0,-1.54,False
2026-05-12T18:24:40.829494+00:00,19042.0,19420.0,190433.0,193369.0,4683.14,4682.97,4683.3,True,1.2707,1.268967,1.2725,True,191.33,191329.48,-896.48,-0.47,-2936.0,-1.54,False
2026-05-12T18:27:37.650546+00:00,19042.0,19420.0,190433.0,193369.0,4686.56,4686.06,4687.06,True,1.2707,1.268967,1.2725,True,191.47,191469.41,-1036.41,-0.54,-2936.0,-1.54,False
2026-05-12T20:04:43.926036+00:00,19042.0,19420.0,190433.0,193369.0,4713.26,4712.89,4713.62,True,1.2707,1.268967,1.2725,True,192.56,192560.03,-2127.03,-1.1,-2936.0,-1.54,False
2026-05-12T20:11:31.678144+00:00,19042.0,19420.0,190433.0,193369.0,4712.85,4712.22,4713.48,True,1.2707,1.268967,1.2725,True,192.54,192543.49,-2110.49,-1.1,-2936.0,-1.54,False
2026-05-12T20:18:45.722629+00:00,19042.0,19420.0,190433.0,193369.0,4715.69,4715.39,4716.0,True,1.2707,1.268967,1.2725,True,192.66,192659.72,-2226.72,-1.16,-2936.0,-1.54,False
2026-05-12T20:21:23.321923+00:00,19042.0,19420.0,190433.0,193369.0,4712.69,4712.4,4712.99,True,1.2707,1.268967,1.2725,True,192.54,192537.16,-2104.16,-1.09,-2936.0,-1.54,False
2026-05-12T21:36:48.942625+00:00,19042.0,19420.0,190433.0,193369.0,4714.52,4713.6509,4715.395,True,1.2707,1.268967,1.2725,True,192.61,192611.84,-2178.84,-1.13,-2936.0,-1.54,False
2026-05-12T21:42:34.618139+00:00,19042.0,19420.0,190433.0,193369.0,4714.52,4713.6509,4715.395,True,1.2707,1.268967,1.2725,True,192.61,192611.84,-2178.84,-1.13,-2936.0,-1.54,False
2026-05-12T21:53:35.636795+00:00,19042.0,19420.0,190433.0,193369.0,4714.52,4713.6509,4715.395,True,1.2707,1.268967,1.2725,True,192.61,192611.84,-2178.84,-1.13,-2936.0,-1.54,True
2026-05-12T21:58:05.613654+00:00,19042.0,19420.0,190433.0,193369.0,4714.52,4713.6509,4715.395,True,1.2707,1.268967,1.2725,True,192.61,192611.84,-2178.84,-1.13,-2936.0,-1.54,True
2026-05-12T23:10:51.741121+00:00,19042.0,19420.0,190433.0,193369.0,4720.35,4719.99,4720.71,True,1.2707,1.268967,1.2725,True,192.85,192849.9,-2416.9,-1.25,-2936.0,-1.54,False
2026-05-12T23:31:18.536623+00:00,19042.0,19420.0,190433.0,193369.0,4719.51,4718.958,4720.055,True,1.2707,1.268967,1.2725,True,192.82,192815.44,-2382.44,-1.24,-2936.0,-1.54,False
2026-05-12T23:39:58.919840+00:00,19042.0,19420.0,190433.0,193369.0,4721.2,4720.75,4721.645,True,1.2707,1.268967,1.2725,True,192.88,192884.53,-2451.53,-1.27,-2936.0,-1.54,False
2026-05-12T23:46:08.875988+00:00,19042.0,19420.0,190433.0,193369.0,4721.95,4721.18,4722.73,True,1.2707,1.268967,1.2725,True,192.92,192915.47,-2482.47,-1.29,-2936.0,-1.54,False
2026-05-13T01:45:53.701579+00:00,19105.0,19482.0,191059.0,193995.0,4708.99,4708.69,4709.295,True,1.2723,1.272102,1.2725,True,192.62,192623.21,-1564.21,-0.81,-2936.0,-1.54,False
2026-05-13T04:07:34.705160+00:00,19104.0,19481.0,191049.0,193984.0,4696.8,4696.39,4697.21,True,1.2723,1.272102,1.2725,True,192.12,192124.47,-1075.47,-0.56,-2935.0,-1.54,False
2026-05-13T04:15:28.898380+00:00,19104.0,19481.0,191049.0,193984.0,4698.17,4697.86,4698.485,True,1.2723,1.272102,1.2725,True,192.18,192180.61,-1131.61,-0.59,-2935.0,-1.54,False
2026-05-13T04:33:08.970032+00:00,19104.0,19481.0,191049.0,193984.0,4702.03,4701.55,4702.505,True,1.2723,1.272102,1.2725,True,192.34,192338.3,-1289.3,-0.67,-2935.0,-1.54,False
2026-05-13T05:36:47.544669+00:00,19104.0,19481.0,191049.0,193984.0,4701.66,4701.58,4701.745,True,1.2723,1.272102,1.2725,True,192.32,192323.37,-1274.37,-0.66,-2935.0,-1.54,False
2026-05-13T07:30:16.760201+00:00,19104.0,19481.0,191049.0,193984.0,4707.71,4707.57,4707.85,True,1.2723,1.272102,1.2725,True,192.57,192570.74,-1521.74,-0.79,-2935.0,-1.54,False
2026-05-13T07:40:28.026449+00:00,19104.0,19481.0,191049.0,193984.0,4703.21,4702.99,4703.435,True,1.2723,1.272102,1.2725,True,192.39,192386.77,-1337.77,-0.7,-2935.0,-1.54,False
2026-05-13T07:56:39.309955+00:00,19104.0,19481.0,191049.0,193984.0,4702.62,4702.39,4702.85,True,1.2723,1.272102,1.2725,True,192.36,192362.54,-1313.54,-0.68,-2935.0,-1.54,False
2026-05-13T08:26:48.635374+00:00,19104.0,19481.0,191049.0,193984.0,4696.76,4697.56,4695.95,True,1.2723,1.272102,1.2725,True,192.12,192122.63,-1073.63,-0.56,-2935.0,-1.54,False
2026-05-13T10:38:46.490808+00:00,19075.0,19453.0,190760.0,193697.0,4696.03,4696.16,4695.9,True,1.2723,1.272102,1.2725,True,192.09,192092.97,-1332.97,-0.69,-2937.0,-1.54,False
2026-05-13T10:45:38.810981+00:00,19075.0,19453.0,190760.0,193697.0,4694.31,4694.09,4694.525,True,1.2723,1.272102,1.2725,True,192.02,192022.51,-1262.51,-0.66,-2937.0,-1.54,False
2026-05-13T11:14:00.560687+00:00,19075.0,19453.0,190760.0,193697.0,4696.11,4695.77,4696.455,True,1.2723,1.272102,1.2725,True,192.1,192096.34,-1336.34,-0.7,-2937.0,-1.54,False
2026-05-13T11:17:27.331335+00:00,19075.0,19453.0,190760.0,193697.0,4699.76,4699.59,4699.94,True,1.2723,1.272102,1.2725,True,192.25,192245.75,-1485.75,-0.77,-2937.0,-1.54,False
2026-05-13T13:23:51.858949+00:00,19034.0,19412.0,190351.0,193287.0,4693.14,4692.72,4693.56,True,1.2723,1.272102,1.2725,True,191.97,191974.75,-1623.75,-0.85,-2936.0,-1.54,False
2026-05-13T13:31:53.767566+00:00,19034.0,19412.0,190351.0,193287.0,4686.63,4686.94,4686.325,True,1.2723,1.272102,1.2725,True,191.71,191708.56,-1357.56,-0.71,-2936.0,-1.54,False
2026-05-13T13:38:42.071811+00:00,19059.0,19437.0,190600.0,193538.0,4674.59,4674.31,4674.86,True,1.2723,1.272102,1.2725,True,191.22,191215.75,-615.75,-0.32,-2938.0,-1.54,False
2026-05-13T13:55:09.867086+00:00,18998.0,19375.0,189987.0,192923.0,4682.07,4681.88,4682.26,True,1.2723,1.272102,1.2725,True,191.52,191521.93,-1534.93,-0.8,-2936.0,-1.55,False
2026-05-13T16:28:25.455295+00:00,19030.0,19407.0,190310.0,193246.0,4708.21,4708.39,4708.035,True,1.2722,1.272102,1.2722,True,192.57,192568.59,-2258.59,-1.17,-2936.0,-1.54,False
2026-05-13T16:35:08.139181+00:00,19030.0,19407.0,190310.0,193246.0,4703.6,4702.68,4704.52,True,1.2722,1.272102,1.2722,True,192.38,192379.94,-2069.94,-1.08,-2936.0,-1.54,False
2026-05-13T17:01:26.254797+00:00,19030.0,19407.0,190310.0,193246.0,4697.12,4696.14,4698.105,True,1.2722,1.272102,1.2722,True,192.12,192115.01,-1805.01,-0.94,-2936.0,-1.54,False
2026-05-13T17:04:45.135480+00:00,19030.0,19407.0,190310.0,193246.0,4698.23,4698.78,4697.685,True,1.2722,1.272102,1.2722,True,192.16,192160.41,-1850.41,-0.96,-2936.0,-1.54,False
2026-05-13T19:02:37.010130+00:00,19030.0,19407.0,190310.0,193246.0,4685.26,4685.24,4685.285,True,1.2722,1.272102,1.2722,True,191.63,191629.93,-1319.93,-0.69,-2936.0,-1.54,False
2026-05-13T19:11:08.274594+00:00,19030.0,19407.0,190310.0,193246.0,4686.26,4685.99,4686.52,True,1.2722,1.272102,1.2722,True,191.67,191670.52,-1360.52,-0.71,-2936.0,-1.54,False
2026-05-13T19:23:01.419623+00:00,19030.0,19407.0,190310.0,193246.0,4688.94,4688.02,4689.87,True,1.2722,1.272102,1.2722,True,191.78,191780.54,-1470.54,-0.77,-2936.0,-1.54,False
2026-05-13T19:26:04.024780+00:00,19030.0,19407.0,190310.0,193246.0,4687.79,4687.45,4688.125,True,1.2722,1.272102,1.2722,True,191.73,191733.2,-1423.2,-0.74,-2936.0,-1.54,False
2026-05-13T20:50:14.745642+00:00,19030.0,19407.0,190310.0,193246.0,4688.78,4688.27,4689.285,True,1.2722,1.272102,1.2722,True,191.77,191773.69,-1463.69,-0.76,-2936.0,-1.54,False
2026-05-13T20:57:36.545046+00:00,19030.0,19407.0,190310.0,193246.0,4688.77,No Data,4688.765,False,1.2722,1.272102,1.2722,True,191.77,191773.18,-1463.18,-0.76,-2936.0,-1.54,False
2026-05-13T21:10:36.531501+00:00,19030.0,19407.0,190310.0,193246.0,4688.3,4687.4326,4689.17,True,1.2722,1.272102,1.2722,True,191.75,191754.21,-1444.21,-0.75,-2936.0,-1.54,False
2026-05-13T21:13:14.877114+00:00,19030.0,19407.0,190310.0,193246.0,4689.17,No Data,4689.17,False,1.2722,1.272102,1.2722,True,191.79,191789.74,-1479.74,-0.77,-2936.0,-1.54,False
2026-05-13T22:20:57.039007+00:00,19030.0,19407.0,190310.0,193246.0,4694.36,4693.5,4695.225,True,1.2722,1.272102,1.2722,True,192.0,192002.12,-1692.12,-0.88,-2936.0,-1.54,False
2026-05-13T22:40:06.569285+00:00,19030.0,19407.0,190310.0,193246.0,4698.01,4697.27,4698.745,True,1.2722,1.272102,1.2722,True,192.15,192151.2,-1841.2,-0.96,-2936.0,-1.54,False
2026-05-13T22:48:40.897267+00:00,19030.0,19407.0,190310.0,193246.0,4697.17,4696.95,4697.395,True,1.2722,1.272102,1.2722,True,192.12,192117.05,-1807.05,-0.94,-2936.0,-1.54,False
2026-05-13T22:53:04.466182+00:00,19030.0,19407.0,190310.0,193246.0,4699.69,4698.78,4700.605,True,1.2722,1.272102,1.2722,True,192.22,192220.12,-1910.12,-0.99,-2936.0,-1.54,False
2026-05-14T00:11:13.339193+00:00,19064.0,19442.0,190655.0,193590.0,4694.7,4694.43,4694.97,True,1.2722,1.272102,1.2722,True,192.02,192015.92,-1360.92,-0.71,-2935.0,-1.54,False
2026-05-14T00:17:43.043455+00:00,19064.0,19442.0,190655.0,193590.0,4705.06,4705.15,4704.965,True,1.2723,1.2725,1.2722,True,192.47,192469.65,-1814.65,-0.94,-2935.0,-1.54,False
2026-05-14T01:30:32.529070+00:00,19064.0,19442.0,190655.0,193590.0,4694.32,4694.19,4694.45,True,1.2723,1.2725,1.2722,True,192.03,192030.42,-1375.42,-0.72,-2935.0,-1.54,False
2026-05-14T01:48:39.275197+00:00,19064.0,19442.0,190655.0,193590.0,4694.11,4693.59,4694.625,True,1.2723,1.2725,1.2722,True,192.02,192021.72,-1366.72,-0.71,-2935.0,-1.54,False
2026-05-14T04:15:40.355396+00:00,18985.0,19362.0,189860.0,192796.0,4682.31,4682.0,4682.61,True,1.2723,1.2725,1.2722,True,191.54,191538.92,-1678.92,-0.88,-2936.0,-1.55,False
2026-05-14T04:53:29.292726+00:00,19128.0,19506.0,191291.0,194229.0,4704.14,4704.11,4704.17,True,1.2723,1.2725,1.2722,True,192.43,192432.12,-1141.12,-0.59,-2938.0,-1.54,False
2026-05-14T05:31:27.788018+00:00,19095.0,19473.0,190960.0,193897.0,4699.52,No Data,4699.525,False,1.2723,1.2725,1.2722,True,192.24,192243.34,-1283.34,-0.67,-2937.0,-1.54,False
2026-05-14T05:36:07.069441+00:00,19078.0,19456.0,190790.0,193727.0,4698.62,4698.38,4698.855,True,1.2723,1.2725,1.2722,True,192.21,192206.21,-1416.21,-0.74,-2937.0,-1.54,False
2026-05-14T07:24:43.115637+00:00,19081.0,19459.0,190822.0,193759.0,4699.32,4698.49,4700.16,True,1.2723,1.2725,1.2722,True,192.24,192235.16,-1413.16,-0.74,-2937.0,-1.54,False
2026-05-14T07:49:39.891593+00:00,19141.0,19519.0,191425.0,194363.0,4704.27,4703.89,4704.66,True,1.2723,1.2725,1.2722,True,192.44,192437.65,-1012.65,-0.53,-2938.0,-1.53,False
2026-05-14T08:14:28.350288+00:00,19084.0,19462.0,190852.0,193789.0,4698.32,4698.39,4698.25,True,1.2723,1.2725,1.2722,True,192.19,192194.04,-1342.04,-0.7,-2937.0,-1.54,False
2026-05-14T08:20:03.817845+00:00,19082.0,19460.0,190835.0,193773.0,4700.0,4700.09,4699.91,True,1.2723,1.2725,1.2722,True,192.26,192262.77,-1427.77,-0.74,-2938.0,-1.54,False
2026-05-14T10:28:50.309847+00:00,19082.0,19460.0,190835.0,193773.0,4696.18,4695.68,4696.69,True,1.2723,1.2725,1.2722,True,192.11,192106.71,-1271.71,-0.66,-2938.0,-1.54,False
2026-05-14T10:36:16.287839+00:00,19082.0,19460.0,190835.0,193773.0,4696.5,4695.97,4697.03,True,1.2723,1.2725,1.2722,True,192.12,192119.59,-1284.59,-0.67,-2938.0,-1.54,False
2026-05-14T11:01:40.931187+00:00,19082.0,19460.0,190835.0,193773.0,4695.32,4694.74,4695.895,True,1.2723,1.2725,1.2722,True,192.07,192071.22,-1236.22,-0.64,-2938.0,-1.54,False
2026-05-14T11:05:19.221658+00:00,19082.0,19460.0,190835.0,193773.0,4694.49,4694.69,4694.3,True,1.2723,1.2725,1.2722,True,192.04,192037.57,-1202.57,-0.63,-2938.0,-1.54,False
2026-05-14T12:59:15.331464+00:00,19107.0,19485.0,191084.0,194023.0,4705.01,4704.79,4705.235,True,1.2723,1.2725,1.2722,True,192.47,192467.81,-1383.81,-0.72,-2939.0,-1.54,False
2026-05-14T13:06:45.532496+00:00,19107.0,19485.0,191084.0,194023.0,4700.14,4700.49,4699.795,True,1.2723,1.2725,1.2722,True,192.27,192268.6,-1184.6,-0.62,-2939.0,-1.54,False
2026-05-14T13:18:48.284163+00:00,19107.0,19485.0,191084.0,194023.0,4699.64,4699.73,4699.55,True,1.2723,1.2725,1.2722,True,192.25,192248.04,-1164.04,-0.61,-2939.0,-1.54,False
2026-05-14T13:20:35.537815+00:00,19107.0,19485.0,191084.0,194023.0,4692.89,4692.62,4693.155,True,1.2723,1.2725,1.2722,True,191.97,191971.82,-887.82,-0.46,-2939.0,-1.54,False
2026-05-14T15:26:00.351880+00:00,19074.0,19452.0,190750.0,193689.0,4686.01,4685.27,4686.74,True,1.273,1.2725,1.2734,True,191.78,191780.67,-1030.67,-0.54,-2939.0,-1.54,False
2026-05-14T15:36:24.521472+00:00,19074.0,19452.0,190750.0,193689.0,4687.97,4687.58,4688.365,True,1.273,1.2725,1.2734,True,191.86,191861.19,-1111.19,-0.58,-2939.0,-1.54,False
2026-05-14T15:58:30.907788+00:00,19074.0,19452.0,190750.0,193689.0,4684.87,4683.68,4686.055,True,1.273,1.2725,1.2734,True,191.73,191734.12,-984.12,-0.51,-2939.0,-1.54,False
2026-05-14T16:01:13.430865+00:00,19074.0,19452.0,190750.0,193689.0,4685.07,4684.76,4685.37,True,1.273,1.2725,1.2734,True,191.74,191742.2,-992.2,-0.52,-2939.0,-1.54,False
2026-05-14T18:03:51.908084+00:00,19074.0,19452.0,190750.0,193689.0,4670.78,4671.35,4670.21,True,1.273,1.2725,1.2734,True,191.16,191157.57,-407.57,-0.21,-2939.0,-1.54,False
2026-05-14T18:11:38.130943+00:00,19074.0,19452.0,190750.0,193689.0,4672.68,4671.69,4673.67,True,1.273,1.2725,1.2734,True,191.24,191235.33,-485.33,-0.25,-2939.0,-1.54,False
2026-05-14T18:21:28.444426+00:00,19074.0,19452.0,190750.0,193689.0,4675.97,4675.85,4676.095,True,1.273,1.2725,1.2734,True,191.37,191370.08,-620.08,-0.32,-2939.0,-1.54,False
2026-05-14T18:25:18.509755+00:00,19074.0,19452.0,190750.0,193689.0,4674.91,4675.09,4674.73,True,1.273,1.2725,1.2734,True,191.33,191326.59,-576.59,-0.3,-2939.0,-1.54,False
2026-05-14T19:57:36.610971+00:00,19074.0,19452.0,190750.0,193689.0,4654.06,4653.5776,4654.545,True,1.273,1.2725,1.2734,True,190.47,190473.33,276.67,0.15,-2939.0,-1.54,False
2026-05-14T20:04:05.715366+00:00,19074.0,19452.0,190750.0,193689.0,4654.91,4655.0566,4654.755,True,1.273,1.2725,1.2734,True,190.51,190507.9,242.1,0.13,-2939.0,-1.54,False
2026-05-14T20:17:55.554324+00:00,19074.0,19452.0,190750.0,193689.0,4649.1,4648.66,4649.545,True,1.273,1.2725,1.2734,True,190.27,190270.39,479.61,0.25,-2939.0,-1.54,False
2026-05-14T20:20:20.758460+00:00,19074.0,19452.0,190750.0,193689.0,4648.77,4648.2,4649.345,True,1.273,1.2725,1.2734,True,190.26,190256.88,493.12,0.26,-2939.0,-1.54,False
2026-05-14T21:17:47.821502+00:00,19074.0,19452.0,190750.0,193689.0,4650.68,4650.52,4650.835,True,1.273,1.2725,1.2734,True,190.33,190334.85,415.15,0.22,-2939.0,-1.54,False
2026-05-14T21:38:46.999045+00:00,19074.0,19452.0,190750.0,193689.0,4650.68,4650.52,4650.835,True,1.273,1.2725,1.2734,True,190.33,190334.85,415.15,0.22,-2939.0,-1.54,False
2026-05-14T21:47:47.428418+00:00,19074.0,19452.0,190750.0,193689.0,4650.16,4649.4751,4650.835,True,1.273,1.2725,1.2734,True,190.31,190313.47,436.53,0.23,-2939.0,-1.54,False
2026-05-14T21:55:47.159897+00:00,19074.0,19452.0,190750.0,193689.0,4650.68,4650.52,4650.835,True,1.273,1.2725,1.2734,True,190.33,190334.85,415.15,0.22,-2939.0,-1.54,False
2026-05-14T23:05:32.037485+00:00,19074.0,19452.0,190750.0,193689.0,4662.57,4662.27,4662.865,True,1.273,1.2725,1.2734,True,190.82,190821.46,-71.46,-0.04,-2939.0,-1.54,False
2026-05-14T23:14:05.672470+00:00,19074.0,19452.0,190750.0,193689.0,4660.9,4661.21,4660.585,True,1.273,1.2725,1.2734,True,190.75,190753.11,-3.11,-0.0,-2939.0,-1.54,False
2026-05-14T23:33:40.223345+00:00,19074.0,19452.0,190750.0,193689.0,4653.9,4652.99,4654.8,True,1.273,1.2725,1.2734,True,190.47,190466.53,283.47,0.15,-2939.0,-1.54,False
2026-05-14T23:42:05.570718+00:00,19074.0,19452.0,190750.0,193689.0,4653.83,4653.39,4654.265,True,1.273,1.2725,1.2734,True,190.46,190463.77,286.23,0.15,-2939.0,-1.54,False
2026-05-15T00:07:19.393861+00:00,18960.0,19339.0,189615.0,192556.0,4648.76,4648.34,4649.17,True,1.273,1.2725,1.2734,True,190.26,190256.17,-641.17,-0.34,-2941.0,-1.55,False
2026-05-15T00:12:52.638509+00:00,18960.0,19339.0,189615.0,192556.0,4646.77,4646.59,4646.96,True,1.273,1.2725,1.2734,True,190.18,190175.13,-560.13,-0.29,-2941.0,-1.55,False
2026-05-15T01:29:08.509133+00:00,18766.0,19144.0,187668.0,190607.0,4612.32,4611.39,4613.24,True,1.2741,1.274829,1.2734,True,188.94,188937.5,-1269.5,-0.67,-2939.0,-1.57,False
2026-05-15T01:46:16.625755+00:00,18766.0,19144.0,187668.0,190607.0,4621.62,4621.26,4621.98,True,1.2741,1.274829,1.2734,True,189.32,189318.66,-1650.66,-0.87,-2939.0,-1.57,False
2026-05-15T04:14:21.761919+00:00,18806.0,19184.0,188066.0,191007.0,4620.37,4620.21,4620.535,True,1.2741,1.274829,1.2734,True,189.27,189267.56,-1201.56,-0.63,-2941.0,-1.56,False
2026-05-15T04:30:59.536289+00:00,18806.0,19184.0,188066.0,191007.0,4611.16,4611.31,4611.015,True,1.2741,1.274829,1.2734,True,188.89,188890.29,-824.29,-0.44,-2941.0,-1.56,False
2026-05-15T05:38:06.734650+00:00,18677.0,19055.0,186780.0,189720.0,4565.97,4565.62,4566.32,True,1.2741,1.274829,1.2734,True,187.04,187039.03,-259.03,-0.14,-2940.0,-1.57,False
2026-05-15T05:42:11.967092+00:00,18677.0,19055.0,186780.0,189720.0,4573.99,4573.84,4574.13,True,1.2741,1.274829,1.2734,True,187.37,187367.36,-587.36,-0.31,-2940.0,-1.57,False
2026-05-15T08:08:17.486096+00:00,18610.0,18989.0,186113.0,189054.0,4564.9,4564.19,4565.6,True,1.2741,1.274829,1.2734,True,186.99,186995.0,-882.0,-0.47,-2941.0,-1.58,False,188.87,186.11,1.46
2026-05-15T08:10:30.022930+00:00,18610.0,18989.0,186113.0,189054.0,4566.4,4566.45,4566.355,True,1.2741,1.274829,1.2734,True,187.06,187056.75,-943.75,-0.5,-2941.0,-1.58,False,188.87,186.11,1.46
2026-05-15T08:19:01.832310+00:00,18610.0,18989.0,186113.0,189054.0,4555.52,4556.14,4554.91,True,1.2741,1.274829,1.2734,True,186.61,186611.17,-498.17,-0.27,-2941.0,-1.58,False,188.87,186.11,1.46
2026-05-15T08:32:21.665945+00:00,18610.0,18989.0,186113.0,189054.0,4552.33,4551.98,4552.68,True,1.2741,1.274829,1.2734,True,186.48,186480.29,-367.29,-0.2,-2941.0,-1.58,False,188.87,186.11,1.46
2026-05-15T08:52:12.305888+00:00,18610.0,18989.0,186113.0,189054.0,4560.23,4560.28,4560.17,True,1.2741,1.274829,1.2734,True,186.8,186803.7,-690.7,-0.37,-2941.0,-1.58,False,188.87,186.11,1.46
2026-05-15T09:34:38.252516+00:00,18570.0,18949.0,185715.0,188657.0,4553.9,4553.29,4554.51,True,1.2741,1.274829,1.2734,True,186.54,186544.6,-829.6,-0.44,-2942.0,-1.58,False,188.47,185.71,1.46
2026-05-15T10:09:05.152848+00:00,18542.0,18921.0,185436.0,188378.0,4553.01,4551.86,4554.165,True,1.2741,1.274829,1.2734,True,186.51,186508.25,-1072.25,-0.57,-2942.0,-1.59,False,188.19,185.43,1.47,,,,,,,,,,,,,,,,,,,,,,,,,,,,,,,,,,,,,3897.83,3384.43,720050.81,6301.3,6244.78,3567.01,30967.74,436252.03,35662.73,5804.31,,18.89,,7501.2402,100.75,80554.1406,,3.588,4.461,5.012,,,,,,,
2026-05-15T10:23:51.838641+00:00,18625.0,19003.0,186259.0,189202.0,4560.24,4560.3,4560.19,True,1.2741,1.274829,1.2734,True,186.8,186804.52,-545.52,-0.29,-2943.0,-1.58,False,189.02,186.26,1.46,4696.18,4705.01,4552.33,152.68,193773.0,194023.0,188378.0,5645.0,188.87,188.87,188.19,0.68,4691.13,4604.46,4517.79,3.7646,4604.46,4651.4,4692.13,4575.65,4594.58,4605.8,4634.53,4661.33,-30.15,-3.0486,-3.461,-2.1001,-2.8751,0,0,0,0,1,1,NO_TREND,3904.02,3389.81,721194.62,6311.31,6254.7,3572.68,31016.94,436945.02,35719.38,5813.53,78.5,18.86,99.15,7501.2402,100.35,80525.6406,2009.7,3.588,4.461,5.012,2026-05-05,211814,48511,163303,58230,257165,-198935
2026-05-15T10:40:28.309940+00:00,18625.0,19003.0,186259.0,189202.0,4552.25,4552.3,4552.205,True,1.2741,1.274829,1.2734,True,186.48,186477.11,-218.11,-0.12,-2943.0,-1.58,False,189.02,186.26,1.46,4695.32,4705.01,4552.33,152.68,193773.0,194023.0,188378.0,5645.0,188.87,189.02,188.19,0.83,4685.88,4599.93,4513.98,3.737,4599.93,4648.52,4691.36,4573.28,4591.31,4602.43,4631.62,4659.33,-29.15,-2.8769,-3.3077,-1.9337,-2.7414,0,0,0,0,1,1,NO_TREND,3897.18,3383.87,719930.62,6300.24,6243.73,3566.42,30962.57,436179.21,35656.78,5803.34,78.87,18.63,99.132,7501.2402,100.08,80456.3438,2009.1,3.588,4.461,5.012,2026-05-05,211814,48511,163303,58230,257165,-198935
2026-05-15T11:08:41.674954+00:00,18644.0,19022.0,186451.0,189391.0,4564.18,4563.9,4564.455,True,1.2741,1.274829,1.2734,True,186.97,186965.61,-514.61,-0.28,-2940.0,-1.58,False,189.21,186.45,1.46,4705.01,4705.01,4552.25,152.76,194023.0,194023.0,188378.0,5645.0,188.87,189.02,188.19,0.83,4677.56,4594.42,4511.28,3.6192,4594.42,4645.58,4690.55,4570.04,4587.59,4598.71,4628.51,4657.21,-28.67,-3.2468,-3.6436,-2.1165,-2.9116,0,0,0,0,1,1,NO_TREND,3907.39,3392.73,721816.53,6316.75,6260.09,3575.76,31043.68,437321.82,35750.18,5818.55,79.44,18.56,99.017,7501.2402,99.0,80617.9766,2021.9,3.588,4.461,5.012,2026-05-05,211814,48511,163303,58230,257165,-198935
2026-05-15T11:27:15.255980+00:00,18644.0,19022.0,186451.0,189391.0,4561.43,4561.07,4561.8,True,1.2741,1.274829,1.2734,True,186.85,186853.26,-402.26,-0.22,-2940.0,-1.58,False,189.21,186.45,1.46,4705.01,4705.01,4552.25,152.76,194023.0,194023.0,188378.0,5645.0,188.87,189.21,188.19,1.02,4667.53,4589.58,4511.63,3.3968,4589.58,4642.89,4689.79,4569.14,4585.36,4596.15,4625.98,4655.37,-27.01,-2.9932,-3.2728,-2.1102,-2.6474,0,0,0,0,1,1,NO_TREND,3905.04,3390.69,721382.81,6312.95,6256.33,3573.61,31025.03,437059.04,35728.7,5815.05,79.18,18.72,99.068,7501.2402,99.46,80613.1797,2010.6,3.588,4.461,5.012,2026-05-05,211814,48511,163303,58230,257165,-198935
2026-05-15T11:35:33.544377+00:00,18644.0,19022.0,186451.0,189391.0,4559.14,4558.98,4559.3,True,1.2741,1.274829,1.2734,True,186.76,186759.25,-308.25,-0.17,-2940.0,-1.58,False,189.21,186.45,1.46,4705.01,4705.01,4552.25,152.76,194023.0,194023.0,188378.0,5645.0,188.87,189.21,188.19,1.02,4657.64,4584.96,4512.28,3.1704,4584.96,4640.13,4689.03,4567.95,4583.08,4593.58,4623.45,4653.51,-25.63,-3.0516,-3.3311,-2.1341,-2.7241,0,0,0,0,1,1,NO_TREND,3903.08,3388.99,721019.86,6309.78,6253.18,3571.81,31009.42,436839.14,35710.73,5812.12,79.19,18.59,99.089,7501.2402,99.49,80613.9766,2008.9,3.588,4.461,5.012,2026-05-05,211814,48511,163303,58230,257165,-198935
2026-05-15T13:08:06.660453+00:00,18591.0,18970.0,185920.0,188863.0,4545.86,4547.88,4543.85,True,1.2741,1.274829,1.2734,True,186.22,186215.46,-295.46,-0.16,-2943.0,-1.58,False,188.68,185.92,1.46,4699.64,4699.64,4552.25,147.39,194023.0,194023.0,188378.0,5645.0,188.87,189.21,188.19,1.02,4646.02,4580.22,4514.42,2.8732,4580.22,4637.23,4688.25,4566.6,4580.8,4591.03,4620.93,4651.64,-24.43,-2.9896,-3.5362,-2.0361,-2.8805,0,0,1,0,1,2,EMERGING,3891.71,3379.12,718920.44,6291.4,6234.97,3561.41,30919.13,435567.18,35606.75,5795.2,77.925,19.16,99.216,7501.2402,99.97,80081.9922,1991.4,3.595,4.556,5.097,2026-05-05,211814,48511,163303,58230,257165,-198935
2026-05-15T13:17:49.412788+00:00,18591.0,18970.0,185920.0,188863.0,4546.5,4546.33,4546.675,True,1.2741,1.274829,1.2734,True,186.24,186241.57,-321.57,-0.17,-2943.0,-1.58,False,188.68,185.92,1.46,4699.64,4699.64,4545.86,153.78,194023.0,194023.0,188378.0,5645.0,188.87,189.21,188.19,1.02,4634.05,4575.08,4516.11,2.5779,4575.08,4634.18,4687.4,4563.41,4577.47,4587.68,4617.99,4649.55,-24.27,-3.2722,-3.8172,-2.32,-3.2386,0,0,1,0,1,2,EMERGING,3892.26,3379.59,719021.26,6292.29,6235.85,3561.91,30923.46,435628.27,35611.74,5796.01,77.22,19.15,99.214,7501.2402,99.47,80090.3906,1980.8,3.595,4.566,5.106,2026-05-05,211814,48511,163303,58230,257165,-198935
2026-05-15T13:19:45.957871+00:00,18574.0,18953.0,185756.0,188699.0,4552.39,4552.77,4552.0,True,1.2741,1.274829,1.2734,True,186.48,186482.54,-726.54,-0.39,-2943.0,-1.58,False,188.52,185.75,1.47,4692.89,4692.89,4545.86,147.03,194023.0,194023.0,188378.0,5645.0,188.87,189.21,188.19,1.02,4619.69,4570.07,4520.45,2.1715,4570.07,4631.11,4686.56,4560.81,4574.52,4584.63,4615.18,4647.51,-23.82,-3.1194,-3.8036,-2.1997,-3.2077,0,0,1,0,1,2,EMERGING,3897.29,3383.97,719951.57,6300.43,6243.91,3566.52,30963.47,436191.9,35657.82,5803.51,76.91,19.12,99.222,7501.2402,99.5,80124.9609,1979.6,3.595,4.564,5.104,2026-05-05,211814,48511,163303,58230,257165,-198935
2026-05-15T14:28:35.525347+00:00,18590.0,18969.0,185911.0,188855.0,4553.89,4554.09,4553.694,True,1.2774,1.274829,1.28,True,187.03,187027.43,-1116.43,-0.6,-2944.0,-1.58,False,188.67,185.91,1.46,4686.01,4687.97,4545.86,142.11,193689.0,193689.0,188378.0,5311.0,188.87,189.21,188.19,1.02,4613.05,4567.07,4521.09,2.0135,4567.07,4628.23,4685.74,4559.51,4572.41,4582.24,4612.72,4645.62,-22.73,-2.8515,-3.4754,-2.0311,-3.1342,0,0,1,0,1,2,EMERGING,3898.58,3385.09,720189.9,6302.51,6245.98,3567.7,30973.72,436336.3,35669.62,5805.43,77.26,18.67,99.179,7432.4502,99.49,79068.7109,1994.4,3.593,4.577,5.122,2026-05-05,211814,48511,163303,58230,257165,-198935
2026-05-15T15:32:22.456023+00:00,18632.0,19011.0,186332.0,189275.0,4547.83,4546.49,4549.169,True,1.2774,1.274829,1.28,True,186.78,186778.44,-446.44,-0.24,-2943.0,-1.58,False,189.09,186.33,1.46,4687.97,4687.97,4545.86,142.11,193689.0,193689.0,188378.0,5311.0,188.87,189.21,188.19,1.02,4602.1,4563.68,4525.26,1.6837,4563.68,4625.38,4684.94,4558.65,4570.65,4580.14,4610.41,4643.81,-21.49,-2.8601,-3.3175,-1.2668,-2.9993,0,0,1,0,1,2,EMERGING,3893.39,3380.58,719231.13,6294.12,6237.67,3562.95,30932.49,435755.41,35622.13,5797.7,76.995,18.15,99.262,7438.6299,100.27,79154.1875,1992.3,3.593,4.575,5.113,2026-05-05,211814,48511,163303,58230,257165,-198935
2026-05-15T15:38:39.137949+00:00,18632.0,19011.0,186332.0,189275.0,4545.16,4545.38,4544.935,True,1.2774,1.274829,1.28,True,186.67,186668.71,-336.71,-0.18,-2943.0,-1.58,False,189.09,186.33,1.46,4684.87,4685.07,4545.86,139.21,193689.0,193689.0,188378.0,5311.0,188.87,189.21,188.19,1.02,4588.29,4560.06,4531.83,1.2381,4560.06,4622.43,4684.1,4556.98,4568.48,4577.75,4607.96,4641.91,-20.77,-2.9252,-3.4462,-1.5966,-3.3417,0,0,1,0,1,2,EMERGING,3891.1,3378.59,718808.55,6290.43,6234.0,3560.86,30914.32,435499.39,35601.21,5794.3,76.77,18.03,99.284,7435.6699,100.32,79119.6172,1991.0,3.593,4.575,5.112,2026-05-05,211814,48511,163303,58230,257165,-198935
2026-05-15T15:52:35.151350+00:00,18632.0,19011.0,186332.0,189275.0,4539.88,4539.19,4540.57,True,1.2774,1.274829,1.28,True,186.45,186451.96,-119.96,-0.06,-2943.0,-1.58,False,189.09,186.33,1.46,4684.87,4685.07,4545.16,139.91,193689.0,193689.0,188378.0,5311.0,188.87,189.21,188.19,1.02,4572.5,4556.76,4541.02,0.6908,4556.76,4619.45,4683.25,4555.16,4566.26,4575.34,4605.5,4639.99,-20.18,-2.9822,-3.5029,-1.6278,-3.1775,0,0,1,0,1,2,EMERGING,3886.59,3374.67,717973.93,6283.12,6226.76,3556.72,30878.42,434993.72,35559.87,5787.57,76.875,18.1,99.265,7416.2998,100.49,79150.7969,1992.0,3.593,4.583,5.118,2026-05-05,211814,48511,163303,58230,257165,-198935
2026-05-15T16:57:09.621367+00:00,18632.0,19011.0,186332.0,189275.0,4543.45,4543.89,4543.02,True,1.2774,1.274829,1.28,True,186.6,186598.78,-266.78,-0.14,-2943.0,-1.58,False,189.09,186.33,1.46,4670.78,4675.97,4539.88,136.09,193689.0,193689.0,188378.0,5311.0,188.87,189.21,188.19,1.02,4572.26,4555.45,4538.64,0.738,4555.45,4616.14,4682.38,4552.81,4563.74,4572.71,4602.92,4638.01,-19.9,-2.8025,-3.824,-1.5458,-3.2856,0,0,1,0,1,2,EMERGING,3889.65,3377.33,718539.31,6288.07,6231.67,3559.52,30902.74,435336.27,35587.87,5792.13,76.71,18.12,99.215,7429.0698,100.79,79240.2578,1990.6,3.593,4.587,5.118,2026-05-05,211814,48511,163303,58230,257165,-198935
2026-05-15T17:54:23.278934+00:00,18632.0,19011.0,186332.0,189275.0,4559.54,4559.14,4559.935,True,1.2774,1.274829,1.28,True,187.26,187259.29,-927.29,-0.5,-2943.0,-1.58,False,189.09,186.33,1.46,4670.78,4675.97,4539.88,136.09,193689.0,193689.0,188378.0,5311.0,188.87,189.21,188.19,1.02,4569.11,4553.92,4538.73,0.6671,4553.92,4613.01,4681.52,4551.37,4561.81,4570.54,4600.59,4636.13,-19.17,-2.7261,-3.7951,-0.4932,-2.9656,0,0,1,0,1,2,EMERGING,3903.42,3389.28,721082.73,6310.33,6253.72,3572.12,31012.12,436877.23,35713.84,5812.63,77.675,17.91,99.225,7446.7402,100.63,79380.8984,1993.9,3.593,4.589,5.125,2026-05-05,211814,48511,163303,58230,257165,-198935
2026-05-15T18:11:27.507780+00:00,18632.0,19011.0,186332.0,189275.0,4558.9,4557.99,4559.82,True,1.2774,1.274829,1.28,True,187.23,187233.31,-901.31,-0.48,-2943.0,-1.58,False,189.09,186.33,1.46,4672.68,4675.97,4539.88,136.09,193689.0,193689.0,188378.0,5311.0,188.87,189.21,188.19,1.02,4568.21,4553.66,4539.11,0.639,4553.66,4610.21,4680.74,4552.63,4561.59,4569.73,4598.98,4634.62,-17.1,-2.4213,-3.5353,-0.3159,-3.0739,0,0,1,0,1,2,EMERGING,3902.87,3388.81,720982.7,6309.45,6252.86,3571.63,31007.82,436816.63,35708.89,5811.82,77.53,17.94,99.247,7450.6602,100.66,79435.6875,1995.4,3.593,4.595,5.128,2026-05-05,211814,48511,163303,58230,257165,-198935
2026-05-15T18:15:10.283647+00:00,18632.0,19011.0,186332.0,189275.0,4561.34,4560.95,4561.73,True,1.2774,1.274829,1.28,True,187.33,187333.32,-1001.32,-0.53,-2943.0,-1.58,False,189.09,186.33,1.46,4675.97,4675.97,4539.88,136.09,193689.0,193689.0,188378.0,5311.0,188.87,189.21,188.19,1.02,4566.8,4553.28,4539.76,0.5939,4553.28,4607.53,4679.96,4553.59,4561.34,4568.92,4597.41,4633.12,-15.33,-2.5037,-3.5488,-0.1314,-2.9922,0,0,1,0,1,2,EMERGING,3904.96,3390.62,721367.79,6312.82,6256.2,3573.54,31024.38,437049.94,35727.96,5814.93,77.51,17.92,99.255,7450.1602,100.81,79442.1094,1994.8,3.593,4.593,5.127,2026-05-05,211814,48511,163303,58230,257165,-198935
2026-05-15T18:27:20.094452+00:00,18632.0,19011.0,186332.0,189275.0,4556.97,4557.27,4556.67,True,1.2774,1.274829,1.28,True,187.15,187153.84,-821.84,-0.44,-2943.0,-1.58,False,189.09,186.33,1.46,4654.06,4662.57,4539.88,122.69,193689.0,193689.0,188378.0,5311.0,188.87,189.21,188.19,1.02,4567.54,4553.57,4539.6,0.6136,4553.57,4605.03,4679.19,4554.79,4561.34,4568.36,4595.99,4631.7,-13.57,-1.9922,-3.421,-0.1108,-2.9217,0,0,1,0,1,2,EMERGING,3901.22,3387.37,720676.68,6306.77,6250.2,3570.11,30994.66,436631.22,35693.73,5809.36,77.52,18.03,99.279,7439.4302,100.94,79262.3203,1995.9,3.588,4.595,5.126,2026-05-05,211814,48511,163303,58230,257165,-198935
2026-05-15T19:56:11.214182+00:00,18632.0,19011.0,186332.0,189275.0,4548.15,4548.38,4547.925,True,1.2774,1.274829,1.28,True,186.79,186791.71,-459.71,-0.25,-2943.0,-1.58,False,189.09,186.33,1.46,4654.06,4662.57,4539.88,122.69,193689.0,193689.0,188378.0,5311.0,188.87,189.21,188.19,1.02,4567.84,4553.8,4539.76,0.6166,4553.8,4602.41,4678.4,4555.12,4560.92,4567.52,4594.46,4630.22,-12.4,-2.0861,-3.5227,0.0318,-3.0292,0,0,1,1,1,3,DOMINANT,3893.67,3380.82,719282.21,6294.57,6238.11,3563.2,30934.69,435786.36,35624.66,5798.12,76.85,18.04,99.301,7407.7998,101.03,79114.6172,1990.3,3.588,4.595,5.128,2026-05-12,219793,48171,171622,57725,267983,-210258
2026-05-15T20:06:13.003664+00:00,18632.0,19011.0,186332.0,189275.0,4537.31,4537.19,4537.425,True,1.2774,1.274829,1.28,True,186.35,186346.31,-14.31,-0.01,-2943.0,-1.58,False,189.09,186.33,1.46,4649.1,4662.57,4539.88,122.69,193689.0,193689.0,188378.0,5311.0,188.87,189.21,188.19,1.02,4567.11,4553.2,4539.29,0.611,4553.2,4599.68,4677.57,4554.05,4559.71,4566.08,4592.65,4628.59,-12.03,-2.1714,-3.5892,-0.0918,-3.3187,0,0,1,0,1,2,EMERGING,3884.38,3372.76,717567.09,6279.56,6223.23,3554.71,30860.92,434747.24,35539.72,5784.29,76.74,18.21,99.298,7408.5,101.33,79065.8828,1986.6,3.588,4.595,5.128,2026-05-12,219793,48171,171622,57725,267983,-210258
2026-05-15T20:08:42.231803+00:00,18632.0,19011.0,186332.0,189275.0,4537.35,4536.61,4538.095,True,1.2774,1.274829,1.28,True,186.35,186348.16,-16.16,-0.01,-2943.0,-1.58,False,189.09,186.33,1.46,4649.1,4662.57,4537.31,125.26,193689.0,193689.0,188378.0,5311.0,188.87,189.21,188.19,1.02,4567.98,4552.37,4536.76,0.6858,4552.37,4596.72,4676.68,4551.47,4557.57,4563.95,4590.48,4626.78,-12.48,-2.4046,-3.819,-0.5026,-3.427,0,0,1,0,1,2,EMERGING,3884.42,3372.79,717574.21,6279.62,6223.3,3554.74,30861.23,434751.55,35540.07,5784.35,76.67,18.2,99.301,7408.5,101.21,79113.2891,1985.1,3.588,4.595,5.128,2026-05-12,219793,48171,171622,57725,267983,-210258
2026-05-15T20:20:07.479565+00:00,18632.0,19011.0,186332.0,189275.0,4537.07,4537.34,4536.8,True,1.2774,1.274829,1.28,True,186.34,186336.55,-4.55,-0.0,-2943.0,-1.58,False,189.09,186.33,1.46,4648.77,4662.57,4537.31,125.26,193689.0,193689.0,188378.0,5311.0,188.87,189.21,188.19,1.02,4568.57,4551.59,4534.61,0.7461,4551.59,4594.06,4675.79,4549.3,4555.65,4561.98,4588.39,4625.01,-12.68,-2.3968,-3.8261,-0.3634,-3.4606,0,0,1,0,1,2,EMERGING,3884.18,3372.58,717529.53,6279.23,6222.91,3554.52,30859.31,434724.48,35537.86,5783.99,76.225,18.44,99.3,7408.5,101.51,79101.2734,1979.5,3.588,4.595,5.128,2026-05-12,219793,48171,171622,57725,267983,-210258
2026-05-15T21:30:03.363916+00:00,18632.0,19011.0,186332.0,189275.0,4539.25,4538.0151,4540.49,True,1.2774,1.274829,1.28,True,186.43,186426.19,-94.19,-0.05,-2943.0,-1.58,False,189.09,186.33,1.46,4650.68,4662.57,4537.07,125.5,193689.0,193689.0,188378.0,5311.0,188.87,189.21,188.19,1.02,4568.08,4550.43,4532.78,0.7758,4550.43,4591.34,4674.9,4547.42,4553.88,4560.14,4586.38,4623.27,-12.72,-2.4429,-3.7739,-0.3501,-3.3881,0,0,1,0,1,2,EMERGING,3886.05,3374.2,717874.7,6282.25,6225.9,3556.23,30874.15,434933.6,35554.95,5786.77,76.295,18.43,99.27,7408.5,101.16,79085.4531,1985.2,3.588,4.595,5.128,2026-05-12,219793,48171,171622,57725,267983,-210258
2026-05-15T21:39:12.624859+00:00,18632.0,19011.0,186332.0,189275.0,4539.25,4538.0151,4540.49,True,1.2774,1.274829,1.28,True,186.43,186426.19,-94.19,-0.05,-2943.0,-1.58,False,189.09,186.33,1.46,4650.16,4662.57,4537.07,125.5,193689.0,193689.0,188378.0,5311.0,188.87,189.21,188.19,1.02,4568.09,4549.78,4531.47,0.8049,4549.78,4588.61,4674.02,4546.16,4552.48,4558.59,4584.53,4621.61,-12.43,-2.3851,-3.7277,-0.4603,-3.3482,0,0,1,0,1,2,EMERGING,3886.05,3374.2,717874.7,6282.25,6225.9,3556.23,30874.15,434933.6,35554.95,5786.77,76.295,18.43,99.27,7408.5,101.16,79061.1484,1985.2,3.588,4.595,5.128,2026-05-12,219793,48171,171622,57725,267983,-210258
2026-05-15T21:43:57.427243+00:00,18632.0,19011.0,186332.0,189275.0,4539.25,4538.0151,4540.49,True,1.2774,1.274829,1.28,True,186.43,186426.19,-94.19,-0.05,-2943.0,-1.58,True,189.09,186.33,1.46,4650.16,4662.57,4537.07,125.5,193689.0,193689.0,188378.0,5311.0,188.87,189.21,188.19,1.02,4566.09,4548.53,4530.97,0.7721,4548.53,4585.9,4673.15,4545.1,4551.22,4557.16,4582.76,4619.98,-12.06,-2.3851,-3.7277,-0.2856,-3.3239,0,0,1,0,1,2,EMERGING,3886.05,3374.2,717874.7,6282.25,6225.9,3556.23,30874.15,434933.6,35554.95,5786.77,76.295,18.43,99.27,7408.5,101.16,79049.1328,1985.2,3.588,4.595,5.128,2026-05-12,219793,48171,171622,57725,267983,-210258
2026-05-15T22:06:26.793468+00:00,18632.0,19011.0,186332.0,189275.0,4539.57,4538.66,4540.49,True,1.2774,1.274829,1.28,True,186.44,186439.43,-107.43,-0.06,-2943.0,-1.58,False,189.09,186.33,1.46,4662.57,4662.57,4537.07,125.5,193689.0,193689.0,188378.0,5311.0,188.87,189.21,188.19,1.02,4564.34,4547.42,4530.5,0.7442,4547.42,4583.6,4672.27,4544.2,4550.08,4555.83,4581.05,4618.38,-11.63,-2.6449,-3.7277,-0.5462,-3.3069,0,0,1,0,1,2,EMERGING,3886.33,3374.44,717925.69,6282.7,6226.34,3556.48,30876.35,434964.5,35557.48,5787.18,76.295,18.43,99.27,7408.5,101.16,79013.0312,1985.2,3.588,4.595,5.128,2026-05-12,219793,48171,171622,57725,267983,-210258
2026-05-15T22:41:07.428671+00:00,18632.0,19011.0,186332.0,189275.0,4539.25,4538.0151,4540.49,True,1.2774,1.274829,1.28,True,186.43,186426.19,-94.19,-0.05,-2943.0,-1.58,False,189.09,186.33,1.46,4662.57,4662.57,4537.07,125.5,193689.0,193689.0,188378.0,5311.0,188.87,189.21,188.19,1.02,4562.77,4546.45,4530.13,0.7179,4546.45,4581.29,4671.39,4543.49,4549.08,4554.63,4579.42,4616.82,-11.14,-2.638,-3.7209,-0.4792,-3.5163,0,0,1,0,1,2,EMERGING,3886.05,3374.2,717874.7,6282.25,6225.9,3556.23,30874.15,434933.6,35554.95,5786.77,76.295,18.43,99.27,7408.5,101.16,79069.3594,1985.2,3.588,4.595,5.128,2026-05-12,219793,48171,171622,57725,267983,-210258
2026-05-15T23:08:16.004253+00:00,18632.0,19011.0,186332.0,189275.0,4539.25,4538.0151,4540.49,True,1.2774,1.274829,1.28,True,186.43,186426.19,-94.19,-0.05,-2943.0,-1.58,False,189.09,186.33,1.46,4660.9,4660.9,4537.07,123.83,193689.0,193689.0,188378.0,5311.0,188.87,189.21,188.19,1.02,4562.76,4546.12,4529.48,0.7321,4546.12,4579.1,4670.51,4542.84,4548.15,4553.49,4577.85,4615.28,-10.65,-2.61,-3.7277,-0.4363,-3.4231,0,0,1,0,1,2,EMERGING,3886.05,3374.2,717874.7,6282.25,6225.9,3556.23,30874.15,434933.6,35554.95,5786.77,76.295,18.43,99.27,7408.5,101.16,79062.7422,1985.2,3.588,4.595,5.128,2026-05-12,219793,48171,171622,57725,267983,-210258
2026-05-15T23:14:27.508835+00:00,18632.0,19011.0,186332.0,189275.0,4539.57,4538.66,4540.49,True,1.2774,1.274829,1.28,True,186.44,186439.43,-107.43,-0.06,-2943.0,-1.58,False,189.09,186.33,1.46,4653.9,4653.9,4537.07,116.83,193689.0,193689.0,188378.0,5311.0,188.87,189.21,188.19,1.02,4562.67,4545.75,4528.83,0.7444,4545.75,4576.91,4669.63,4542.28,4547.3,4552.43,4576.34,4613.78,-10.15,-2.4635,-3.7277,-0.1454,-3.4128,0,0,1,0,1,2,EMERGING,3886.33,3374.44,717925.69,6282.7,6226.34,3556.48,30876.35,434964.5,35557.48,5787.18,76.295,18.43,99.27,7408.5,101.16,79065.7109,1985.2,3.588,4.595,5.128,2026-05-12,219793,48171,171622,57725,267983,-210258
2026-05-15T23:33:36.357666+00:00,18632.0,19011.0,186332.0,189275.0,4539.25,4538.0151,4540.49,True,1.2774,1.274829,1.28,True,186.43,186426.19,-94.19,-0.05,-2943.0,-1.58,False,189.09,186.33,1.46,4653.9,4653.9,4537.07,116.83,193689.0,193689.0,188378.0,5311.0,188.87,189.21,188.19,1.02,4561.94,4545.11,4528.28,0.7406,4545.11,4574.68,4668.75,4541.87,4546.56,4551.48,4574.89,4612.31,-9.61,-2.4566,-3.7209,-0.1524,-3.2671,0,0,1,0,1,2,EMERGING,3886.05,3374.2,717874.7,6282.25,6225.9,3556.23,30874.15,434933.6,35554.95,5786.77,76.295,18.43,99.27,7408.5,101.16,79068.6094,1985.2,3.588,4.595,5.128,2026-05-12,219793,48171,171622,57725,267983,-210258
2026-05-15T23:40:52.876542+00:00,18632.0,19011.0,186332.0,189275.0,4539.57,4538.66,4540.49,True,1.2774,1.274829,1.28,True,186.44,186439.43,-107.43,-0.06,-2943.0,-1.58,False,189.09,186.33,1.46,4653.83,4653.83,4537.07,116.76,193689.0,193689.0,188378.0,5311.0,188.87,189.21,188.19,1.02,4560.87,4544.38,4527.89,0.7257,4544.38,4572.46,4667.88,4541.46,4545.87,4550.57,4573.5,4610.86,-9.11,-2.4621,-3.7277,-0.2886,-3.1319,0,0,1,0,1,2,EMERGING,3886.33,3374.44,717925.69,6282.7,6226.34,3556.48,30876.35,434964.5,35557.48,5787.18,76.295,18.43,99.27,7408.5,101.16,79051.8984,1985.2,3.588,4.595,5.128,2026-05-12,219793,48171,171622,57725,267983,-210258
2026-05-16T00:09:41.930575+00:00,18632.0,19011.0,186332.0,189275.0,4539.57,4538.66,4540.49,True,1.2774,1.274829,1.28,True,186.44,186439.43,-107.43,-0.06,-2943.0,-1.58,False,189.09,186.33,1.46,4646.77,4646.77,4537.07,109.7,192556.0,192556.0,188378.0,4178.0,188.87,189.21,188.19,1.02,4560.51,4543.97,4527.43,0.728,4543.97,4570.24,4667.17,4541.17,4545.27,4549.76,4572.17,4609.45,-8.59,-2.307,-3.7209,-0.3145,-3.1655,0,0,1,0,1,2,EMERGING,3886.33,3374.44,717925.69,6282.7,6226.34,3556.48,30876.35,434964.5,35557.48,5787.18,76.295,18.43,99.27,7408.5,101.16,79121.6484,1985.2,3.588,4.595,5.128,2026-05-12,219793,48171,171622,57725,267983,-210258
2026-05-16T01:22:23.475921+00:00,18632.0,19011.0,186332.0,189275.0,4539.25,4538.0151,4540.49,True,1.2795,1.27894,1.28,True,186.73,186726.17,-394.17,-0.21,-2943.0,-1.58,False,189.09,186.33,1.46,4612.32,4621.62,4537.07,84.55,190607.0,191007.0,188378.0,2629.0,188.87,189.21,188.19,1.02,4560.33,4543.69,4527.05,0.7324,4543.69,4568.02,4666.4,4540.93,4544.72,4549.0,4570.89,4608.07,-8.07,-1.5773,-3.7209,-0.1816,-3.1015,0,0,1,0,1,2,EMERGING,3903.09,3403.61,720142.84,6344.51,6240.38,3570.25,30970.67,435799.08,35546.18,5805.43,76.295,18.43,99.27,7408.5,101.16,79097.0,1985.2,3.588,4.595,5.128,2026-05-12,219793,48171,171622,57725,267983,-210258
2026-05-16T01:26:36.309127+00:00,18632.0,19011.0,186332.0,189275.0,4539.57,4538.66,4540.49,True,1.2795,1.27894,1.28,True,186.74,186739.44,-407.44,-0.22,-2943.0,-1.58,False,189.09,186.33,1.46,4612.32,4621.62,4537.07,84.55,190607.0,191007.0,188378.0,2629.0,188.87,189.21,188.19,1.02,4560.34,4543.66,4526.98,0.7342,4543.66,4565.55,4665.65,4540.67,4544.2,4548.28,4569.65,4606.7,-7.61,-1.5842,-3.7277,-0.13,-3.1124,0,0,1,0,1,2,EMERGING,3903.37,3403.86,720194.0,6344.96,6240.82,3570.5,30972.87,435830.03,35548.71,5805.84,76.295,18.43,99.27,7408.5,101.16,79045.2266,1985.2,3.588,4.595,5.128,2026-05-12,219793,48171,171622,57725,267983,-210258
2026-05-16T03:53:37.429547+00:00,18632.0,19011.0,186332.0,189275.0,4539.57,4538.66,4540.49,True,1.2795,1.27894,1.28,True,186.74,186739.44,-407.44,-0.22,-2943.0,-1.58,False,189.09,186.33,1.46,4620.37,4620.37,4537.07,83.3,191007.0,191007.0,188378.0,2629.0,188.87,189.21,188.19,1.02,4560.24,4543.46,4526.68,0.7386,4543.46,4563.13,4664.88,4540.5,4543.76,4547.64,4568.47,4605.37,-7.14,-1.7488,-3.7209,-0.0068,-2.8092,0,0,1,0,1,2,EMERGING,3903.37,3403.86,720194.0,6344.96,6240.82,3570.5,30972.87,435830.03,35548.71,5805.84,76.295,18.43,99.27,7408.5,101.16,79009.0312,1985.2,3.588,4.595,5.128,2026-05-12,219793,48171,171622,57725,267983,-210258
2026-05-16T04:05:37.776219+00:00,18632.0,19011.0,186332.0,189275.0,4539.57,4538.66,4540.49,True,1.2795,1.27894,1.28,True,186.74,186739.44,-407.44,-0.22,-2943.0,-1.58,True,189.09,186.33,1.46,4620.37,4620.37,4537.07,83.3,191007.0,191007.0,188378.0,2629.0,188.87,189.21,188.19,1.02,4557.49,4542.46,4527.43,0.6618,4542.46,4560.84,4664.12,4540.36,4543.36,4547.04,4567.33,4604.07,-6.68,-1.7488,-3.7209,-0.0854,-2.8487,0,0,1,0,1,2,EMERGING,3903.37,3403.86,720194.0,6344.96,6240.82,3570.5,30972.87,435830.03,35548.71,5805.84,77.161,18.43,99.27,7408.5,105.42,79061.9688,1981.3,3.588,4.595,5.128,2026-05-12,219793,48171,171622,57725,267983,-210258
2026-05-16T05:00:12.502373+00:00,18632.0,19011.0,186332.0,189275.0,4539.25,4538.0151,4540.49,True,1.2795,1.27894,1.28,True,186.73,186726.17,-394.17,-0.21,-2943.0,-1.58,False,189.09,186.33,1.46,4565.97,4573.99,4537.07,36.92,189720.0,189720.0,188378.0,1342.0,188.87,189.21,188.19,1.02,4554.42,4541.5,4528.58,0.569,4541.5,4558.56,4663.33,4540.24,4543.0,4546.49,4566.24,4602.79,-6.25,-0.5782,-3.7209,-0.438,-2.917,0,0,1,0,1,2,EMERGING,3903.09,3403.61,720142.84,6344.51,6240.38,3570.25,30970.67,435799.08,35546.18,5805.43,77.161,18.43,99.27,7408.5,105.42,78996.9375,1981.3,3.588,4.595,5.128,2026-05-12,219793,48171,171622,57725,267983,-210258
2026-05-16T05:01:49.162165+00:00,18632.0,19011.0,186332.0,189275.0,4539.57,4538.66,4540.49,True,1.2795,1.27894,1.28,True,186.74,186739.44,-407.44,-0.22,-2943.0,-1.58,False,189.09,186.33,1.46,4565.97,4573.99,4537.07,36.92,189720.0,189720.0,188378.0,1342.0,188.87,189.21,188.19,1.02,4549.33,4540.39,4531.45,0.3938,4540.39,4556.37,4662.54,4540.08,4542.64,4545.95,4565.19,4601.53,-5.87,-0.5852,-3.7277,-0.431,-2.9019,0,0,1,0,1,2,EMERGING,3903.37,3403.86,720194.0,6344.96,6240.82,3570.5,30972.87,435830.03,35548.71,5805.84,77.161,18.43,99.27,7408.5,105.42,78927.8125,1981.3,3.588,4.595,5.128,2026-05-12,219793,48171,171622,57725,267983,-210258
2026-05-16T06:29:28.458581+00:00,18632.0,19011.0,186332.0,189275.0,4539.26,4538.02,4540.49,True,1.2795,1.27894,1.28,True,186.73,186726.27,-394.27,-0.21,-2943.0,-1.58,False,189.09,186.33,1.46,4564.9,4566.4,4537.07,29.33,189054.0,189391.0,188378.0,1013.0,188.87,189.21,188.19,1.02,4543.89,4539.52,4535.15,0.1925,4539.52,4554.22,4661.8,4540.0,4542.35,4545.48,4564.18,4600.31,-5.48,-0.5549,-3.7209,-0.4773,-2.46,0,0,1,0,1,2,EMERGING,3903.1,3403.62,720143.23,6344.51,6240.38,3570.25,30970.69,435799.31,35546.2,5805.43,77.161,18.43,99.27,7408.5,105.42,78794.0391,1981.3,3.588,4.595,5.128,2026-05-12,219793,48171,171622,57725,267983,-210258
2026-05-16T06:37:28.348275+00:00,18632.0,19011.0,186332.0,189275.0,4539.26,4538.02,4540.49,True,1.2795,1.27894,1.28,True,186.73,186726.27,-394.27,-0.21,-2943.0,-1.58,False,189.09,186.33,1.46,4564.9,4566.4,4537.07,29.33,189054.0,189391.0,188378.0,1013.0,188.87,189.21,188.19,1.02,4540.69,4539.08,4537.47,0.0709,4539.08,4552.76,4661.07,4539.89,4542.06,4545.02,4563.2,4599.1,-5.13,-0.5617,-3.7275,-0.3886,-2.4845,0,0,1,0,1,2,EMERGING,3903.1,3403.62,720143.23,6344.51,6240.38,3570.25,30970.69,435799.31,35546.2,5805.43,77.161,18.43,99.27,7408.5,105.42,78862.8203,1981.3,3.588,4.595,5.128,2026-05-12,219793,48171,171622,57725,267983,-210258
2026-05-16T07:32:32.078339+00:00,18632.0,19011.0,186332.0,189275.0,4539.26,4538.02,4540.49,True,1.2795,1.27894,1.28,True,186.73,186726.27,-394.27,-0.21,-2943.0,-1.58,True,189.09,186.33,1.46,4564.9,4566.4,4537.07,29.33,189054.0,189391.0,188378.0,1013.0,188.87,189.21,188.19,1.02,4540.56,4539.18,4537.8,0.0608,4539.18,4551.11,4660.26,4539.79,4541.79,4544.59,4562.27,4597.91,-4.8,-0.5617,-3.7275,-0.1955,-2.3626,0,0,1,0,1,2,EMERGING,3903.1,3403.62,720143.23,6344.51,6240.38,3570.25,30970.69,435799.31,35546.2,5805.43,77.161,18.43,99.27,7408.5,105.42,78334.1094,1981.3,3.588,4.595,5.128,2026-05-12,219793,48171,171622,57725,267983,-210258
2026-05-16T07:43:05.178243+00:00,18632.0,19011.0,186332.0,189275.0,4539.25,4538.0151,4540.49,True,1.2795,1.27894,1.28,True,186.73,186726.17,-394.17,-0.21,-2943.0,-1.58,True,189.09,186.33,1.46,4564.9,4566.4,4537.07,29.33,189054.0,189391.0,188378.0,1013.0,188.87,189.21,188.19,1.02,4540.35,4539.27,4538.19,0.0476,4539.27,4549.49,4659.48,4539.71,4541.55,4544.2,4561.36,4596.75,-4.49,-0.5617,-3.7275,0.043,-2.3557,0,0,1,1,1,3,DOMINANT,3903.09,3403.61,720142.84,6344.51,6240.38,3570.25,30970.67,435799.08,35546.18,5805.43,77.161,18.43,99.27,7408.5,105.42,78473.7812,1981.3,3.588,4.595,5.128,2026-05-12,219793,48171,171622,57725,267983,-210258
2026-05-16T08:54:15.614412+00:00,18632.0,19011.0,186332.0,189275.0,4539.25,4538.0151,4540.49,True,1.2795,1.27894,1.28,True,186.73,186726.17,-394.17,-0.21,-2943.0,-1.58,True,189.09,186.33,1.46,4553.9,4564.18,4537.07,27.11,188657.0,189391.0,188378.0,1013.0,188.47,189.21,188.19,1.02,4539.7,4539.38,4539.06,0.0141,4539.38,4548.05,4658.79,4539.64,4541.33,4543.83,4560.5,4595.61,-4.19,-0.3217,-3.7277,0.0419,-2.396,0,0,1,1,1,3,DOMINANT,3903.09,3403.61,720142.84,6344.51,6240.38,3570.25,30970.67,435799.08,35546.18,5805.43,77.161,18.43,99.27,7408.5,105.42,78366.7734,1981.3,3.588,4.595,5.128,2026-05-12,219793,48171,171622,57725,267983,-210258
2026-05-16T09:03:05.380727+00:00,18632.0,19011.0,186332.0,189275.0,4539.26,4538.02,4540.49,True,1.2795,1.27894,1.28,True,186.73,186726.27,-394.27,-0.21,-2943.0,-1.58,True,189.09,186.33,1.46,4553.9,4564.18,4537.07,27.11,188657.0,189391.0,188378.0,1013.0,188.47,189.21,188.19,1.02,4539.7,4539.38,4539.06,0.0141,4539.38,4547.52,4658.11,4539.58,4541.13,4543.49,4559.66,4594.5,-3.91,-0.3217,-3.7277,0.048,-2.396,0,0,1,1,1,3,DOMINANT,3903.1,3403.62,720143.23,6344.51,6240.38,3570.25,30970.69,435799.31,35546.2,5805.43,77.161,18.43,99.27,7408.5,105.42,78342.8594,1981.3,3.588,4.595,5.128,2026-05-12,219793,48171,171622,57725,267983,-210258
2026-05-16T09:14:48.028757+00:00,18632.0,19011.0,186332.0,189275.0,4539.25,4538.0151,4540.49,True,1.2795,1.27894,1.28,True,186.73,186726.17,-394.17,-0.21,-2943.0,-1.58,True,189.09,186.33,1.46,4553.9,4564.18,4537.07,27.11,188657.0,189391.0,188378.0,1013.0,188.47,189.21,188.19,1.02,4539.7,4539.38,4539.06,0.0141,4539.38,4546.82,4657.45,4539.53,4540.95,4543.18,4558.86,4593.4,-3.65,-0.3215,-3.7275,0.0002,-2.3849,0,0,1,1,1,3,DOMINANT,3903.09,3403.61,720142.84,6344.51,6240.38,3570.25,30970.67,435799.08,35546.18,5805.43,77.161,18.43,99.27,7408.5,105.42,78229.1328,1981.3,3.588,4.595,5.128,2026-05-12,219793,48171,171622,57725,267983,-210258
2026-05-16T09:16:55.393324+00:00,18632.0,19011.0,186332.0,189275.0,4539.26,4538.02,4540.49,True,1.2795,1.27894,1.28,True,186.73,186726.27,-394.27,-0.21,-2943.0,-1.58,True,189.09,186.33,1.46,4553.9,4564.18,4537.07,27.11,188657.0,189391.0,188378.0,1013.0,188.47,189.21,188.19,1.02,4539.7,4539.38,4539.06,0.0141,4539.38,4546.31,4656.84,4539.49,4540.79,4542.89,4558.09,4592.33,-3.4,-0.3217,-3.7277,0.0,-2.396,0,0,1,0,1,2,EMERGING,3903.1,3403.62,720143.23,6344.51,6240.38,3570.25,30970.69,435799.31,35546.2,5805.43,77.161,18.43,99.27,7408.5,105.42,78196.5078,1981.3,3.588,4.595,5.128,2026-05-12,219793,48171,171622,57725,267983,-210258
2026-05-16T10:23:34.511266+00:00,18632.0,19011.0,186332.0,189275.0,4539.26,4538.02,4540.49,True,1.2795,1.27894,1.28,True,186.73,186726.27,-394.27,-0.21,-2943.0,-1.58,True,189.09,186.33,1.46,4560.24,4564.18,4537.07,27.11,189202.0,189391.0,188699.0,692.0,189.02,189.21,188.52,0.69,4539.67,4539.36,4539.05,0.0137,4539.36,4545.77,4656.18,4539.45,4540.65,4542.62,4557.36,4591.28,-3.17,-0.4601,-3.7275,0.0002,-2.6447,0,0,1,1,1,3,DOMINANT,3903.1,3403.62,720143.23,6344.51,6240.38,3570.25,30970.69,435799.31,35546.2,5805.43,77.161,18.43,99.27,7408.5,105.42,77823.8594,1981.3,3.588,4.595,5.128,2026-05-12,219793,48171,171622,57725,267983,-210258
2026-05-16T10:39:39.542837+00:00,18632.0,19011.0,186332.0,189275.0,4539.25,4538.0151,4540.49,True,1.2795,1.27894,1.28,True,186.73,186726.17,-394.17,-0.21,-2943.0,-1.58,True,189.09,186.33,1.46,4552.25,4564.18,4537.07,27.11,189202.0,189391.0,188699.0,692.0,189.02,189.21,188.52,0.69,4539.67,4539.36,4539.05,0.0137,4539.36,4545.44,4655.51,4539.42,4540.51,4542.37,4556.65,4590.25,-2.95,-0.2854,-3.7275,-0.0068,-2.6098,0,0,1,0,1,2,EMERGING,3903.09,3403.61,720142.84,6344.51,6240.38,3570.25,30970.67,435799.08,35546.18,5805.43,77.161,18.43,99.27,7408.5,105.42,77837.8281,1981.3,3.588,4.595,5.128,2026-05-12,219793,48171,171622,57725,267983,-210258
2026-05-16T10:47:51.340913+00:00,18632.0,19011.0,186332.0,189275.0,4539.25,4538.0151,4540.49,True,1.2795,1.27894,1.28,True,186.73,186726.17,-394.17,-0.21,-2943.0,-1.58,True,189.09,186.33,1.46,4564.18,4564.18,4537.07,27.11,189391.0,189391.0,188699.0,692.0,189.21,189.21,188.52,0.69,4539.67,4539.36,4539.05,0.0137,4539.36,4545.18,4654.85,4539.4,4540.39,4542.14,4555.96,4589.24,-2.74,-0.5462,-3.7277,0.0,-2.4635,0,0,1,0,1,2,EMERGING,3903.09,3403.61,720142.84,6344.51,6240.38,3570.25,30970.67,435799.08,35546.18,5805.43,77.161,18.43,99.27,7408.5,105.42,77889.0703,1981.3,3.588,4.595,5.128,2026-05-12,219793,48171,171622,57725,267983,-210258
2026-05-16T10:50:33.706123+00:00,18632.0,19011.0,186332.0,189275.0,4539.25,4538.0151,4540.49,True,1.2795,1.27894,1.28,True,186.73,186726.17,-394.17,-0.21,-2943.0,-1.58,True,189.09,186.33,1.46,4564.18,4564.18,4537.07,27.11,189391.0,189391.0,188699.0,692.0,189.21,189.21,188.52,0.69,4539.65,4539.35,4539.05,0.0132,4539.35,4544.76,4654.25,4539.37,4540.28,4541.92,4555.31,4588.25,-2.55,-0.5462,-3.7277,0.0,-2.4621,0,0,1,0,1,2,EMERGING,3903.09,3403.61,720142.84,6344.51,6240.38,3570.25,30970.67,435799.08,35546.18,5805.43,77.161,18.43,99.27,7408.5,105.42,77890.1094,1981.3,3.588,4.595,5.128,2026-05-12,219793,48171,171622,57725,267983,-210258
2026-05-16T11:41:02.507199+00:00,18632.0,19011.0,186332.0,189275.0,4539.26,4538.02,4540.49,True,1.2795,1.27894,1.28,True,186.73,186726.27,-394.27,-0.21,-2943.0,-1.58,True,189.09,186.33,1.46,4545.86,4561.34,4537.07,24.27,188863.0,189275.0,188699.0,576.0,188.68,189.09,188.52,0.57,4539.65,4539.35,4539.05,0.0132,4539.35,4544.47,4653.58,4539.35,4540.19,4541.73,4554.68,4587.28,-2.38,-0.1454,-3.7277,-0.007,-2.3557,0,0,1,0,1,2,EMERGING,3903.1,3403.62,720143.23,6344.51,6240.38,3570.25,30970.69,435799.31,35546.2,5805.43,77.161,18.43,99.27,7408.5,105.42,78125.5078,1981.3,3.588,4.595,5.128,2026-05-12,219793,48171,171622,57725,267983,-210258
2026-05-16T11:59:21.630363+00:00,18632.0,19011.0,186332.0,189275.0,4539.26,4538.02,4540.49,True,1.2795,1.27894,1.28,True,186.73,186726.27,-394.27,-0.21,-2943.0,-1.58,True,189.09,186.33,1.46,4545.86,4561.34,4537.07,24.27,188863.0,189275.0,188699.0,576.0,188.68,189.09,188.52,0.57,4539.61,4539.33,4539.05,0.0123,4539.33,4544.19,4652.91,4539.34,4540.1,4541.54,4554.07,4586.33,-2.2,-0.1452,-3.7275,0.0002,-2.3137,0,0,1,1,1,3,DOMINANT,3903.1,3403.62,720143.23,6344.51,6240.38,3570.25,30970.69,435799.31,35546.2,5805.43,77.161,18.43,99.27,7408.5,105.42,78059.8594,1981.3,3.588,4.595,5.128,2026-05-12,219793,48171,171622,57725,267983,-210258
2026-05-16T12:08:46.114121+00:00,18632.0,19011.0,186332.0,189275.0,4539.25,4538.0151,4540.49,True,1.2795,1.27894,1.28,True,186.73,186726.17,-394.17,-0.21,-2943.0,-1.58,True,189.09,186.33,1.46,4545.86,4561.34,4537.07,24.27,188863.0,189275.0,188699.0,576.0,188.68,189.09,188.52,0.57,4539.58,4539.32,4539.06,0.0115,4539.32,4543.77,4652.14,4539.33,4540.02,4541.37,4553.49,4585.4,-2.04,-0.1452,-3.7275,-0.0068,-1.584,0,0,1,0,1,2,EMERGING,3903.09,3403.61,720142.84,6344.51,6240.38,3570.25,30970.67,435799.08,35546.18,5805.43,77.161,18.43,99.27,7408.5,105.42,78040.3281,1981.3,3.588,4.595,5.128,2026-05-12,219793,48171,171622,57725,267983,-210258
2026-05-16T12:42:38.462582+00:00,18632.0,19011.0,186332.0,189275.0,4539.25,4538.0151,4540.49,True,1.2795,1.27894,1.28,True,186.73,186726.17,-394.17,-0.21,-2943.0,-1.58,True,189.09,186.33,1.46,4545.86,4561.34,4537.07,24.27,188863.0,189275.0,188699.0,576.0,188.68,189.09,188.52,0.57,4539.58,4539.32,4539.06,0.0115,4539.32,4543.51,4651.16,4539.32,4539.94,4541.22,4552.93,4584.48,-1.9,-0.1454,-3.7277,-0.007,-1.7823,0,0,1,0,1,2,EMERGING,3903.09,3403.61,720142.84,6344.51,6240.38,3570.25,30970.67,435799.08,35546.18,5805.43,77.161,18.43,99.27,7408.5,105.42,78043.6797,1981.3,3.588,4.595,5.128,2026-05-12,219793,48171,171622,57725,267983,-210258
2026-05-16T12:47:29.804934+00:00,18632.0,19011.0,186332.0,189275.0,4539.26,4538.02,4540.49,True,1.2795,1.27894,1.28,True,186.73,186726.27,-394.27,-0.21,-2943.0,-1.58,True,189.09,186.33,1.46,4545.86,4561.34,4537.07,24.27,188863.0,189275.0,188699.0,576.0,188.68,189.09,188.52,0.57,4539.53,4539.3,4539.07,0.0101,4539.3,4543.02,4650.22,4539.31,4539.88,4541.07,4552.4,4583.59,-1.76,-0.1454,-3.7277,0.0,-1.7557,0,0,1,0,1,2,EMERGING,3903.1,3403.62,720143.23,6344.51,6240.38,3570.25,30970.69,435799.31,35546.2,5805.43,77.161,18.43,99.27,7408.5,105.42,78025.4609,1981.3,3.588,4.595,5.128,2026-05-12,219793,48171,171622,57725,267983,-210258
2026-05-16T13:51:03.369954+00:00,18632.0,19011.0,186332.0,189275.0,4539.26,4538.02,4540.49,True,1.2795,1.27894,1.28,True,186.73,186726.27,-394.27,-0.21,-2943.0,-1.58,True,189.09,186.33,1.46,4553.89,4561.34,4537.07,24.27,188855.0,189275.0,188855.0,420.0,188.67,189.09,188.67,0.42,4539.48,4539.29,4539.1,0.0084,4539.29,4542.57,4649.26,4539.3,4539.82,4540.94,4551.88,4582.71,-1.64,-0.3213,-3.7275,-0.0068,-1.5593,0,0,1,0,1,2,EMERGING,3903.1,3403.62,720143.23,6344.51,6240.38,3570.25,30970.69,435799.31,35546.2,5805.43,77.161,18.43,99.27,7408.5,105.42,77892.4062,1981.3,3.588,4.595,5.128,2026-05-12,219793,48171,171622,57725,267983,-210258
2026-05-16T14:02:03.549312+00:00,18632.0,19011.0,186332.0,189275.0,4539.25,4538.0151,4540.49,True,1.2795,1.27894,1.28,True,186.73,186726.17,-394.17,-0.21,-2943.0,-1.58,True,189.09,186.33,1.46,4553.89,4561.34,4537.07,24.27,188855.0,189275.0,188855.0,420.0,188.67,189.09,188.67,0.42,4539.41,4539.27,4539.13,0.0062,4539.27,4542.18,4648.31,4539.29,4539.77,4540.81,4551.39,4581.85,-1.52,-0.3213,-3.7275,-0.0068,-0.585,0,0,1,0,1,2,EMERGING,3903.09,3403.61,720142.84,6344.51,6240.38,3570.25,30970.67,435799.08,35546.18,5805.43,77.161,18.43,99.27,7408.5,105.42,77917.7422,1981.3,3.588,4.595,5.128,2026-05-12,219793,48171,171622,57725,267983,-210258
2026-05-16T14:14:58.817723+00:00,18632.0,19011.0,186332.0,189275.0,4539.26,4538.02,4540.49,True,1.2795,1.27894,1.28,True,186.73,186726.27,-394.27,-0.21,-2943.0,-1.58,True,189.09,186.33,1.46,4553.89,4561.34,4537.07,24.27,188855.0,189275.0,188855.0,420.0,188.67,189.09,188.67,0.42,4539.41,4539.27,4539.13,0.0062,4539.27,4542.04,4647.38,4539.29,4539.72,4540.7,4550.91,4581.01,-1.41,-0.3215,-3.7277,-0.007,-0.7595,0,0,1,0,1,2,EMERGING,3903.1,3403.62,720143.23,6344.51,6240.38,3570.25,30970.69,435799.31,35546.2,5805.43,77.161,18.43,99.27,7408.5,105.42,77925.8828,1981.3,3.588,4.595,5.128,2026-05-12,219793,48171,171622,57725,267983,-210258
2026-05-16T14:42:30.050375+00:00,18632.0,19011.0,186332.0,189275.0,4539.25,4538.0151,4540.49,True,1.2795,1.27894,1.28,True,186.73,186726.17,-394.17,-0.21,-2943.0,-1.58,True,189.09,186.33,1.46,4547.83,4561.34,4537.07,24.27,189275.0,189275.0,189275.0,0.0,189.09,189.09,189.09,0.0,4539.27,4539.26,4539.25,0.0004,4539.26,4541.9,4646.46,4539.28,4539.67,4540.59,4550.45,4580.18,-1.31,-0.1884,-3.7275,0.0002,-0.5617,0,0,1,1,1,3,DOMINANT,3903.09,3403.61,720142.84,6344.51,6240.38,3570.25,30970.67,435799.08,35546.18,5805.43,77.161,18.43,99.27,7408.5,105.42,78136.3203,1981.3,3.588,4.595,5.128,2026-05-12,219793,48171,171622,57725,267983,-210258
2026-05-16T15:05:42.144369+00:00,18632.0,19011.0,186332.0,189275.0,4539.26,4538.02,4540.49,True,1.2795,1.27894,1.28,True,186.73,186726.27,-394.27,-0.21,-2943.0,-1.58,True,189.09,186.33,1.46,4547.83,4561.34,4537.07,24.27,189275.0,189275.0,189275.0,0.0,189.09,189.09,189.09,0.0,4539.26,4539.25,4539.24,0.0004,4539.25,4541.64,4645.53,4539.28,4539.63,4540.49,4550.01,4579.37,-1.21,-0.1887,-3.7277,-0.007,-0.5946,0,0,1,0,1,2,EMERGING,3903.1,3403.62,720143.23,6344.51,6240.38,3570.25,30970.69,435799.31,35546.2,5805.43,77.161,18.43,99.27,7408.5,105.42,78160.0078,1981.3,3.588,4.595,5.128,2026-05-12,219793,48171,171622,57725,267983,-210258
2026-05-16T15:19:52.797059+00:00,18632.0,19011.0,186332.0,189275.0,4539.25,4538.0151,4540.49,True,1.2795,1.27894,1.28,True,186.73,186726.17,-394.17,-0.21,-2943.0,-1.58,True,189.09,186.33,1.46,4547.83,4561.34,4537.07,24.27,189275.0,189275.0,189275.0,0.0,189.09,189.09,189.09,0.0,4539.26,4539.25,4539.24,0.0004,4539.25,4541.34,4644.61,4539.27,4539.6,4540.4,4549.59,4578.57,-1.13,-0.1884,-3.7275,0.0,-0.3569,0,0,1,0,1,2,EMERGING,3903.09,3403.61,720142.84,6344.51,6240.38,3570.25,30970.67,435799.08,35546.18,5805.43,77.161,18.43,99.27,7408.5,105.42,78094.75,1981.3,3.588,4.595,5.128,2026-05-12,219793,48171,171622,57725,267983,-210258
2026-05-16T15:43:49.239868+00:00,18632.0,19011.0,186332.0,189275.0,4539.26,4538.02,4540.49,True,1.2795,1.27894,1.28,True,186.73,186726.27,-394.27,-0.21,-2943.0,-1.58,True,189.09,186.33,1.46,4539.88,4561.34,4537.07,24.27,189275.0,189275.0,189275.0,0.0,189.09,189.09,189.09,0.0,4539.26,4539.25,4539.24,0.0004,4539.25,4541.17,4643.68,4539.27,4539.56,4540.31,4549.19,4577.8,-1.04,-0.0139,-3.7277,-0.0002,-0.2873,0,0,1,0,1,2,EMERGING,3903.1,3403.62,720143.23,6344.51,6240.38,3570.25,30970.69,435799.31,35546.2,5805.43,77.161,18.43,99.27,7408.5,105.42,78178.1094,1981.3,3.588,4.595,5.128,2026-05-12,219793,48171,171622,57725,267983,-210258
2026-05-16T16:06:03.931414+00:00,18632.0,19011.0,186332.0,189275.0,4539.25,4538.0151,4540.49,True,1.2795,1.27894,1.28,True,186.73,186726.17,-394.17,-0.21,-2943.0,-1.58,True,189.09,186.33,1.46,4543.45,4561.34,4537.07,24.27,189275.0,189275.0,189275.0,0.0,189.09,189.09,189.09,0.0,4539.26,4539.25,4539.24,0.0004,4539.25,4541.05,4642.75,4539.27,4539.54,4540.24,4548.8,4577.03,-0.97,-0.0922,-3.7275,0.0,-0.4598,0,0,1,0,1,2,EMERGING,3903.09,3403.61,720142.84,6344.51,6240.38,3570.25,30970.67,435799.08,35546.18,5805.43,77.161,18.43,99.27,7408.5,105.42,78250.4375,1981.3,3.588,4.595,5.128,2026-05-12,219793,48171,171622,57725,267983,-210258
2026-05-16T16:13:32.166014+00:00,18632.0,19011.0,186332.0,189275.0,4539.25,4538.0151,4540.49,True,1.2795,1.27894,1.28,True,186.73,186726.17,-394.17,-0.21,-2943.0,-1.58,True,189.09,186.33,1.46,4543.45,4561.34,4537.07,24.27,189275.0,189275.0,189275.0,0.0,189.09,189.09,189.09,0.0,4539.26,4539.25,4539.24,0.0004,4539.25,4541.04,4641.77,4539.27,4539.51,4540.16,4548.42,4576.28,-0.89,-0.0924,-3.7277,0.0,-0.3217,0,0,1,0,1,2,EMERGING,3903.09,3403.61,720142.84,6344.51,6240.38,3570.25,30970.67,435799.08,35546.18,5805.43,77.161,18.43,99.27,7408.5,105.42,78190.0391,1981.3,3.588,4.595,5.128,2026-05-12,219793,48171,171622,57725,267983,-210258
2026-05-16T16:32:41.686547+00:00,18632.0,19011.0,186332.0,189275.0,4539.25,4538.0151,4540.49,True,1.2795,1.27894,1.28,True,186.73,186726.17,-394.17,-0.21,-2943.0,-1.58,True,189.09,186.33,1.46,4543.45,4561.34,4537.07,24.27,189275.0,189275.0,189275.0,0.0,189.09,189.09,189.09,0.0,4539.26,4539.25,4539.24,0.0004,4539.25,4540.96,4640.79,4539.26,4539.48,4540.1,4548.06,4575.55,-0.84,-0.0924,-3.7277,0.0,-0.3022,0,0,1,0,1,2,EMERGING,3903.09,3403.61,720142.84,6344.51,6240.38,3570.25,30970.67,435799.08,35546.18,5805.43,77.161,18.43,99.27,7408.5,105.42,78243.5234,1981.3,3.588,4.595,5.128,2026-05-12,219793,48171,171622,57725,267983,-210258
2026-05-16T16:40:39.444205+00:00,18632.0,19011.0,186332.0,189275.0,4539.25,4538.0151,4540.49,True,1.2795,1.27894,1.28,True,186.73,186726.17,-394.17,-0.21,-2943.0,-1.58,True,189.09,186.33,1.46,4543.45,4561.34,4537.07,24.27,189275.0,189275.0,189275.0,0.0,189.09,189.09,189.09,0.0,4539.26,4539.25,4539.24,0.0004,4539.25,4540.55,4639.81,4539.26,4539.46,4540.03,4547.72,4574.83,-0.77,-0.0924,-3.7277,-0.0002,-0.4603,0,0,1,0,1,2,EMERGING,3903.09,3403.61,720142.84,6344.51,6240.38,3570.25,30970.67,435799.08,35546.18,5805.43,77.161,18.43,99.27,7408.5,105.42,78197.4297,1981.3,3.588,4.595,5.128,2026-05-12,219793,48171,171622,57725,267983,-210258
2026-05-16T17:11:54.931166+00:00,18632.0,19011.0,186332.0,189275.0,4539.25,4538.0151,4540.49,True,1.2795,1.27894,1.28,True,186.73,186726.17,-394.17,-0.21,-2943.0,-1.58,True,189.09,186.33,1.46,4559.54,4561.34,4537.07,24.27,189275.0,189275.0,189275.0,0.0,189.09,189.09,189.09,0.0,4539.26,4539.25,4539.24,0.0004,4539.25,4540.16,4638.84,4539.26,4539.44,4539.98,4547.39,4574.13,-0.72,-0.445,-3.7766,0.0,-0.2856,0,0,1,0,1,2,EMERGING,3903.09,3403.61,720142.84,6344.51,6240.38,3570.25,30970.67,435799.08,35546.18,5805.43,77.161,18.43,99.27,7408.5,105.42,78222.5312,1981.3,3.588,4.595,5.128,2026-05-12,219793,48171,171622,57725,267983,-210258
2026-05-16T17:17:50.114669+00:00,18632.0,19011.0,186332.0,189275.0,4539.25,4538.0151,4540.49,True,1.2795,1.27894,1.28,True,186.73,186726.17,-394.17,-0.21,-2943.0,-1.58,True,189.09,186.33,1.46,4559.54,4561.34,4537.07,24.27,189275.0,189275.0,189275.0,0.0,189.09,189.09,189.09,0.0,4539.26,4539.25,4539.24,0.0004,4539.25,4539.72,4637.86,4539.26,4539.42,4539.92,4547.07,4573.44,-0.66,-0.445,-3.7277,-0.0002,-0.5462,0,0,1,0,1,2,EMERGING,3903.09,3403.61,720142.84,6344.51,6240.38,3570.25,30970.67,435799.08,35546.18,5805.43,77.161,18.43,99.27,7408.5,105.42,78185.0078,1981.3,3.588,4.595,5.128,2026-05-12,219793,48171,171622,57725,267983,-210258
2026-05-16T17:36:40.924114+00:00,18632.0,19011.0,186332.0,189275.0,4539.25,4538.0151,4540.49,True,1.2795,1.27894,1.28,True,186.73,186726.17,-394.17,-0.21,-2943.0,-1.58,True,189.09,186.33,1.46,4559.54,4561.34,4537.07,24.27,189275.0,189275.0,189275.0,0.0,189.09,189.09,189.09,0.0,4539.26,4539.25,4539.24,0.0004,4539.25,4539.36,4636.88,4539.26,4539.41,4539.87,4546.76,4572.76,-0.61,-0.445,-3.7277,-0.0002,-0.4863,0,0,1,0,1,2,EMERGING,3903.09,3403.61,720142.84,6344.51,6240.38,3570.25,30970.67,435799.08,35546.18,5805.43,77.161,18.43,99.27,7408.5,105.42,78292.0234,1981.3,3.588,4.595,5.128,2026-05-12,219793,48171,171622,57725,267983,-210258
2026-05-16T17:43:28.779530+00:00,18632.0,19011.0,186332.0,189275.0,4539.26,4538.02,4540.49,True,1.2795,1.27894,1.28,True,186.73,186726.27,-394.27,-0.21,-2943.0,-1.58,True,189.09,186.33,1.46,4559.54,4561.34,4537.07,24.27,189275.0,189275.0,189275.0,0.0,189.09,189.09,189.09,0.0,4539.26,4539.25,4539.24,0.0004,4539.25,4539.18,4635.88,4539.26,4539.39,4539.83,4546.47,4572.1,-0.57,-0.445,-3.7277,0.0,-0.4363,0,0,1,0,1,2,EMERGING,3903.1,3403.62,720143.23,6344.51,6240.38,3570.25,30970.69,435799.31,35546.2,5805.43,77.161,18.43,99.27,7408.5,105.42,78265.1719,1981.3,3.588,4.595,5.128,2026-05-12,219793,48171,171622,57725,267983,-210258
2026-05-16T18:09:00.849970+00:00,18632.0,19011.0,186332.0,189275.0,4539.25,4538.0151,4540.49,True,1.2795,1.27894,1.28,True,186.73,186726.17,-394.17,-0.21,-2943.0,-1.58,True,189.09,186.33,1.46,4558.9,4561.34,4537.07,24.27,189275.0,189275.0,189275.0,0.0,189.09,189.09,189.09,0.0,4539.26,4539.25,4539.24,0.0004,4539.25,4539.22,4634.86,4539.26,4539.38,4539.78,4546.18,4571.45,-0.52,-0.4308,-3.7275,0.0002,-0.1452,0,0,1,1,1,3,DOMINANT,3903.09,3403.61,720142.84,6344.51,6240.38,3570.25,30970.67,435799.08,35546.18,5805.43,77.161,18.43,99.27,7408.5,105.42,78149.2422,1981.3,3.588,4.595,5.128,2026-05-12,219793,48171,171622,57725,267983,-210258
2026-05-16T18:39:56.283931+00:00,18632.0,19011.0,186332.0,189275.0,4539.26,4538.02,4540.49,True,1.2795,1.27894,1.28,True,186.73,186726.27,-394.27,-0.21,-2943.0,-1.58,True,189.09,186.33,1.46,4548.15,4548.15,4537.07,11.08,189275.0,189275.0,189275.0,0.0,189.09,189.09,189.09,0.0,4539.26,4539.25,4539.24,0.0004,4539.25,4539.26,4633.82,4539.26,4539.37,4539.74,4545.91,4570.81,-0.48,-0.1957,-3.7277,0.0,-0.1595,0,0,1,0,1,2,EMERGING,3903.1,3403.62,720143.23,6344.51,6240.38,3570.25,30970.69,435799.31,35546.2,5805.43,77.161,18.43,99.27,7408.5,105.42,78169.0391,1981.3,3.588,4.595,5.128,2026-05-12,219793,48171,171622,57725,267983,-210258
2026-05-16T18:42:45.126519+00:00,18632.0,19011.0,186332.0,189275.0,4539.26,4538.02,4540.49,True,1.2795,1.27894,1.28,True,186.73,186726.27,-394.27,-0.21,-2943.0,-1.58,True,189.09,186.33,1.46,4548.15,4548.15,4537.07,11.08,189275.0,189275.0,189275.0,0.0,189.09,189.09,189.09,0.0,4539.26,4539.25,4539.24,0.0004,4539.25,4539.3,4632.73,4539.26,4539.36,4539.71,4545.65,4570.18,-0.45,-0.1955,-3.7275,0.0,-0.2884,0,0,1,0,1,2,EMERGING,3903.1,3403.62,720143.23,6344.51,6240.38,3570.25,30970.69,435799.31,35546.2,5805.43,77.161,18.43,99.27,7408.5,105.42,78178.0,1981.3,3.588,4.595,5.128,2026-05-12,219793,48171,171622,57725,267983,-210258
2026-05-16T19:19:01.993025+00:00,18632.0,19011.0,186332.0,189275.0,4539.26,4538.02,4540.49,True,1.2795,1.27894,1.28,True,186.73,186726.27,-394.27,-0.21,-2943.0,-1.58,True,189.09,186.33,1.46,4548.15,4548.15,4537.07,11.08,189275.0,189275.0,189275.0,0.0,189.09,189.09,189.09,0.0,4539.26,4539.25,4539.24,0.0004,4539.25,4539.3,4631.65,4539.26,4539.35,4539.68,4545.4,4569.57,-0.42,-0.1955,-3.7275,0.0,-0.3213,0,0,1,0,1,2,EMERGING,3903.1,3403.62,720143.23,6344.51,6240.38,3570.25,30970.69,435799.31,35546.2,5805.43,77.161,18.43,99.27,7408.5,105.42,78213.0312,1981.3,3.588,4.595,5.128,2026-05-12,219793,48171,171622,57725,267983,-210258
2026-05-16T19:36:17.706987+00:00,18632.0,19011.0,186332.0,189275.0,4539.26,4538.02,4540.49,True,1.2795,1.27894,1.28,True,186.73,186726.27,-394.27,-0.21,-2943.0,-1.58,True,189.09,186.33,1.46,4548.15,4548.15,4537.07,11.08,189275.0,189275.0,189275.0,0.0,189.09,189.09,189.09,0.0,4539.26,4539.25,4539.24,0.0004,4539.25,4539.3,4630.52,4539.26,4539.34,4539.64,4545.16,4568.97,-0.38,-0.1955,-3.7275,0.0002,-0.1884,0,0,1,1,1,3,DOMINANT,3903.1,3403.62,720143.23,6344.51,6240.38,3570.25,30970.69,435799.31,35546.2,5805.43,77.161,18.43,99.27,7408.5,105.42,78246.9375,1981.3,3.588,4.595,5.128,2026-05-12,219793,48171,171622,57725,267983,-210258
2026-05-16T19:52:56.798463+00:00,18632.0,19011.0,186332.0,189275.0,4539.26,4538.02,4540.49,True,1.2795,1.27894,1.28,True,186.73,186726.27,-394.27,-0.21,-2943.0,-1.58,True,189.09,186.33,1.46,4548.15,4548.15,4537.07,11.08,189275.0,189275.0,189275.0,0.0,189.09,189.09,189.09,0.0,4539.26,4539.25,4539.24,0.0004,4539.25,4539.3,4629.38,4539.26,4539.33,4539.62,4544.93,4568.38,-0.36,-0.1955,-3.7275,0.0002,-0.1298,0,0,1,1,1,3,DOMINANT,3903.1,3403.62,720143.23,6344.51,6240.38,3570.25,30970.69,435799.31,35546.2,5805.43,77.161,18.43,99.27,7408.5,105.42,78241.9297,1981.3,3.588,4.595,5.128,2026-05-12,219793,48171,171622,57725,267983,-210258
2026-05-16T20:24:44.207672+00:00,18632.0,19011.0,186332.0,189275.0,4539.25,4538.0151,4540.49,True,1.2795,1.27894,1.28,True,186.73,186726.17,-394.17,-0.21,-2943.0,-1.58,True,189.09,186.33,1.46,4539.25,4539.57,4539.25,0.32,189275.0,189275.0,189275.0,0.0,189.09,189.09,189.09,0.0,4539.26,4539.25,4539.24,0.0004,4539.25,4539.3,4628.36,4539.26,4539.32,4539.59,4544.71,4567.81,-0.33,0.0002,-3.7275,0.0,-0.0137,0,0,1,0,1,2,EMERGING,3903.09,3403.61,720142.84,6344.51,6240.38,3570.25,30970.67,435799.08,35546.18,5805.43,77.161,18.43,99.27,7408.5,105.42,78257.5781,1981.3,3.588,4.595,5.128,2026-05-12,219793,48171,171622,57725,267983,-210258
2026-05-16T21:00:01.353779+00:00,18632.0,19011.0,186332.0,189275.0,4539.25,4538.0151,4540.49,True,1.2795,1.27894,1.28,True,186.73,186726.17,-394.17,-0.21,-2943.0,-1.58,True,189.09,186.33,1.46,4539.25,4539.57,4539.25,0.32,189275.0,189275.0,189275.0,0.0,189.09,189.09,189.09,0.0,4539.26,4539.25,4539.24,0.0004,4539.25,4539.3,4627.36,4539.26,4539.32,4539.56,4544.49,4567.24,-0.3,0.0,-3.7277,-0.0002,-0.0924,0,0,1,0,1,2,EMERGING,3903.09,3403.61,720142.84,6344.51,6240.38,3570.25,30970.67,435799.08,35546.18,5805.43,77.161,18.43,99.27,7408.5,105.42,78234.4219,1981.3,3.588,4.595,5.128,2026-05-12,219793,48171,171622,57725,267983,-210258
2026-05-16T21:06:40.239749+00:00,18632.0,19011.0,186332.0,189275.0,4539.25,4538.0151,4540.49,True,1.2795,1.27894,1.28,True,186.73,186726.17,-394.17,-0.21,-2943.0,-1.58,True,189.09,186.33,1.46,4539.25,4539.57,4539.25,0.32,189275.0,189275.0,189275.0,0.0,189.09,189.09,189.09,0.0,4539.26,4539.25,4539.24,0.0004,4539.25,4539.3,4626.46,4539.26,4539.31,4539.54,4544.29,4566.69,-0.28,0.0,-3.7277,0.0,-0.445,0,0,1,0,1,2,EMERGING,3903.09,3403.61,720142.84,6344.51,6240.38,3570.25,30970.67,435799.08,35546.18,5805.43,77.161,18.43,99.27,7408.5,105.42,78250.7734,1981.3,3.588,4.595,5.128,2026-05-12,219793,48171,171622,57725,267983,-210258
2026-05-16T21:31:11.687427+00:00,18632.0,19011.0,186332.0,189275.0,4539.26,4538.02,4540.49,True,1.2795,1.27894,1.28,True,186.73,186726.27,-394.27,-0.21,-2943.0,-1.58,True,189.09,186.33,1.46,4539.25,4539.57,4539.25,0.32,189275.0,189275.0,189275.0,0.0,189.09,189.09,189.09,0.0,4539.26,4539.25,4539.24,0.0004,4539.25,4539.29,4625.55,4539.25,4539.31,4539.52,4544.09,4566.14,-0.27,0.0,-3.7277,-0.0002,-0.431,0,0,1,0,1,2,EMERGING,3903.1,3403.62,720143.23,6344.51,6240.38,3570.25,30970.69,435799.31,35546.2,5805.43,77.161,18.43,99.27,7408.5,105.42,78243.4609,1981.3,3.588,4.595,5.128,2026-05-12,219793,48171,171622,57725,267983,-210258
2026-05-16T21:35:58.347920+00:00,18632.0,19011.0,186332.0,189275.0,4539.25,4538.0151,4540.49,True,1.2795,1.27894,1.28,True,186.73,186726.17,-394.17,-0.21,-2943.0,-1.58,True,189.09,186.33,1.46,4539.25,4539.57,4539.25,0.32,189275.0,189275.0,189275.0,0.0,189.09,189.09,189.09,0.0,4539.26,4539.25,4539.24,0.0004,4539.25,4539.29,4624.68,4539.26,4539.3,4539.5,4543.9,4565.61,-0.24,0.0002,-3.7275,0.0002,-0.4841,0,0,1,1,1,3,DOMINANT,3903.09,3403.61,720142.84,6344.51,6240.38,3570.25,30970.67,435799.08,35546.18,5805.43,77.161,18.43,99.27,7408.5,105.42,78218.6875,1981.3,3.588,4.595,5.128,2026-05-12,219793,48171,171622,57725,267983,-210258
2026-05-16T21:57:02.210374+00:00,18632.0,19011.0,186332.0,189275.0,4539.25,4538.0151,4540.49,True,1.2795,1.27894,1.28,True,186.73,186726.17,-394.17,-0.21,-2943.0,-1.58,True,189.09,186.33,1.46,4539.57,4539.57,4539.25,0.32,189275.0,189275.0,189275.0,0.0,189.09,189.09,189.09,0.0,4539.26,4539.25,4539.24,0.0004,4539.25,4539.29,4623.81,4539.25,4539.3,4539.48,4543.72,4565.09,-0.23,-0.007,-3.7277,-0.0002,-0.3889,0,0,1,0,1,2,EMERGING,3903.09,3403.61,720142.84,6344.51,6240.38,3570.25,30970.67,435799.08,35546.18,5805.43,77.161,18.43,99.27,7408.5,105.42,78253.1875,1981.3,3.588,4.595,5.128,2026-05-12,219793,48171,171622,57725,267983,-210258
2026-05-16T22:07:13.138520+00:00,18632.0,19011.0,186332.0,189275.0,4539.25,4538.0151,4540.49,True,1.2795,1.27894,1.28,True,186.73,186726.17,-394.17,-0.21,-2943.0,-1.58,True,189.09,186.33,1.46,4539.25,4539.57,4539.25,0.32,189275.0,189275.0,189275.0,0.0,189.09,189.09,189.09,0.0,4539.26,4539.25,4539.24,0.0004,4539.25,4539.28,4623.01,4539.25,4539.29,4539.46,4543.54,4564.58,-0.21,0.0,-3.7277,0.0,-0.1957,0,0,1,0,1,2,EMERGING,3903.09,3403.61,720142.84,6344.51,6240.38,3570.25,30970.67,435799.08,35546.18,5805.43,77.161,18.43,99.27,7408.5,105.42,78147.3828,1981.3,3.588,4.595,5.128,2026-05-12,219793,48171,171622,57725,267983,-210258
2026-05-16T22:27:35.836997+00:00,18632.0,19011.0,186332.0,189275.0,4539.25,4538.0151,4540.49,True,1.2795,1.27894,1.28,True,186.73,186726.17,-394.17,-0.21,-2943.0,-1.58,True,189.09,186.33,1.46,4539.25,4539.57,4539.25,0.32,189275.0,189275.0,189275.0,0.0,189.09,189.09,189.09,0.0,4539.26,4539.25,4539.24,0.0004,4539.25,4539.28,4622.22,4539.25,4539.29,4539.45,4543.37,4564.08,-0.2,0.0,-3.7277,-0.0002,0.0428,0,0,1,0,0,1,NO_TREND,3903.09,3403.61,720142.84,6344.51,6240.38,3570.25,30970.67,435799.08,35546.18,5805.43,77.161,18.43,99.27,7408.5,105.42,78238.5625,1981.3,3.588,4.595,5.128,2026-05-12,219793,48171,171622,57725,267983,-210258
2026-05-16T22:32:24.074499+00:00,18632.0,19011.0,186332.0,189275.0,4539.25,4538.0151,4540.49,True,1.2795,1.27894,1.28,True,186.73,186726.17,-394.17,-0.21,-2943.0,-1.58,True,189.09,186.33,1.46,4539.25,4539.57,4539.25,0.32,189275.0,189275.0,189275.0,0.0,189.09,189.09,189.09,0.0,4539.26,4539.25,4539.24,0.0004,4539.25,4539.27,4621.41,4539.25,4539.28,4539.43,4543.21,4563.58,-0.18,0.0,-3.7277,0.0,0.0419,0,0,1,0,0,1,NO_TREND,3903.09,3403.61,720142.84,6344.51,6240.38,3570.25,30970.67,435799.08,35546.18,5805.43,77.161,18.43,99.27,7408.5,105.42,78236.5469,1981.3,3.588,4.595,5.128,2026-05-12,219793,48171,171622,57725,267983,-210258
2026-05-16T22:56:55.526221+00:00,18632.0,19011.0,186332.0,189275.0,4539.26,4538.02,4540.49,True,1.2795,1.27894,1.28,True,186.73,186726.27,-394.27,-0.21,-2943.0,-1.58,True,189.09,186.33,1.46,4539.25,4539.57,4539.25,0.32,189275.0,189275.0,189275.0,0.0,189.09,189.09,189.09,0.0,4539.26,4539.25,4539.24,0.0004,4539.25,4539.27,4620.61,4539.25,4539.28,4539.42,4543.06,4563.1,-0.17,0.0,-3.7277,0.0,0.048,0,0,1,0,0,1,NO_TREND,3903.1,3403.62,720143.23,6344.51,6240.38,3570.25,30970.69,435799.31,35546.2,5805.43,77.161,18.43,99.27,7408.5,105.42,78168.6484,1981.3,3.588,4.595,5.128,2026-05-12,219793,48171,171622,57725,267983,-210258
2026-05-16T23:11:06.921345+00:00,18632.0,19011.0,186332.0,189275.0,4539.25,4538.0151,4540.49,True,1.2795,1.27894,1.28,True,186.73,186726.17,-394.17,-0.21,-2943.0,-1.58,True,189.09,186.33,1.46,4539.57,4539.57,4539.25,0.32,189275.0,189275.0,189275.0,0.0,189.09,189.09,189.09,0.0,4539.26,4539.25,4539.24,0.0004,4539.25,4539.26,4619.83,4539.25,4539.28,4539.41,4542.91,4562.63,-0.16,-0.0068,-3.7275,0.0002,0.0002,0,0,1,1,0,2,EMERGING,3903.09,3403.61,720142.84,6344.51,6240.38,3570.25,30970.67,435799.08,35546.18,5805.43,77.161,18.43,99.27,7408.5,105.42,78164.0,1981.3,3.588,4.595,5.128,2026-05-12,219793,48171,171622,57725,267983,-210258
2026-05-16T23:32:56.499572+00:00,18632.0,19011.0,186332.0,189275.0,4539.25,4538.0151,4540.49,True,1.2795,1.27894,1.28,True,186.73,186726.17,-394.17,-0.21,-2943.0,-1.58,True,189.09,186.33,1.46,4539.25,4539.57,4539.25,0.32,189275.0,189275.0,189275.0,0.0,189.09,189.09,189.09,0.0,4539.26,4539.25,4539.24,0.0004,4539.25,4539.26,4619.01,4539.25,4539.28,4539.4,4542.76,4562.17,-0.15,0.0,-3.7277,0.0,0.0,0,0,1,0,0,1,NO_TREND,3903.09,3403.61,720142.84,6344.51,6240.38,3570.25,30970.67,435799.08,35546.18,5805.43,77.161,18.43,99.27,7408.5,105.42,78205.3203,1981.3,3.588,4.595,5.128,2026-05-12,219793,48171,171622,57725,267983,-210258
2026-05-16T23:37:02.560638+00:00,18632.0,19011.0,186332.0,189275.0,4539.25,4538.0151,4540.49,True,1.2795,1.27894,1.28,True,186.73,186726.17,-394.17,-0.21,-2943.0,-1.58,True,189.09,186.33,1.46,4539.57,4539.57,4539.25,0.32,189275.0,189275.0,189275.0,0.0,189.09,189.09,189.09,0.0,4539.26,4539.25,4539.24,0.0004,4539.25,4539.25,4618.25,4539.25,4539.27,4539.39,4542.63,4561.71,-0.14,-0.007,-3.7277,0.0,0.0,0,0,1,0,0,1,NO_TREND,3903.09,3403.61,720142.84,6344.51,6240.38,3570.25,30970.67,435799.08,35546.18,5805.43,77.161,18.43,99.27,7408.5,105.42,78207.1016,1981.3,3.588,4.595,5.128,2026-05-12,219793,48171,171622,57725,267983,-210258
2026-05-17T00:00:42.452663+00:00,18632.0,19011.0,186332.0,189275.0,4539.25,4538.0151,4540.49,True,1.2795,1.27894,1.28,True,186.73,186726.17,-394.17,-0.21,-2943.0,-1.58,True,189.09,186.33,1.46,4539.57,4539.57,4539.25,0.32,189275.0,189275.0,189275.0,0.0,189.09,189.09,189.09,0.0,4539.26,4539.25,4539.24,0.0004,4539.25,4539.25,4617.49,4539.25,4539.27,4539.38,4542.49,4561.27,-0.13,-0.007,-3.7277,0.0,-0.007,0,0,1,0,1,2,EMERGING,3903.09,3403.61,720142.84,6344.51,6240.38,3570.25,30970.67,435799.08,35546.18,5805.43,77.161,18.43,99.27,7408.5,105.42,78142.7812,1981.3,3.588,4.595,5.128,2026-05-12,219793,48171,171622,57725,267983,-210258
2026-05-17T00:10:50.486348+00:00,18632.0,19011.0,186332.0,189275.0,4539.26,4538.02,4540.49,True,1.2795,1.27894,1.28,True,186.73,186726.27,-394.27,-0.21,-2943.0,-1.58,True,189.09,186.33,1.46,4539.25,4539.57,4539.25,0.32,189275.0,189275.0,189275.0,0.0,189.09,189.09,189.09,0.0,4539.26,4539.25,4539.24,0.0004,4539.25,4539.25,4616.66,4539.25,4539.27,4539.37,4542.37,4560.83,-0.12,0.0,-3.7277,0.0,0.0,0,0,1,0,0,1,NO_TREND,3903.1,3403.62,720143.23,6344.51,6240.38,3570.25,30970.69,435799.31,35546.2,5805.43,77.161,18.43,99.27,7408.5,105.42,78203.9062,1981.3,3.588,4.595,5.128,2026-05-12,219793,48171,171622,57725,267983,-210258
2026-05-17T01:29:51.531619+00:00,18632.0,19011.0,186332.0,189275.0,4539.26,4538.02,4540.49,True,1.2793,1.278695,1.28,True,186.71,186708.39,-376.39,-0.2,-2943.0,-1.58,True,189.09,186.33,1.46,4539.57,4539.57,4539.25,0.32,189275.0,189275.0,189275.0,0.0,189.09,189.09,189.09,0.0,4539.26,4539.25,4539.24,0.0004,4539.25,4539.25,4615.82,4539.25,4539.27,4539.36,4542.24,4560.41,-0.11,-0.0068,-3.7275,0.0,0.0002,0,0,1,0,0,1,NO_TREND,3902.27,3402.24,719965.8,6342.59,6239.07,3569.43,30986.32,435664.19,35546.04,5804.32,77.161,18.43,99.27,7408.5,105.42,77958.2422,1981.3,3.588,4.595,5.128,2026-05-12,219793,48171,171622,57725,267983,-210258
2026-05-17T01:31:43.237755+00:00,18632.0,19011.0,186332.0,189275.0,4539.25,4538.0151,4540.49,True,1.2793,1.278695,1.28,True,186.71,186708.29,-376.29,-0.2,-2943.0,-1.58,True,189.09,186.33,1.46,4539.57,4539.57,4539.25,0.32,189275.0,189275.0,189275.0,0.0,189.09,189.09,189.09,0.0,4539.26,4539.25,4539.24,0.0004,4539.25,4539.25,4615.06,4539.25,4539.27,4539.35,4542.13,4559.99,-0.1,-0.0068,-3.7275,0.0002,-0.0068,0,0,1,1,1,3,DOMINANT,3902.27,3402.24,719965.41,6342.58,6239.06,3569.42,30986.3,435663.95,35546.02,5804.32,77.161,18.43,99.27,7408.5,105.42,77949.0938,1981.3,3.588,4.595,5.128,2026-05-12,219793,48171,171622,57725,267983,-210258
2026-05-17T04:12:51.298073+00:00,18632.0,19011.0,186332.0,189275.0,4539.26,4538.02,4540.49,True,1.2793,1.278695,1.28,True,186.71,186708.39,-376.39,-0.2,-2943.0,-1.58,True,189.09,186.33,1.46,4539.25,4539.57,4539.25,0.32,189275.0,189275.0,189275.0,0.0,189.09,189.09,189.09,0.0,4539.26,4539.25,4539.24,0.0004,4539.25,4539.25,4614.28,4539.25,4539.27,4539.34,4542.02,4559.58,-0.09,0.0,-3.7277,-0.0002,0.0,0,0,1,0,0,1,NO_TREND,3902.27,3402.24,719965.8,6342.59,6239.07,3569.43,30986.32,435664.19,35546.04,5804.32,77.547,18.43,99.27,7408.5,101.02,78014.1172,1991.8,3.588,4.595,5.128,2026-05-12,219793,48171,171622,57725,267983,-210258
2026-05-17T04:34:51.181710+00:00,18632.0,19011.0,186332.0,189275.0,4539.26,4538.02,4540.49,True,1.2793,1.278695,1.28,True,186.71,186708.39,-376.39,-0.2,-2943.0,-1.58,True,189.09,186.33,1.46,4539.25,4539.57,4539.25,0.32,189275.0,189275.0,189275.0,0.0,189.09,189.09,189.09,0.0,4539.26,4539.25,4539.24,0.0004,4539.25,4539.25,4613.55,4539.25,4539.27,4539.34,4541.91,4559.17,-0.09,0.0002,-3.7275,0.0,-0.0068,0,0,1,0,1,2,EMERGING,3902.27,3402.24,719965.8,6342.59,6239.07,3569.43,30986.32,435664.19,35546.04,5804.32,77.547,18.43,99.27,7408.5,101.02,78050.0,1991.8,3.588,4.595,5.128,2026-05-12,219793,48171,171622,57725,267983,-210258
2026-05-17T05:33:25.896099+00:00,18632.0,19011.0,186332.0,189275.0,4539.25,4538.0151,4540.49,True,1.2793,1.278695,1.28,True,186.71,186708.29,-376.29,-0.2,-2943.0,-1.58,True,189.09,186.33,1.46,4539.26,4539.26,4539.25,0.01,189275.0,189275.0,189275.0,0.0,189.09,189.09,189.09,0.0,4539.26,4539.25,4539.24,0.0004,4539.25,4539.25,4612.91,4539.26,4539.26,4539.33,4541.8,4558.78,-0.07,0.0,-3.7275,0.0,-0.0068,0,0,1,0,1,2,EMERGING,3902.27,3402.24,719965.41,6342.58,6239.06,3569.42,30986.3,435663.95,35546.02,5804.32,77.547,18.43,99.27,7408.5,101.02,78136.7188,1991.8,3.588,4.595,5.128,2026-05-12,219793,48171,171622,57725,267983,-210258
2026-05-17T05:36:09.156049+00:00,18632.0,19011.0,186332.0,189275.0,4539.26,4538.02,4540.49,True,1.2793,1.278695,1.28,True,186.71,186708.39,-376.39,-0.2,-2943.0,-1.58,True,189.09,186.33,1.46,4539.26,4539.26,4539.25,0.01,189275.0,189275.0,189275.0,0.0,189.09,189.09,189.09,0.0,4539.26,4539.25,4539.24,0.0004,4539.25,4539.25,4612.26,4539.25,4539.26,4539.33,4541.7,4558.39,-0.08,-0.0002,-3.7277,-0.0002,0.0,0,0,1,0,0,1,NO_TREND,3902.27,3402.24,719965.8,6342.59,6239.07,3569.43,30986.32,435664.19,35546.04,5804.32,77.547,18.43,99.27,7408.5,101.02,78138.9297,1991.8,3.588,4.595,5.128,2026-05-12,219793,48171,171622,57725,267983,-210258
2026-05-17T07:38:56.206568+00:00,18632.0,19011.0,186332.0,189275.0,4539.25,4538.0151,4540.49,True,1.2793,1.278695,1.28,True,186.71,186708.29,-376.29,-0.2,-2943.0,-1.58,True,189.09,186.33,1.46,4539.25,4539.26,4539.25,0.01,189275.0,189275.0,189275.0,0.0,189.09,189.09,189.09,0.0,4539.26,4539.25,4539.24,0.0004,4539.25,4539.25,4611.61,4539.26,4539.26,4539.32,4541.61,4558.01,-0.06,0.0002,-3.7275,0.0,-0.0068,0,0,1,0,1,2,EMERGING,3902.27,3402.24,719965.41,6342.58,6239.06,3569.42,30986.3,435663.95,35546.02,5804.32,77.547,18.43,99.27,7408.5,101.02,78081.2266,1991.8,3.588,4.595,5.128,2026-05-12,219793,48171,171622,57725,267983,-210258
2026-05-17T07:45:43.433634+00:00,18632.0,19011.0,186332.0,189275.0,4539.25,4538.0151,4540.49,True,1.2793,1.278695,1.28,True,186.71,186708.29,-376.29,-0.2,-2943.0,-1.58,True,189.09,186.33,1.46,4539.25,4539.26,4539.25,0.01,189275.0,189275.0,189275.0,0.0,189.09,189.09,189.09,0.0,4539.26,4539.25,4539.24,0.0004,4539.25,4539.25,4610.91,4539.25,4539.26,4539.32,4541.51,4557.64,-0.07,0.0,-3.7277,0.0,-0.007,0,0,1,0,1,2,EMERGING,3902.27,3402.24,719965.41,6342.58,6239.06,3569.42,30986.3,435663.95,35546.02,5804.32,77.547,18.43,99.27,7408.5,101.02,78119.9922,1991.8,3.588,4.595,5.128,2026-05-12,219793,48171,171622,57725,267983,-210258
2026-05-17T07:59:41.613447+00:00,18632.0,19011.0,186332.0,189275.0,4539.25,4538.0151,4540.49,True,1.2793,1.278695,1.28,True,186.71,186708.29,-376.29,-0.2,-2943.0,-1.58,True,189.09,186.33,1.46,4539.25,4539.26,4539.25,0.01,189275.0,189275.0,189275.0,0.0,189.09,189.09,189.09,0.0,4539.26,4539.25,4539.24,0.0004,4539.25,4539.25,4610.2,4539.25,4539.26,4539.31,4541.43,4557.28,-0.06,0.0,-3.7277,0.0,-0.007,0,0,1,0,1,2,EMERGING,3902.27,3402.24,719965.41,6342.58,6239.06,3569.42,30986.3,435663.95,35546.02,5804.32,77.547,18.43,99.27,7408.5,101.02,78150.5,1991.8,3.588,4.595,5.128,2026-05-12,219793,48171,171622,57725,267983,-210258
2026-05-17T08:02:42.541271+00:00,18632.0,19011.0,186332.0,189275.0,4539.25,4538.0151,4540.49,True,1.2793,1.278695,1.28,True,186.71,186708.29,-376.29,-0.2,-2943.0,-1.58,True,189.09,186.33,1.46,4539.25,4539.26,4539.25,0.01,189275.0,189275.0,189275.0,0.0,189.09,189.09,189.09,0.0,4539.26,4539.25,4539.24,0.0004,4539.25,4539.25,4609.48,4539.25,4539.26,4539.31,4541.34,4556.92,-0.06,0.0,-3.7277,0.0,0.0,0,0,1,0,0,1,NO_TREND,3902.27,3402.24,719965.41,6342.58,6239.06,3569.42,30986.3,435663.95,35546.02,5804.32,77.547,18.43,99.27,7408.5,101.02,78130.6016,1991.8,3.588,4.595,5.128,2026-05-12,219793,48171,171622,57725,267983,-210258
2026-05-17T09:55:46.863828+00:00,18632.0,19011.0,186332.0,189275.0,4539.25,4538.0151,4540.49,True,1.2793,1.278695,1.28,True,186.71,186708.29,-376.29,-0.2,-2943.0,-1.58,True,189.09,186.33,1.46,4539.26,4539.26,4539.25,0.01,189275.0,189275.0,189275.0,0.0,189.09,189.09,189.09,0.0,4539.26,4539.25,4539.24,0.0004,4539.25,4539.25,4608.74,4539.25,4539.26,4539.3,4541.26,4556.57,-0.05,-0.0002,-3.7277,-0.0002,-0.007,0,0,1,0,1,2,EMERGING,3902.27,3402.24,719965.41,6342.58,6239.06,3569.42,30986.3,435663.95,35546.02,5804.32,77.547,18.43,99.27,7408.5,101.02,78183.7109,1991.8,3.588,4.595,5.128,2026-05-12,219793,48171,171622,57725,267983,-210258
2026-05-17T10:00:56.036235+00:00,18632.0,19011.0,186332.0,189275.0,4539.25,4538.0151,4540.49,True,1.2793,1.278695,1.28,True,186.71,186708.29,-376.29,-0.2,-2943.0,-1.58,True,189.09,186.33,1.46,4539.26,4539.26,4539.25,0.01,189275.0,189275.0,189275.0,0.0,189.09,189.09,189.09,0.0,4539.26,4539.25,4539.24,0.0004,4539.25,4539.25,4607.87,4539.25,4539.26,4539.3,4541.18,4556.23,-0.05,-0.0002,-3.7277,0.0,-0.0002,0,0,1,0,1,2,EMERGING,3902.27,3402.24,719965.41,6342.58,6239.06,3569.42,30986.3,435663.95,35546.02,5804.32,77.547,18.43,99.27,7408.5,101.02,78221.6328,1991.8,3.588,4.595,5.128,2026-05-12,219793,48171,171622,57725,267983,-210258
2026-05-17T10:11:43.061548+00:00,18632.0,19011.0,186332.0,189275.0,4539.25,4538.0151,4540.49,True,1.2793,1.278695,1.28,True,186.71,186708.29,-376.29,-0.2,-2943.0,-1.58,True,189.09,186.33,1.46,4539.26,4539.26,4539.25,0.01,189275.0,189275.0,189275.0,0.0,189.09,189.09,189.09,0.0,4539.26,4539.25,4539.24,0.0004,4539.25,4539.25,4607.01,4539.25,4539.26,4539.29,4541.1,4555.89,-0.04,-0.0002,-3.7277,0.0,-0.0002,0,0,1,0,1,2,EMERGING,3902.27,3402.24,719965.41,6342.58,6239.06,3569.42,30986.3,435663.95,35546.02,5804.32,77.547,18.43,99.27,7408.5,101.02,78358.1484,1991.8,3.588,4.595,5.128,2026-05-12,219793,48171,171622,57725,267983,-210258
2026-05-17T10:14:41.259085+00:00,18632.0,19011.0,186332.0,189275.0,4539.25,4538.0151,4540.49,True,1.2793,1.278695,1.28,True,186.71,186708.29,-376.29,-0.2,-2943.0,-1.58,True,189.09,186.33,1.46,4539.26,4539.26,4539.25,0.01,189275.0,189275.0,189275.0,0.0,189.09,189.09,189.09,0.0,4539.26,4539.25,4539.24,0.0004,4539.25,4539.25,4606.12,4539.25,4539.26,4539.29,4541.03,4555.56,-0.04,-0.0002,-3.7277,0.0,-0.0002,0,0,1,0,1,2,EMERGING,3902.27,3402.24,719965.41,6342.58,6239.06,3569.42,30986.3,435663.95,35546.02,5804.32,77.547,18.43,99.27,7408.5,101.02,78411.5234,1991.8,3.588,4.595,5.128,2026-05-12,219793,48171,171622,57725,267983,-210258
2026-05-17T11:18:55.362433+00:00,18632.0,19011.0,186332.0,189275.0,4539.25,4538.0151,4540.49,True,1.2793,1.278695,1.28,True,186.71,186708.29,-376.29,-0.2,-2943.0,-1.58,True,189.09,186.33,1.46,4539.26,4539.26,4539.25,0.01,189275.0,189275.0,189275.0,0.0,189.09,189.09,189.09,0.0,4539.26,4539.25,4539.24,0.0004,4539.25,4539.25,4605.26,4539.25,4539.26,4539.29,4540.96,4555.24,-0.04,-0.0002,-3.7277,0.0,0.0,0,0,1,0,0,1,NO_TREND,3902.27,3402.24,719965.41,6342.58,6239.06,3569.42,30986.3,435663.95,35546.02,5804.32,77.547,18.43,99.27,7408.5,101.02,78311.1406,1991.8,3.588,4.595,5.128,2026-05-12,219793,48171,171622,57725,267983,-210258
2026-05-17T11:34:26.385476+00:00,18632.0,19011.0,186332.0,189275.0,4539.25,4538.0151,4540.49,True,1.2793,1.278695,1.28,True,186.71,186708.29,-376.29,-0.2,-2943.0,-1.58,True,189.09,186.33,1.46,4539.26,4539.26,4539.25,0.01,189275.0,189275.0,189275.0,0.0,189.09,189.09,189.09,0.0,4539.26,4539.25,4539.24,0.0004,4539.25,4539.25,4604.38,4539.25,4539.26,4539.29,4540.89,4554.92,-0.04,-0.0002,-3.7277,0.0,0.0,0,0,1,0,0,1,NO_TREND,3902.27,3402.24,719965.41,6342.58,6239.06,3569.42,30986.3,435663.95,35546.02,5804.32,77.547,18.43,99.27,7408.5,101.02,78346.0781,1991.8,3.588,4.595,5.128,2026-05-12,219793,48171,171622,57725,267983,-210258
2026-05-17T11:42:09.682045+00:00,18632.0,19011.0,186332.0,189275.0,4539.25,4538.0151,4540.49,True,1.2793,1.278695,1.28,True,186.71,186708.29,-376.29,-0.2,-2943.0,-1.58,True,189.09,186.33,1.46,4539.26,4539.26,4539.25,0.01,189275.0,189275.0,189275.0,0.0,189.09,189.09,189.09,0.0,4539.26,4539.25,4539.24,0.0004,4539.25,4539.25,4603.5,4539.25,4539.25,4539.28,4540.83,4554.61,-0.03,-0.0002,-3.7277,-0.0002,-0.0002,0,0,0,0,0,0,NO_TREND,3902.27,3402.24,719965.41,6342.58,6239.06,3569.42,30986.3,435663.95,35546.02,5804.32,77.547,18.43,99.27,7408.5,101.02,78375.8516,1991.8,3.588,4.595,5.128,2026-05-12,219793,48171,171622,57725,267983,-210258
2026-05-17T11:48:36.753855+00:00,18632.0,19011.0,186332.0,189275.0,4539.25,4538.0151,4540.49,True,1.2793,1.278695,1.28,True,186.71,186708.29,-376.29,-0.2,-2943.0,-1.58,True,189.09,186.33,1.46,4539.26,4539.26,4539.25,0.01,189275.0,189275.0,189275.0,0.0,189.09,189.09,189.09,0.0,4539.26,4539.25,4539.24,0.0004,4539.25,4539.25,4602.63,4539.25,4539.25,4539.28,4540.77,4554.31,-0.03,-0.0002,-3.7277,0.0,0.0,0,0,0,0,0,0,NO_TREND,3902.27,3402.24,719965.41,6342.58,6239.06,3569.42,30986.3,435663.95,35546.02,5804.32,77.547,18.43,99.27,7408.5,101.02,78363.0391,1991.8,3.588,4.595,5.128,2026-05-12,219793,48171,171622,57725,267983,-210258
2026-05-17T12:44:36.417702+00:00,18632.0,19011.0,186332.0,189275.0,4539.25,4538.0151,4540.49,True,1.2793,1.278695,1.28,True,186.71,186708.29,-376.29,-0.2,-2943.0,-1.58,True,189.09,186.33,1.46,4539.26,4539.26,4539.25,0.01,189275.0,189275.0,189275.0,0.0,189.09,189.09,189.09,0.0,4539.26,4539.25,4539.24,0.0004,4539.25,4539.25,4601.75,4539.25,4539.25,4539.28,4540.71,4554.01,-0.03,-0.0002,-3.7277,0.0,-0.0002,0,0,0,0,1,1,NO_TREND,3902.27,3402.24,719965.41,6342.58,6239.06,3569.42,30986.3,435663.95,35546.02,5804.32,77.547,18.43,99.27,7408.5,101.02,78432.6016,1991.8,3.588,4.595,5.128,2026-05-12,219793,48171,171622,57725,267983,-210258
2026-05-17T13:51:15.561825+00:00,18632.0,19011.0,186332.0,189275.0,4539.25,4538.0151,4540.49,True,1.2793,1.278695,1.28,True,186.71,186708.29,-376.29,-0.2,-2943.0,-1.58,True,189.09,186.33,1.46,4539.25,4539.26,4539.25,0.01,189275.0,189275.0,189275.0,0.0,189.09,189.09,189.09,0.0,4539.26,4539.25,4539.24,0.0004,4539.25,4539.25,4600.85,4539.25,4539.25,4539.28,4540.65,4553.72,-0.03,0.0,-3.7277,0.0,-0.0002,0,0,0,0,1,1,NO_TREND,3902.27,3402.24,719965.41,6342.58,6239.06,3569.42,30986.3,435663.95,35546.02,5804.32,77.547,18.43,99.27,7408.5,101.02,78231.9766,1991.8,3.588,4.595,5.128,2026-05-12,219793,48171,171622,57725,267983,-210258
2026-05-17T14:00:08.312430+00:00,18632.0,19011.0,186332.0,189275.0,4539.25,4538.0151,4540.49,True,1.2793,1.278695,1.28,True,186.71,186708.29,-376.29,-0.2,-2943.0,-1.58,True,189.09,186.33,1.46,4539.25,4539.26,4539.25,0.01,189275.0,189275.0,189275.0,0.0,189.09,189.09,189.09,0.0,4539.26,4539.25,4539.24,0.0004,4539.25,4539.25,4599.94,4539.25,4539.25,4539.27,4540.6,4553.43,-0.02,0.0,-3.7277,0.0,0.0,0,0,0,0,0,0,NO_TREND,3902.27,3402.24,719965.41,6342.58,6239.06,3569.42,30986.3,435663.95,35546.02,5804.32,77.547,18.43,99.27,7408.5,101.02,78188.9609,1991.8,3.588,4.595,5.128,2026-05-12,219793,48171,171622,57725,267983,-210258
2026-05-17T14:08:19.339664+00:00,18632.0,19011.0,186332.0,189275.0,4539.25,4538.0151,4540.49,True,1.2793,1.278695,1.28,True,186.71,186708.29,-376.29,-0.2,-2943.0,-1.58,True,189.09,186.33,1.46,4539.26,4539.26,4539.25,0.01,189275.0,189275.0,189275.0,0.0,189.09,189.09,189.09,0.0,4539.26,4539.25,4539.24,0.0004,4539.25,4539.25,4599.03,4539.25,4539.25,4539.27,4540.54,4553.15,-0.02,-0.0002,-3.7277,-0.0002,0.0,0,0,0,0,0,0,NO_TREND,3902.27,3402.24,719965.41,6342.58,6239.06,3569.42,30986.3,435663.95,35546.02,5804.32,77.547,18.43,99.27,7408.5,101.02,78099.7578,1991.8,3.588,4.595,5.128,2026-05-12,219793,48171,171622,57725,267983,-210258
2026-05-17T14:17:06.757028+00:00,18632.0,19011.0,186332.0,189275.0,4539.25,4538.0151,4540.49,True,1.2793,1.278695,1.28,True,186.71,186708.29,-376.29,-0.2,-2943.0,-1.58,True,189.09,186.33,1.46,4539.25,4539.26,4539.25,0.01,189275.0,189275.0,189275.0,0.0,189.09,189.09,189.09,0.0,4539.26,4539.25,4539.24,0.0004,4539.25,4539.25,4598.12,4539.25,4539.25,4539.27,4540.49,4552.88,-0.02,0.0,-3.7277,-0.0002,0.0,0,0,0,0,0,0,NO_TREND,3902.27,3402.24,719965.41,6342.58,6239.06,3569.42,30986.3,435663.95,35546.02,5804.32,77.547,18.43,99.27,7408.5,101.02,77912.2188,1991.8,3.588,4.595,5.128,2026-05-12,219793,48171,171622,57725,267983,-210258
2026-05-17T15:06:04.956507+00:00,18632.0,19011.0,186332.0,189275.0,4539.25,4538.0151,4540.49,True,1.2793,1.278695,1.28,True,186.71,186708.29,-376.29,-0.2,-2943.0,-1.58,True,189.09,186.33,1.46,4539.25,4539.26,4539.25,0.01,189275.0,189275.0,189275.0,0.0,189.09,189.09,189.09,0.0,4539.26,4539.25,4539.24,0.0004,4539.25,4539.25,4597.27,4539.25,4539.25,4539.27,4540.44,4552.61,-0.02,0.0,-3.7277,0.0,-0.0002,0,0,0,0,1,1,NO_TREND,3902.27,3402.24,719965.41,6342.58,6239.06,3569.42,30986.3,435663.95,35546.02,5804.32,77.547,18.43,99.27,7408.5,101.02,78047.2109,1991.8,3.588,4.595,5.128,2026-05-12,219793,48171,171622,57725,267983,-210258
2026-05-17T15:30:46.719218+00:00,18632.0,19011.0,186332.0,189275.0,4539.25,4538.0151,4540.49,True,1.2793,1.278695,1.28,True,186.71,186708.29,-376.29,-0.2,-2943.0,-1.58,True,189.09,186.33,1.46,4539.26,4539.26,4539.25,0.01,189275.0,189275.0,189275.0,0.0,189.09,189.09,189.09,0.0,4539.25,4539.25,4539.25,0.0,4539.25,4539.25,4596.48,4539.25,4539.25,4539.27,4540.4,4552.34,-0.02,-0.0002,-3.7277,-0.0002,-0.0002,0,0,0,0,0,0,NO_TREND,3902.27,3402.24,719965.41,6342.58,6239.06,3569.42,30986.3,435663.95,35546.02,5804.32,77.547,18.43,99.27,7408.5,101.02,77959.0,1991.8,3.588,4.595,5.128,2026-05-12,219793,48171,171622,57725,267983,-210258
2026-05-17T15:41:52.305432+00:00,18632.0,19011.0,186332.0,189275.0,4539.25,4538.0151,4540.49,True,1.2793,1.278695,1.28,True,186.71,186708.29,-376.29,-0.2,-2943.0,-1.58,True,189.09,186.33,1.46,4539.26,4539.26,4539.25,0.01,189275.0,189275.0,189275.0,0.0,189.09,189.09,189.09,0.0,4539.25,4539.25,4539.25,0.0,4539.25,4539.25,4595.69,4539.25,4539.25,4539.27,4540.35,4552.08,-0.02,-0.0002,-3.7277,-0.0002,0.0,0,0,0,0,0,0,NO_TREND,3902.27,3402.24,719965.41,6342.58,6239.06,3569.42,30986.3,435663.95,35546.02,5804.32,77.547,18.43,99.27,7408.5,101.02,77987.0391,1991.8,3.588,4.595,5.128,2026-05-12,219793,48171,171622,57725,267983,-210258
2026-05-17T15:46:00.054334+00:00,18632.0,19011.0,186332.0,189275.0,4539.25,4538.0151,4540.49,True,1.2793,1.278695,1.28,True,186.71,186708.29,-376.29,-0.2,-2943.0,-1.58,True,189.09,186.33,1.46,4539.25,4539.26,4539.25,0.01,189275.0,189275.0,189275.0,0.0,189.09,189.09,189.09,0.0,4539.25,4539.25,4539.25,0.0,4539.25,4539.25,4594.88,4539.25,4539.25,4539.27,4540.31,4551.83,-0.02,0.0,-3.7277,0.0,0.0,0,0,0,0,0,0,NO_TREND,3902.27,3402.24,719965.41,6342.58,6239.06,3569.42,30986.3,435663.95,35546.02,5804.32,77.547,18.43,99.27,7408.5,101.02,77997.3906,1991.8,3.588,4.595,5.128,2026-05-12,219793,48171,171622,57725,267983,-210258
2026-05-17T16:07:16.865786+00:00,18632.0,19011.0,186332.0,189275.0,4539.25,4538.0151,4540.49,True,1.2793,1.278695,1.28,True,186.71,186708.29,-376.29,-0.2,-2943.0,-1.58,True,189.09,186.33,1.46,4539.25,4539.26,4539.25,0.01,189275.0,189275.0,189275.0,0.0,189.09,189.09,189.09,0.0,4539.25,4539.25,4539.25,0.0,4539.25,4539.25,4594.06,4539.25,4539.25,4539.26,4540.27,4551.58,-0.01,0.0,-3.7277,-0.0002,-0.0002,0,0,0,0,0,0,NO_TREND,3902.27,3402.24,719965.41,6342.58,6239.06,3569.42,30986.3,435663.95,35546.02,5804.32,77.547,18.43,99.27,7408.5,101.02,78059.1797,1991.8,3.588,4.595,5.128,2026-05-12,219793,48171,171622,57725,267983,-210258
2026-05-17T16:40:46.276957+00:00,18632.0,19011.0,186332.0,189275.0,4539.25,4538.0151,4540.49,True,1.2793,1.278695,1.28,True,186.71,186708.29,-376.29,-0.2,-2943.0,-1.58,True,189.09,186.33,1.46,4539.25,4539.26,4539.25,0.01,189275.0,189275.0,189275.0,0.0,189.09,189.09,189.09,0.0,4539.25,4539.25,4539.25,0.0,4539.25,4539.25,4593.22,4539.25,4539.25,4539.26,4540.23,4551.33,-0.01,0.0,-3.7277,0.0,-0.0002,0,0,0,0,1,1,NO_TREND,3902.27,3402.24,719965.41,6342.58,6239.06,3569.42,30986.3,435663.95,35546.02,5804.32,77.547,18.43,99.27,7408.5,101.02,78116.2109,1991.8,3.588,4.595,5.128,2026-05-12,219793,48171,171622,57725,267983,-210258
2026-05-17T17:11:48.332541+00:00,,,,,4539.25,4538.0151,4540.49,True,1.2793,1.278695,1.28,True,186.71,186708.29,,,,,True,,,,4539.25,4539.26,4539.25,0.01,189275.0,189275.0,189275.0,0.0,189.09,189.09,189.09,0.0,4539.25,4539.25,4539.25,0.0,4539.25,4539.25,4592.4,4539.25,4539.25,4539.26,4540.19,4551.1,-0.01,0.0,-3.7277,0.0,0.0,0,0,0,0,0,0,NO_TREND,3902.27,3402.24,719965.41,6342.58,6239.06,3569.42,30986.3,435663.95,35546.02,5804.32,77.547,18.43,99.27,7408.5,101.02,77936.0469,1991.8,3.588,4.595,5.128,2026-05-12,219793,48171,171622,57725,267983,-210258
2026-05-17T17:18:36.489029+00:00,,,,,4539.25,4538.0151,4540.49,True,1.2793,1.278695,1.28,True,186.71,186708.29,,,,,True,,,,4539.25,4539.26,4539.25,0.01,189275.0,189275.0,189275.0,0.0,189.09,189.09,189.09,0.0,4539.25,4539.25,4539.25,0.0,4539.25,4539.25,4591.59,4539.25,4539.25,4539.26,4540.15,4550.86,-0.01,0.0,-3.7277,0.0,-0.0002,0,0,0,0,1,1,NO_TREND,3902.27,3402.24,719965.41,6342.58,6239.06,3569.42,30986.3,435663.95,35546.02,5804.32,77.547,18.43,99.27,7408.5,101.02,77876.2734,1991.8,3.588,4.595,5.128,2026-05-12,219793,48171,171622,57725,267983,-210258
2026-05-17T17:38:37.748613+00:00,,,,,4539.25,4538.0151,4540.49,True,1.2793,1.278695,1.28,True,186.71,186708.29,,,,,True,,,,4539.26,4539.26,4539.25,0.01,189275.0,189275.0,189275.0,0.0,189.09,189.09,189.09,0.0,4539.25,4539.25,4539.25,0.0,4539.25,4539.25,4590.8,4539.25,4539.25,4539.26,4540.12,4550.63,-0.01,-0.0002,-3.7277,0.0,0.0,0,0,0,0,0,0,NO_TREND,3902.27,3402.24,719965.41,6342.58,6239.06,3569.42,30986.3,435663.95,35546.02,5804.32,77.547,18.43,99.27,7408.5,101.02,77910.9062,1991.8,3.588,4.595,5.128,2026-05-12,219793,48171,171622,57725,267983,-210258
2026-05-17T17:44:40.319703+00:00,,,,,4539.25,4538.0151,4540.49,True,1.2793,1.278695,1.28,True,186.71,186708.29,,,,,True,,,,4539.25,4539.26,4539.25,0.01,189275.0,189275.0,189275.0,0.0,189.09,189.09,189.09,0.0,4539.25,4539.25,4539.25,0.0,4539.25,4539.25,4590.01,4539.25,4539.25,4539.26,4540.08,4550.41,-0.01,0.0,-3.7277,0.0,-0.0002,0,0,0,0,1,1,NO_TREND,3902.27,3402.24,719965.41,6342.58,6239.06,3569.42,30986.3,435663.95,35546.02,5804.32,77.547,18.43,99.27,7408.5,101.02,78016.0,1991.8,3.588,4.595,5.128,2026-05-12,219793,48171,171622,57725,267983,-210258
2026-05-17T18:13:09.564899+00:00,,,,,4539.25,4538.0151,4540.49,True,1.2793,1.278695,1.28,True,186.71,186708.29,,,,,True,,,,4539.26,4539.26,4539.25,0.01,189275.0,189275.0,189275.0,0.0,189.09,189.09,189.09,0.0,4539.25,4539.25,4539.25,0.0,4539.25,4539.25,4589.24,4539.25,4539.25,4539.26,4540.05,4550.18,-0.01,-0.0002,-3.7277,0.0,0.0,0,0,0,0,0,0,NO_TREND,3902.27,3402.24,719965.41,6342.58,6239.06,3569.42,30986.3,435663.95,35546.02,5804.32,77.547,18.43,99.27,7408.5,101.02,78114.6172,1991.8,3.588,4.595,5.128,2026-05-12,219793,48171,171622,57725,267983,-210258
2026-05-17T18:46:48.630052+00:00,,,,,4539.25,4538.0151,4540.49,True,1.2793,1.278695,1.28,True,186.71,186708.29,,,,,True,,,,4539.26,4539.26,4539.25,0.01,189275.0,189275.0,189275.0,0.0,189.09,189.09,189.09,0.0,4539.25,4539.25,4539.25,0.0,4539.25,4539.25,4588.45,4539.25,4539.25,4539.26,4540.02,4549.97,-0.01,-0.0002,-3.7277,0.0,-0.0002,0,0,0,0,1,1,NO_TREND,3902.27,3402.24,719965.41,6342.58,6239.06,3569.42,30986.3,435663.95,35546.02,5804.32,77.547,18.43,99.27,7408.5,101.02,78095.1484,1991.8,3.588,4.595,5.128,2026-05-12,219793,48171,171622,57725,267983,-210258
2026-05-17T19:22:12.707284+00:00,,,,,4539.25,4538.0151,4540.49,True,1.2793,1.278695,1.28,True,186.71,186708.29,,,,,True,,,,4539.26,4539.26,4539.25,0.01,189275.0,189275.0,189275.0,0.0,189.09,189.09,189.09,0.0,4539.25,4539.25,4539.25,0.0,4539.25,4539.25,4587.65,4539.25,4539.25,4539.26,4539.99,4549.76,-0.01,-0.0002,-3.7277,0.0,0.0,0,0,0,0,0,0,NO_TREND,3902.27,3402.24,719965.41,6342.58,6239.06,3569.42,30986.3,435663.95,35546.02,5804.32,77.547,18.43,99.27,7408.5,101.02,78231.8594,1991.8,3.588,4.595,5.128,2026-05-12,219793,48171,171622,57725,267983,-210258
2026-05-17T19:39:49.779012+00:00,,,,,4539.25,4538.0151,4540.49,True,1.2793,1.278695,1.28,True,186.71,186708.29,,,,,True,,,,4539.26,4539.26,4539.25,0.01,189275.0,189275.0,189275.0,0.0,189.09,189.09,189.09,0.0,4539.25,4539.25,4539.25,0.0,4539.25,4539.25,4586.88,4539.25,4539.25,4539.26,4539.96,4549.55,-0.01,-0.0002,-3.7277,0.0,0.0,0,0,0,0,0,0,NO_TREND,3902.27,3402.24,719965.41,6342.58,6239.06,3569.42,30986.3,435663.95,35546.02,5804.32,77.547,18.43,99.27,7408.5,101.02,78222.1172,1991.8,3.588,4.595,5.128,2026-05-12,219793,48171,171622,57725,267983,-210258
2026-05-17T19:48:05.988339+00:00,,,,,4539.25,4538.0151,4540.49,True,1.2793,1.278695,1.28,True,186.71,186708.29,,,,,True,,,,4539.26,4539.26,4539.25,0.01,189275.0,189275.0,189275.0,0.0,189.09,189.09,189.09,0.0,4539.25,4539.25,4539.25,0.0,4539.25,4539.25,4586.15,4539.25,4539.25,4539.26,4539.93,4549.34,-0.01,-0.0002,-3.7277,0.0,0.0,0,0,0,0,0,0,NO_TREND,3902.27,3402.24,719965.41,6342.58,6239.06,3569.42,30986.3,435663.95,35546.02,5804.32,77.547,18.43,99.27,7408.5,101.02,78368.0078,1991.8,3.588,4.595,5.128,2026-05-12,219793,48171,171622,57725,267983,-210258
2026-05-17T19:56:57.868692+00:00,,,,,4539.25,4538.0151,4540.49,True,1.2793,1.278695,1.28,True,186.71,186708.29,,,,,True,,,,4539.25,4539.26,4539.25,0.01,189275.0,189275.0,189275.0,0.0,189.09,189.09,189.09,0.0,4539.25,4539.25,4539.25,0.0,4539.25,4539.25,4585.47,4539.25,4539.25,4539.26,4539.91,4549.14,-0.01,0.0,-3.7277,0.0,0.0,0,0,0,0,0,0,NO_TREND,3902.27,3402.24,719965.41,6342.58,6239.06,3569.42,30986.3,435663.95,35546.02,5804.32,77.547,18.43,99.27,7408.5,101.02,78359.6875,1991.8,3.588,4.595,5.128,2026-05-12,219793,48171,171622,57725,267983,-210258
2026-05-17T21:04:41.018553+00:00,,,,,4539.25,4538.0151,4540.49,True,1.2793,1.278695,1.28,True,186.71,186708.29,,,,,True,,,,4539.25,4539.26,4539.25,0.01,189275.0,189275.0,189275.0,0.0,189.09,189.09,189.09,0.0,4539.25,4539.25,4539.25,0.0,4539.25,4539.25,4584.75,4539.25,4539.25,4539.26,4539.88,4548.95,-0.01,0.0,-3.7277,0.0,0.0,0,0,0,0,0,0,NO_TREND,3902.27,3402.24,719965.41,6342.58,6239.06,3569.42,30986.3,435663.95,35546.02,5804.32,77.547,18.43,99.27,7408.5,101.02,78201.9766,1991.8,3.588,4.595,5.128,2026-05-12,219793,48171,171622,57725,267983,-210258
2026-05-17T21:10:21.189717+00:00,,,,,4539.25,4538.0151,4540.49,True,1.2793,1.278695,1.28,True,186.71,186708.29,,,,,True,,,,4539.26,4539.26,4539.25,0.01,189275.0,189275.0,189275.0,0.0,189.09,189.09,189.09,0.0,4539.25,4539.25,4539.25,0.0,4539.25,4539.25,4583.91,4539.25,4539.25,4539.26,4539.85,4548.76,-0.01,-0.0002,-3.7277,0.0,0.0,0,0,0,0,0,0,NO_TREND,3902.27,3402.24,719965.41,6342.58,6239.06,3569.42,30986.3,435663.95,35546.02,5804.32,77.547,18.43,99.27,7408.5,101.02,78224.0234,1991.8,3.588,4.595,5.128,2026-05-12,219793,48171,171622,57725,267983,-210258
2026-05-17T21:32:57.358621+00:00,,,,,4539.25,4538.0151,4540.49,True,1.2793,1.278695,1.28,True,186.71,186708.29,,,,,True,,,,4539.25,4539.26,4539.25,0.01,189275.0,189275.0,189275.0,0.0,189.09,189.09,189.09,0.0,4539.25,4539.25,4539.25,0.0,4539.25,4539.25,4583.09,4539.25,4539.25,4539.25,4539.83,4548.57,0.0,0.0,-3.7277,0.0,0.0,0,0,0,0,0,0,NO_TREND,3902.27,3402.24,719965.41,6342.58,6239.06,3569.42,30986.3,435663.95,35546.02,5804.32,77.547,18.43,99.27,7408.5,101.02,78368.8203,1991.8,3.588,4.595,5.128,2026-05-12,219793,48171,171622,57725,267983,-210258
2026-05-17T21:41:32.324320+00:00,,,,,4539.25,4538.0151,4540.49,True,1.2793,1.278695,1.28,True,186.71,186708.29,,,,,True,,,,4539.25,4539.26,4539.25,0.01,189275.0,189275.0,189275.0,0.0,189.09,189.09,189.09,0.0,4539.25,4539.25,4539.25,0.0,4539.25,4539.25,4582.3,4539.25,4539.25,4539.25,4539.81,4548.38,0.0,0.0,-3.7277,0.0,-0.0002,0,0,0,0,1,1,NO_TREND,3902.27,3402.24,719965.41,6342.58,6239.06,3569.42,30986.3,435663.95,35546.02,5804.32,77.547,18.43,99.27,7408.5,101.02,78389.1484,1991.8,3.588,4.595,5.128,2026-05-12,219793,48171,171622,57725,267983,-210258
2026-05-17T22:02:38.424967+00:00,,,,,4536.29,4535.89,4536.695,True,1.2793,1.278695,1.28,True,186.59,186586.54,,,,,False,,,,4539.25,4539.26,4539.25,0.01,189275.0,189275.0,189275.0,0.0,189.09,189.09,189.09,0.0,4539.25,4539.25,4539.25,0.0,4539.25,4539.25,4581.5,4539.25,4539.25,4539.25,4539.79,4548.2,0.0,0.0,-3.0263,0.0,0.0,0,0,0,0,0,0,NO_TREND,3899.73,3400.02,719495.92,6338.45,6234.99,3567.1,30966.09,435379.85,35522.84,5800.53,77.547,18.43,99.27,7408.5,101.02,78077.1328,1991.8,3.588,4.595,5.128,2026-05-12,219793,48171,171622,57725,267983,-210258
2026-05-17T22:11:02.998824+00:00,,,,,4553.53,4552.86,4554.205,True,1.2793,1.278695,1.28,True,187.3,187295.66,,,,,False,,,,4539.25,4539.26,4536.29,2.97,189275.0,189275.0,189275.0,0.0,189.09,189.09,189.09,0.0,4540.42,4539.1,4537.78,0.0582,4539.1,4539.19,4580.76,4538.79,4538.97,4539.03,4539.65,4547.97,-0.24,-0.0652,-3.3386,-0.0652,-0.0654,0,0,0,0,1,1,NO_TREND,3914.55,3412.95,722230.34,6362.54,6258.69,3580.65,31083.78,437034.5,35657.84,5822.58,77.547,18.43,99.267,7408.5,101.02,77973.7422,1991.8,3.588,4.595,5.128,2026-05-12,219793,48171,171622,57725,267983,-210258
2026-05-17T22:31:45.124548+00:00,,,,,4547.63,4547.47,4547.79,True,1.2793,1.278695,1.28,True,187.05,187052.87,,,,,False,,,,4539.25,4553.53,4536.29,17.24,189275.0,189275.0,189275.0,0.0,189.09,189.09,189.09,0.0,4546.41,4539.82,4533.23,0.2903,4539.82,4539.48,4580.1,4541.06,4540.36,4540.11,4540.19,4548.08,0.95,0.3146,-2.8961,0.3146,0.3144,1,0,1,1,1,4,DOMINANT,3909.47,3408.52,721294.15,6354.29,6250.58,3576.01,31043.49,436467.99,35611.62,5815.03,76.495,18.43,99.281,7408.5,102.32,78029.9922,1991.0,3.588,4.595,5.128,2026-05-12,219793,48171,171622,57725,267983,-210258
2026-05-17T22:39:37.542843+00:00,,,,,4550.29,4549.63,4550.945,True,1.2793,1.278695,1.28,True,187.16,187162.18,,,,,False,,,,4539.26,4553.53,4536.29,17.24,189275.0,189275.0,189275.0,0.0,189.09,189.09,189.09,0.0,4547.68,4540.23,4532.78,0.3282,4540.23,4539.65,4579.39,4542.07,4541.05,4540.67,4540.49,4548.07,1.4,0.1844,-3.1096,0.1846,0.1844,0,0,1,1,1,3,DOMINANT,3911.76,3410.51,721715.65,6358.0,6254.23,3578.1,31061.63,436723.05,35632.43,5818.43,76.705,18.43,99.292,7408.5,102.45,78029.6797,1993.0,3.588,4.595,5.128,2026-05-12,219793,48171,171622,57725,267983,-210258
2026-05-17T23:01:50.392978+00:00,,,,,4545.76,4544.103,4547.42,True,1.2793,1.278695,1.28,True,186.98,186976.02,,,,,False,,,,4539.25,4553.53,4536.29,17.24,189275.0,189275.0,189275.0,0.0,189.09,189.09,189.09,0.0,4549.47,4540.79,4532.11,0.3823,4540.79,4539.87,4578.7,4543.34,4541.93,4541.38,4540.87,4548.11,1.96,0.2432,-3.02,0.2432,0.243,1,0,1,1,1,4,DOMINANT,3907.87,3407.12,720997.79,6351.68,6248.01,3574.54,31030.73,436288.66,35596.99,5812.64,77.065,18.43,99.278,7408.5,102.43,77913.0391,1998.5,3.588,4.595,5.128,2026-05-12,219793,48171,171622,57725,267983,-210258
2026-05-17T23:14:06.758710+00:00,,,,,4542.01,4541.21,4542.815,True,1.2793,1.278695,1.28,True,186.82,186821.82,,,,,False,,,,4539.25,4553.53,4536.29,17.24,189275.0,189275.0,189275.0,0.0,189.09,189.09,189.09,0.0,4550.03,4541.11,4532.19,0.3929,4541.11,4540.0,4577.99,4543.71,4542.29,4541.7,4541.06,4548.07,2.01,0.1434,-3.2189,0.1434,0.1432,0,0,1,1,1,3,DOMINANT,3904.65,3404.31,720403.17,6346.44,6242.86,3571.59,31005.14,435928.84,35567.63,5807.85,77.1,18.43,99.282,7408.5,102.38,77825.5703,1999.3,3.588,4.595,5.128,2026-05-12,219793,48171,171622,57725,267983,-210258
2026-05-17T23:37:17.262789+00:00,18632.0,19011.0,186332.0,189275.0,4538.98,4539.26,4538.7,True,1.2793,1.278695,1.28,True,186.7,186697.08,-365.08,-0.2,-2943.0,-1.58,False,189.09,186.33,1.46,4539.25,4553.53,4536.29,17.24,189275.0,189275.0,189275.0,0.0,189.09,189.09,189.09,0.0,4550.13,4541.25,4532.37,0.3911,4541.25,4540.05,4577.25,4543.45,4542.27,4541.73,4541.1,4547.95,1.72,0.0608,-3.3138,0.0608,0.0608,0,0,1,1,0,2,EMERGING,3902.04,3402.04,719922.18,6342.2,6238.69,3569.21,30984.44,435637.79,35543.89,5803.97,76.645,18.43,99.302,7408.5,102.57,77783.8906,1990.6,3.588,4.595,5.128,2026-05-12,219793,48171,171622,57725,267983,-210258
2026-05-17T23:44:10.420162+00:00,,,,,4538.35,4536.92,4539.785,True,1.2793,1.278695,1.28,True,186.67,186671.27,,,,,False,,,,4539.25,4553.53,4536.29,17.24,189275.0,189275.0,189275.0,0.0,189.09,189.09,189.09,0.0,4550.14,4541.24,4532.34,0.392,4541.24,4540.05,4576.51,4542.76,4541.95,4541.52,4541.02,4547.77,1.24,-0.0059,-3.1889,-0.0059,-0.0059,0,0,1,0,0,1,NO_TREND,3901.5,3401.57,719822.66,6341.33,6237.82,3568.72,30980.16,435577.57,35538.97,5803.17,76.675,18.43,99.323,7408.5,102.66,77124.5,1991.6,3.588,4.595,5.128,2026-05-12,219793,48171,171622,57725,267983,-210258
2026-05-18T00:03:27.973694+00:00,18632.0,19011.0,186332.0,189275.0,4535.38,4532.49,4538.27,True,1.2793,1.278695,1.28,True,186.55,186549.01,-217.01,-0.12,-2943.0,-1.58,False,189.09,186.33,1.46,4539.26,4553.53,4536.29,17.24,189275.0,189275.0,189275.0,0.0,189.09,189.09,189.09,0.0,4550.14,4541.19,4532.24,0.3942,4541.19,4540.03,4575.75,4542.08,4541.61,4541.29,4540.91,4547.58,0.79,-0.02,-3.129,-0.0198,-0.0198,0,0,1,0,0,1,NO_TREND,3898.94,3399.34,719351.19,6337.17,6233.74,3566.38,30959.86,435292.28,35515.69,5799.37,77.145,18.43,99.359,7408.5,102.57,77252.8516,1992.3,3.588,4.595,5.128,2026-05-12,219793,48171,171622,57725,267983,-210258
2026-05-18T00:12:43.693778+00:00,18564.0,18943.0,185654.0,188598.0,4527.98,4526.77,4529.185,True,1.2793,1.278695,1.28,True,186.24,186244.53,-590.53,-0.32,-2944.0,-1.59,False,188.42,185.65,1.47,4539.26,4553.53,4535.38,18.15,189275.0,189275.0,189275.0,0.0,189.09,189.09,189.09,0.0,4550.28,4541.0,4531.72,0.4087,4541.0,4539.95,4574.96,4541.05,4541.02,4540.85,4540.69,4547.34,0.2,-0.0855,-3.5046,-0.0853,-0.0855,0,0,1,0,1,2,EMERGING,3892.58,3393.79,718177.09,6326.83,6223.56,3560.56,30909.33,434581.81,35457.73,5789.9,76.78,18.43,99.348,7408.5,102.36,76997.3984,1985.3,3.588,4.595,5.128,2026-05-12,219793,48171,171622,57725,267983,-210258
2026-05-18T01:36:27.038090+00:00,,,,,4511.41,4510.6,4512.21,True,1.2803,1.280523,1.28,True,185.7,185695.44,,,,,False,,,,4539.26,4553.53,4527.98,25.55,189275.0,189275.0,188598.0,677.0,189.09,189.09,188.42,0.67,4551.38,4540.43,4529.48,0.4823,4540.43,4539.72,4574.11,4539.04,4539.78,4539.9,4540.2,4546.96,-0.86,-0.2485,-3.214,-0.2483,-0.2483,0,0,0,0,0,0,NO_TREND,3882.37,3386.39,716223.04,6320.07,6204.65,3550.81,30758.71,433570.06,35327.87,5776.96,74.5,18.43,99.37,7408.5,104.04,76870.0,1971.8,3.588,4.595,5.128,2026-05-12,219793,48171,171622,57725,267983,-210258
2026-05-18T01:51:54.979311+00:00,18461.0,18840.0,184625.0,187568.0,4531.31,4529.04,4533.585,True,1.2803,1.280523,1.28,True,186.51,186514.86,-1889.86,-1.01,-2943.0,-1.59,False,187.38,184.62,1.47,4539.26,4553.53,4511.41,42.12,189275.0,189275.0,188598.0,677.0,189.09,189.09,188.42,0.67,4556.03,4539.04,4522.05,0.7486,4539.04,4539.17,4573.18,4534.79,4537.07,4537.79,4539.07,4546.25,-3.0,-0.6135,-3.5681,-0.6133,-0.6133,0,0,0,0,0,0,NO_TREND,3899.5,3401.33,719383.52,6347.96,6232.03,3566.48,30894.44,435483.27,35483.77,5802.45,74.92,18.43,99.361,7408.5,103.73,76899.9688,1968.4,3.588,4.595,5.128,2026-05-12,219793,48171,171622,57725,267983,-210258
2026-05-18T04:25:01.043359+00:00,18589.0,18968.0,185899.0,188843.0,4537.89,4537.67,4538.11,True,1.2803,1.280523,1.28,True,186.79,186785.6,-886.6,-0.47,-2944.0,-1.58,False,188.66,185.9,1.46,4539.26,4553.53,4511.41,42.12,189275.0,189275.0,187568.0,1707.0,189.09,189.09,187.38,1.71,4555.99,4538.65,4521.31,0.7641,4538.65,4539.01,4572.34,4534.25,4536.52,4537.31,4538.76,4545.96,-3.06,-0.1751,-3.0501,-0.1749,-0.1749,0,0,0,0,0,0,NO_TREND,3905.16,3406.27,720427.75,6357.17,6241.08,3571.66,30939.29,436115.41,35535.27,5810.87,75.905,18.43,99.295,7408.5,103.15,76766.9531,1977.6,3.588,4.595,5.128,2026-05-12,219793,48171,171622,57725,267983,-210258
2026-05-18T04:44:44.961632+00:00,18580.0,18959.0,185816.0,188760.0,4544.0,4543.8,4544.195,True,1.2803,1.280523,1.28,True,187.04,187036.99,-1220.99,-0.65,-2944.0,-1.58,False,188.58,185.81,1.47,4539.25,4553.53,4511.41,42.12,189275.0,189275.0,187568.0,1707.0,189.09,189.09,187.38,1.71,4555.92,4538.58,4521.24,0.7641,4538.58,4538.98,4571.55,4534.81,4536.65,4537.35,4538.73,4545.8,-2.54,-0.03,-2.8568,-0.03,-0.03,0,0,0,0,0,0,NO_TREND,3910.42,3410.86,721397.37,6365.73,6249.48,3576.46,30980.93,436702.37,35583.1,5818.69,75.745,18.43,99.311,7408.5,103.21,76946.0,1972.5,3.588,4.595,5.128,2026-05-12,219793,48171,171622,57725,267983,-210258
2026-05-18T05:57:29.692475+00:00,18598.0,18977.0,185993.0,188937.0,4537.13,4536.92,4537.335,True,1.2803,1.280523,1.28,True,186.75,186754.21,-761.21,-0.41,-2944.0,-1.58,False,188.75,185.99,1.46,4539.25,4553.53,4511.41,42.12,189275.0,189275.0,187568.0,1707.0,189.09,189.09,187.38,1.71,4556.33,4538.82,4521.31,0.7716,4538.82,4539.08,4570.75,4536.23,4537.35,4537.84,4538.94,4545.76,-1.61,0.1046,-2.7341,0.1046,0.1046,0,0,0,1,0,1,NO_TREND,3904.51,3405.7,720306.7,6356.1,6240.03,3571.06,30934.09,436042.13,35529.3,5809.9,75.655,18.43,99.311,7408.5,102.56,76898.4297,1976.3,3.588,4.595,5.128,2026-05-12,219793,48171,171622,57725,267983,-210258
2026-05-18T06:05:48.368012+00:00,18598.0,18977.0,185993.0,188937.0,4534.4,4534.26,4534.54,True,1.2803,1.280523,1.28,True,186.64,186641.95,-648.95,-0.35,-2944.0,-1.58,False,188.75,185.99,1.46,4539.25,4553.53,4511.41,42.12,189275.0,189275.0,187568.0,1707.0,189.09,189.09,187.38,1.71,4556.23,4538.71,4521.19,0.772,4538.71,4539.03,4569.96,4536.37,4537.33,4537.79,4538.86,4545.59,-1.42,-0.0467,-2.8812,-0.0467,-0.0469,0,0,0,0,1,1,NO_TREND,3902.16,3403.65,719873.69,6352.28,6236.28,3568.91,30915.49,435780.0,35507.94,5806.4,75.38,18.43,99.307,7408.5,102.69,76786.7266,1976.7,3.588,4.595,5.128,2026-05-12,219793,48171,171622,57725,267983,-210258
2026-05-18T08:50:59.635230+00:00,18581.0,18959.0,185819.0,188760.0,4552.84,4552.84,4552.845,True,1.2803,1.280523,1.28,True,187.4,187401.06,-1582.06,-0.84,-2941.0,-1.58,False,188.58,185.82,1.46,4539.25,4553.53,4511.41,42.12,189275.0,189275.0,187568.0,1707.0,189.09,189.09,187.38,1.71,4556.1,4538.47,4520.84,0.7769,4538.47,4538.94,4569.16,4536.06,4537.05,4537.54,4538.69,4545.37,-1.48,-0.1068,-2.6938,-0.1068,-0.1068,0,0,0,0,0,0,NO_TREND,3918.03,3417.5,722801.59,6378.12,6261.64,3583.42,31041.23,437552.42,35652.36,5830.02,76.56,18.9,99.12,7408.5,102.0,76905.5625,1985.8,3.588,4.595,5.128,2026-05-12,219793,48171,171622,57725,267983,-210258
2026-05-18T08:54:30.587318+00:00,18581.0,18960.0,185826.0,188766.0,4556.27,4556.0,4556.545,True,1.2803,1.280523,1.28,True,187.54,187542.25,-1716.25,-0.92,-2940.0,-1.58,False,188.58,185.82,1.46,4539.25,4553.53,4511.41,42.12,189275.0,189275.0,187568.0,1707.0,189.09,189.09,187.38,1.71,4557.92,4539.15,4520.38,0.827,4539.15,4539.21,4568.51,4538.64,4538.56,4538.67,4539.24,4545.52,-0.03,0.2994,-2.2981,0.2994,0.2994,1,0,0,1,0,2,EMERGING,3920.98,3420.07,723346.13,6382.92,6266.36,3586.12,31064.62,437882.06,35679.22,5834.41,76.36,18.91,99.146,7408.5,101.99,76956.1328,1983.9,3.588,4.595,5.128,2026-05-12,219793,48171,171622,57725,267983,-210258
2026-05-18T10:48:58.368987+00:00,18556.0,18934.0,185569.0,188510.0,4545.01,4545.4,4544.625,True,1.2803,1.280523,1.28,True,187.08,187078.77,-1509.77,-0.81,-2941.0,-1.58,False,188.33,185.57,1.47,4539.25,4556.27,4511.41,44.86,189275.0,189275.0,187568.0,1707.0,189.09,189.09,187.38,1.71,4560.27,4540.0,4519.73,0.893,4540.0,4539.55,4567.78,4541.36,4540.24,4539.98,4539.91,4545.73,1.38,0.375,-2.4971,0.375,0.375,1,0,1,1,0,3,DOMINANT,3911.29,3411.62,721558.51,6367.15,6250.87,3577.26,30987.85,436799.92,35591.05,5819.99,75.98,19.22,99.191,7408.5,102.41,76839.9531,1971.0,3.588,4.595,5.128,2026-05-12,219793,48171,171622,57725,267983,-210258
2026-05-18T10:51:06.259545+00:00,18556.0,18934.0,185569.0,188510.0,4542.64,4542.98,4542.3,True,1.2803,1.280523,1.28,True,186.98,186981.11,-1412.11,-0.76,-2941.0,-1.58,False,188.33,185.57,1.47,4539.25,4556.27,4511.41,44.86,189275.0,189275.0,187568.0,1707.0,189.09,189.09,187.38,1.71,4560.68,4540.29,4519.9,0.8982,4540.29,4539.66,4567.0,4541.92,4540.7,4540.35,4540.11,4545.72,1.57,0.1269,-2.7381,0.1269,0.1269,0,0,1,1,0,2,EMERGING,3909.25,3409.84,721181.85,6363.83,6247.61,3575.39,30971.67,436571.91,35572.47,5816.96,76.085,19.25,99.188,7408.5,102.32,76771.3906,1972.5,3.588,4.595,5.128,2026-05-12,219793,48171,171622,57725,267983,-210258
2026-05-18T12:43:07.849827+00:00,18590.0,18968.0,185908.0,188848.0,4564.71,4564.6084,4564.82,True,1.2803,1.280523,1.28,True,187.89,187889.72,-1981.72,-1.05,-2940.0,-1.58,False,188.67,185.91,1.46,4539.25,4556.27,4511.41,44.86,189275.0,189275.0,187568.0,1707.0,189.09,189.09,187.38,1.71,4560.86,4540.45,4520.04,0.899,4540.45,4539.73,4566.22,4542.03,4540.88,4540.52,4540.21,4545.65,1.51,0.0747,-4.0585,0.0747,0.0745,0,0,1,1,1,3,DOMINANT,3928.25,3426.41,724686.32,6394.75,6277.97,3592.77,31122.18,438693.36,35745.33,5845.22,77.225,18.6,99.072,7408.5,100.95,77676.0391,1970.0,3.59,4.597,5.128,2026-05-12,219793,48171,171622,57725,267983,-210258
2026-05-18T12:48:37.943717+00:00,18590.0,18968.0,185908.0,188848.0,4569.74,4569.48,4570.01,True,1.2803,1.280523,1.28,True,188.1,188096.79,-2188.79,-1.16,-2940.0,-1.58,False,188.67,185.91,1.46,4539.25,4564.71,4511.41,53.3,189275.0,189275.0,187568.0,1707.0,189.09,189.09,187.38,1.71,4564.86,4541.88,4518.9,1.0119,4541.88,4540.24,4565.55,4545.52,4543.15,4542.31,4541.17,4546.03,3.21,0.5609,-3.5923,0.5609,0.5607,1,0,1,1,1,4,DOMINANT,3932.58,3430.18,725485.0,6401.8,6284.89,3596.73,31156.48,439176.84,35784.72,5851.66,77.455,18.62,99.045,7408.5,100.25,77673.3672,1969.2,3.59,4.599,5.128,2026-05-12,219793,48171,171622,57725,267983,-210258
2026-05-18T14:24:59.290628+00:00,18656.0,19035.0,186574.0,189515.0,4557.94,4557.99,4557.885,True,1.2797,1.280523,1.2788,True,187.52,187522.86,-948.86,-0.51,-2941.0,-1.58,False,189.33,186.57,1.46,4539.25,4569.74,4511.41,58.33,189275.0,189275.0,187568.0,1707.0,189.09,189.09,187.38,1.71,4568.39,4542.69,4516.99,1.1315,4542.69,4540.85,4564.88,4549.24,4545.68,4544.34,4542.29,4546.5,4.9,0.6717,-3.3561,0.7374,0.6717,1,0,1,1,1,4,DOMINANT,3922.42,3421.32,723610.46,6385.26,6268.65,3587.43,31075.97,438042.08,35692.26,5836.54,77.64,18.38,99.095,7419.0601,100.79,76683.0,1979.9,3.588,4.583,5.123,2026-05-12,219793,48171,171622,57725,267983,-210258
2026-05-18T14:44:41.498235+00:00,18615.0,18993.0,186157.0,189098.0,4547.04,4546.89,4547.195,True,1.2797,1.280523,1.2788,True,187.07,187074.61,-917.61,-0.49,-2941.0,-1.58,False,188.92,186.15,1.47,4539.25,4569.74,4511.41,58.33,189275.0,189515.0,187568.0,1947.0,189.09,189.33,187.38,1.95,4569.71,4543.2,4516.69,1.167,4543.2,4541.22,4564.18,4550.58,4546.85,4545.35,4542.91,4546.73,5.23,0.4117,-3.6056,0.0968,0.4115,1,0,1,1,0,3,DOMINANT,3913.04,3413.14,721880.79,6369.99,6253.67,3578.86,31001.69,436995.01,35606.94,5822.59,77.065,18.42,99.104,7404.0,101.82,76469.9688,1973.8,3.588,4.595,5.132,2026-05-12,219793,48171,171622,57725,267983,-210258
2026-05-18T16:31:25.066919+00:00,18553.0,18931.0,185540.0,188481.0,4537.61,4537.99,4537.235,True,1.2797,1.280523,1.2788,True,186.69,186686.64,-1146.64,-0.61,-2941.0,-1.59,False,188.3,185.54,1.47,4539.25,4569.74,4511.41,58.33,189275.0,189515.0,187568.0,1947.0,189.09,189.33,187.38,1.95,4569.41,4543.04,4516.67,1.1609,4543.04,4541.38,4563.41,4550.04,4546.87,4545.47,4543.07,4546.73,4.57,0.1716,-3.736,-0.013,0.1714,1,0,1,0,0,2,EMERGING,3904.92,3406.06,720383.7,6356.78,6240.7,3571.44,30937.4,436088.74,35533.1,5810.52,77.35,18.37,98.973,7362.71,102.75,76204.1797,1981.1,3.575,4.591,5.124,2026-05-12,219793,48171,171622,57725,267983,-210258
2026-05-18T16:34:52.103973+00:00,18553.0,18931.0,185540.0,188481.0,4539.79,4539.44,4540.145,True,1.2797,1.280523,1.2788,True,186.78,186776.33,-1236.33,-0.66,-2941.0,-1.59,False,188.3,185.54,1.47,4539.25,4569.74,4511.41,58.33,189275.0,189515.0,187568.0,1947.0,189.09,189.33,187.38,1.95,4569.07,4542.63,4516.19,1.1641,4542.63,4541.35,4562.62,4548.13,4545.99,4544.89,4542.85,4546.55,3.24,-0.0361,-3.9356,-0.2787,-0.0361,0,0,1,0,0,1,NO_TREND,3906.8,3407.7,720729.79,6359.84,6243.69,3573.15,30952.26,436298.25,35550.17,5813.31,77.135,18.34,99.008,7374.73,102.99,76318.7734,1979.7,3.575,4.591,5.123,2026-05-12,219793,48171,171622,57725,267983,-210258
2026-05-18T17:22:00.060142+00:00,18553.0,18931.0,185540.0,188481.0,4554.2,4554.11,4554.295,True,1.2797,1.280523,1.2788,True,187.37,187369.19,-1829.19,-0.98,-2941.0,-1.59,False,188.3,185.54,1.47,4539.25,4569.74,4511.41,58.33,189275.0,189515.0,187568.0,1947.0,189.09,189.33,187.38,1.95,4568.99,4542.52,4516.05,1.1654,4542.52,4541.36,4561.83,4546.84,4545.4,4544.51,4542.73,4546.42,2.33,0.0119,-3.8895,-0.1313,0.0117,0,0,1,0,0,1,NO_TREND,3919.2,3418.52,723017.5,6380.02,6263.51,3584.49,31050.51,437683.13,35663.01,5831.76,77.54,18.33,99.022,7388.3398,102.28,76572.0234,1983.5,3.575,4.597,5.128,2026-05-12,219793,48171,171622,57725,267983,-210258
2026-05-18T17:46:34.207993+00:00,18553.0,18931.0,185540.0,188481.0,4548.79,4548.57,4549.01,True,1.2797,1.280523,1.2788,True,187.15,187146.51,-1606.51,-0.86,-2941.0,-1.59,False,188.3,185.54,1.47,4539.25,4569.74,4511.41,58.33,189275.0,189515.0,187568.0,1947.0,189.09,189.33,187.38,1.95,4570.2,4543.28,4516.36,1.185,4543.28,4541.66,4561.13,4547.98,4546.24,4545.23,4543.18,4546.57,2.75,0.3293,-3.5844,0.2684,0.3293,1,0,1,1,0,3,DOMINANT,3914.54,3414.45,722158.22,6372.44,6256.07,3580.23,31013.6,437162.95,35620.63,5824.83,77.395,18.26,99.026,7385.04,102.92,76619.9531,1980.0,3.568,4.599,5.132,2026-05-12,219793,48171,171622,57725,267983,-210258
2026-05-18T18:57:41.568115+00:00,18553.0,18931.0,185540.0,188481.0,4540.83,4540.98,4540.675,True,1.2797,1.280523,1.2788,True,186.82,186818.92,-1278.92,-0.68,-2941.0,-1.59,False,188.3,185.54,1.47,4539.25,4569.74,4511.41,58.33,189275.0,189515.0,187568.0,1947.0,189.09,189.33,187.38,1.95,4570.72,4543.8,4516.88,1.1849,4543.8,4541.85,4560.4,4548.1,4546.48,4545.5,4543.4,4546.62,2.6,0.2102,-3.7246,0.2161,0.2102,1,0,1,1,1,4,DOMINANT,3907.69,3408.48,720894.1,6361.29,6245.12,3573.97,30959.32,436397.72,35558.28,5814.63,77.215,18.7,99.133,7359.5298,104.23,76254.75,1974.3,3.568,4.621,5.149,2026-05-12,219793,48171,171622,57725,267983,-210258
2026-05-18T19:05:20.545672+00:00,18553.0,18931.0,185540.0,188481.0,4556.61,4556.5,4556.715,True,1.2797,1.280523,1.2788,True,187.47,187468.14,-1928.14,-1.03,-2941.0,-1.59,False,188.3,185.54,1.47,4539.25,4569.74,4511.41,58.33,189275.0,189515.0,187568.0,1947.0,189.09,189.33,187.38,1.95,4570.75,4544.08,4517.41,1.1738,4544.08,4541.88,4559.58,4546.98,4545.94,4545.15,4543.3,4546.5,1.83,0.0348,-3.8866,0.0546,0.0348,0,0,1,1,1,3,DOMINANT,3921.27,3420.32,723399.31,6383.39,6266.82,3586.39,31066.9,437914.26,35681.85,5834.84,77.025,18.75,99.146,7388.2402,104.57,76766.8438,1973.7,3.568,4.617,5.146,2026-05-12,219793,48171,171622,57725,267983,-210258
2026-05-18T19:18:13.803474+00:00,18553.0,18931.0,185540.0,188481.0,4552.65,4552.88,4552.42,True,1.2797,1.280523,1.2788,True,187.31,187305.32,-1765.32,-0.94,-2941.0,-1.59,False,188.3,185.54,1.47,4539.25,4569.74,4511.41,58.33,189275.0,189515.0,187568.0,1947.0,189.09,189.33,187.38,1.95,4571.61,4545.51,4519.41,1.1484,4545.51,4542.23,4558.86,4548.46,4546.96,4546.0,4543.82,4546.7,2.46,0.3824,-3.5526,0.4681,0.3824,1,0,1,1,1,4,DOMINANT,3917.86,3417.35,722771.02,6377.85,6261.38,3583.27,31039.92,437533.92,35650.86,5829.77,77.715,18.27,99.067,7376.6699,102.83,76529.0078,1984.5,3.568,4.623,5.147,2026-05-12,219793,48171,171622,57725,267983,-210258
2026-05-18T20:18:08.191185+00:00,18553.0,18931.0,185540.0,188481.0,4565.41,4565.24,4565.58,True,1.2797,1.280523,1.2788,True,187.83,187830.29,-2290.29,-1.22,-2941.0,-1.59,False,188.3,185.54,1.47,4539.25,4569.74,4511.41,58.33,189275.0,189515.0,187568.0,1947.0,189.09,189.33,187.38,1.95,4568.29,4547.57,4526.85,0.9113,4547.57,4542.5,4558.13,4549.11,4547.5,4546.49,4544.17,4546.82,2.62,0.2952,-3.8403,0.5448,0.2952,1,0,0,1,1,3,DOMINANT,3928.85,3426.93,724796.78,6395.72,6278.93,3593.32,31126.92,438760.23,35750.78,5846.11,77.84,17.78,98.977,7403.0498,101.82,77011.25,1980.7,3.568,4.623,5.147,2026-05-12,219793,48171,171622,57725,267983,-210258
2026-05-18T20:41:42.336339+00:00,18553.0,18931.0,185540.0,188481.0,4563.16,4562.99,4563.335,True,1.2797,1.280523,1.2788,True,187.74,187737.82,-2197.82,-1.17,-2941.0,-1.59,False,188.3,185.54,1.47,4539.25,4569.74,4511.41,58.33,189275.0,189515.0,187568.0,1947.0,189.09,189.33,187.38,1.95,4569.97,4549.27,4528.57,0.91,4549.27,4543.02,4557.49,4551.62,4549.21,4547.89,4545.0,4547.19,3.73,0.5763,-3.5908,1.197,0.5763,1,0,0,1,1,3,DOMINANT,3926.91,3425.24,724439.97,6392.58,6275.84,3591.55,31111.6,438544.23,35733.18,5843.23,77.99,17.82,98.958,7403.0498,101.84,76952.5703,1981.8,3.568,4.623,5.147,2026-05-12,219793,48171,171622,57725,267983,-210258
2026-05-18T20:48:28.658473+00:00,18553.0,18931.0,185540.0,188481.0,4564.28,4564.05,4564.52,True,1.2797,1.280523,1.2788,True,187.78,187784.0,-2244.0,-1.19,-2941.0,-1.59,False,188.3,185.54,1.47,4539.25,4569.74,4511.41,58.33,189275.0,189515.0,187568.0,1947.0,189.09,189.33,187.38,1.95,4571.39,4550.54,4529.69,0.9164,4550.54,4543.5,4556.87,4553.39,4550.53,4549.02,4545.72,4547.5,4.37,0.5267,-3.6383,0.7029,0.5267,1,0,0,1,1,3,DOMINANT,3927.88,3426.08,724618.18,6394.15,6277.38,3592.43,31119.25,438652.11,35741.97,5844.67,77.955,17.82,98.978,7403.0498,101.88,76840.3672,1980.9,3.568,4.623,5.147,2026-05-12,219793,48171,171622,57725,267983,-210258
2026-05-18T20:58:05.540443+00:00,18553.0,18931.0,185540.0,188481.0,4566.08,4565.69,4566.465,True,1.2797,1.280523,1.2788,True,187.86,187857.75,-2317.75,-1.23,-2941.0,-1.59,False,188.3,185.54,1.47,4539.25,4569.74,4511.41,58.33,189275.0,189515.0,187568.0,1947.0,189.09,189.33,187.38,1.95,4573.03,4551.55,4530.07,0.9439,4551.55,4544.0,4556.26,4555.07,4551.84,4550.15,4546.44,4547.84,4.92,0.5514,-3.6022,0.5815,0.5514,1,0,1,1,1,4,DOMINANT,3929.42,3427.43,724902.75,6396.66,6279.85,3593.84,31131.47,438824.38,35756.0,5846.97,77.97,17.82,98.97,7403.0498,102.1,76912.5469,1985.0,3.568,4.623,5.147,2026-05-12,219793,48171,171622,57725,267983,-210258
2026-05-18T21:49:54.697760+00:00,18553.0,18931.0,185540.0,188481.0,4566.1,4565.9438,4566.26,True,1.2797,1.280523,1.2788,True,187.86,187858.76,-2318.76,-1.23,-2941.0,-1.59,False,188.3,185.54,1.47,4536.29,4569.74,4511.41,58.33,189275.0,189515.0,187568.0,1947.0,189.09,189.33,187.38,1.95,4574.29,4553.0,4531.71,0.9352,4553.0,4544.53,4555.66,4556.76,4553.2,4551.33,4547.21,4548.2,5.43,0.6567,-3.5642,0.4859,0.5911,1,0,1,1,0,3,DOMINANT,3929.44,3427.45,724906.63,6396.69,6279.88,3593.86,31131.64,438826.72,35756.19,5847.0,78.12,17.82,98.992,7403.0498,102.49,76956.8516,1988.8,3.568,4.623,5.147,2026-05-12,219793,48171,171622,57725,267983,-210258
2026-05-18T22:09:01.093142+00:00,18553.0,18931.0,185540.0,188481.0,4568.48,4570.69,4566.26,True,1.2797,1.280523,1.2788,True,187.96,187956.39,-2416.39,-1.29,-2941.0,-1.59,False,188.3,185.54,1.47,4553.53,4569.74,4511.41,58.33,189275.0,189515.0,187568.0,1947.0,189.09,189.33,187.38,1.95,4574.74,4554.59,4534.44,0.8848,4554.59,4545.07,4555.07,4558.2,4554.43,4552.43,4547.95,4548.55,5.77,0.276,-3.6537,0.6385,0.5915,1,0,0,1,1,3,DOMINANT,3931.48,3429.23,725283.37,6400.02,6283.14,3595.73,31147.82,439054.79,35774.78,5850.04,78.12,17.82,98.961,7403.0498,102.49,77105.7891,1988.8,3.568,4.623,5.147,2026-05-12,219793,48171,171622,57725,267983,-210258
2026-05-18T22:15:29.586775+00:00,18553.0,18931.0,185540.0,188481.0,4573.04,4571.6221,4574.45,True,1.2797,1.280523,1.2788,True,188.14,188144.04,-2604.04,-1.38,-2941.0,-1.59,False,188.3,185.54,1.47,4547.63,4569.74,4511.41,58.33,189275.0,189515.0,187568.0,1947.0,189.09,189.33,187.38,1.95,4576.42,4555.37,4534.32,0.9242,4555.37,4545.66,4554.56,4559.78,4555.77,4553.62,4548.76,4548.95,6.16,0.4585,-3.6669,0.7516,0.6439,1,0,1,1,1,4,DOMINANT,3935.41,3432.65,726007.48,6406.41,6289.42,3599.32,31178.91,439493.13,35810.49,5855.88,78.2,17.82,98.954,7403.0498,102.43,77050.6406,1986.0,3.568,4.623,5.147,2026-05-12,219793,48171,171622,57725,267983,-210258
2026-05-18T22:44:30.194798+00:00,18553.0,18931.0,185540.0,188481.0,4575.8,4575.79,4575.81,True,1.2797,1.280523,1.2788,True,188.26,188257.76,-2717.76,-1.44,-2941.0,-1.59,False,188.3,185.54,1.47,4545.76,4573.04,4511.41,61.63,189275.0,189515.0,187568.0,1947.0,189.09,189.33,187.38,1.95,4578.7,4556.21,4533.72,0.9872,4556.21,4546.33,4554.06,4561.82,4557.41,4555.06,4549.71,4549.42,6.76,0.6001,-3.7024,0.4437,0.7444,1,1,1,1,0,4,DOMINANT,3937.79,3434.73,726446.28,6410.28,6293.22,3601.49,31197.76,439758.76,35832.14,5859.42,78.57,17.82,98.954,7403.0498,102.39,76995.3125,1991.3,3.568,4.623,5.147,2026-05-12,219793,48171,171622,57725,267983,-210258
2026-05-18T23:32:06.418764+00:00,18553.0,18931.0,185540.0,188481.0,4585.05,4585.03,4585.07,True,1.2797,1.280523,1.2788,True,188.64,188638.32,-3098.32,-1.64,-2941.0,-1.59,False,188.3,185.54,1.47,4538.98,4575.8,4511.41,64.39,189275.0,189515.0,187568.0,1947.0,189.09,189.33,187.38,1.95,4581.21,4557.75,4534.29,1.0295,4557.75,4547.06,4553.56,4563.97,4559.16,4556.59,4550.73,4549.95,7.38,0.8112,-3.7913,0.4286,0.8052,1,1,1,1,0,4,DOMINANT,3945.75,3441.67,727914.79,6423.24,6305.94,3608.77,31260.83,440647.73,35904.57,5871.26,79.245,17.82,98.954,7403.0498,102.39,76991.5391,1993.7,3.568,4.623,5.147,2026-05-12,219793,48171,171622,57725,267983,-210258
2026-05-18T23:41:50.291994+00:00,18553.0,18931.0,185540.0,188481.0,4585.31,4585.2,4585.415,True,1.2797,1.280523,1.2788,True,188.65,188648.91,-3108.91,-1.65,-2941.0,-1.59,False,188.3,185.54,1.47,4538.35,4585.05,4511.41,73.64,189275.0,189515.0,187568.0,1947.0,189.09,189.33,187.38,1.95,4585.18,4559.87,4534.56,1.1101,4559.87,4547.98,4553.11,4567.21,4561.63,4558.7,4552.08,4550.64,8.51,1.029,-3.6031,0.881,1.009,1,1,1,1,0,4,DOMINANT,3945.97,3441.86,727955.67,6423.6,6306.29,3608.98,31262.58,440672.48,35906.59,5871.59,79.105,17.82,98.954,7403.0498,102.39,77030.9062,1994.5,3.568,4.623,5.147,2026-05-12,219793,48171,171622,57725,267983,-210258
2026-05-18T23:52:04.771664+00:00,18553.0,18931.0,185540.0,188481.0,4582.32,4582.23,4582.42,True,1.2797,1.280523,1.2788,True,188.53,188526.21,-2986.21,-1.58,-2941.0,-1.59,False,188.3,185.54,1.47,4535.38,4585.31,4511.41,73.9,189275.0,189515.0,187568.0,1947.0,189.09,189.33,187.38,1.95,4588.6,4560.9,4533.2,1.2147,4560.9,4548.9,4552.76,4570.0,4563.88,4560.67,4553.38,4551.33,9.33,1.1009,-3.7399,0.9393,1.0147,1,1,1,1,0,4,DOMINANT,3943.4,3439.63,727482.18,6419.42,6302.19,3606.63,31242.25,440385.85,35883.23,5867.77,79.275,17.82,98.954,7403.0498,102.44,76951.0312,1994.2,3.568,4.623,5.147,2026-05-12,219793,48171,171622,57725,267983,-210258
2026-05-19T00:15:46.990099+00:00,18694.0,19073.0,186956.0,189896.0,4578.55,4579.38,4577.72,True,1.2797,1.280523,1.2788,True,188.37,188370.9,-1414.9,-0.75,-2940.0,-1.57,False,189.71,186.95,1.45,4511.41,4585.31,4511.41,73.9,187568.0,189515.0,187568.0,1947.0,187.38,189.33,187.38,1.95,4590.6,4561.52,4532.44,1.275,4561.52,4549.76,4552.4,4571.89,4565.64,4562.27,4554.52,4551.94,9.62,1.5718,-3.4219,0.3858,0.9488,1,1,1,1,0,4,DOMINANT,3940.15,3436.79,726882.86,6414.13,6297.0,3603.66,31216.51,440023.05,35853.67,5862.94,79.005,17.82,99.022,7403.0498,102.66,77036.7109,1994.7,3.568,4.623,5.147,2026-05-12,219793,48171,171622,57725,267983,-210258
2026-05-19T02:33:33.749259+00:00,18625.0,19003.0,186259.0,189202.0,4556.57,4556.44,4556.695,True,1.2788,1.278746,1.2788,True,187.34,187336.33,-1077.33,-0.58,-2943.0,-1.58,False,189.02,186.26,1.46,4537.89,4585.31,4534.4,50.91,188843.0,189896.0,188481.0,1415.0,188.66,189.71,188.3,1.41,4592.55,4562.56,4532.57,1.3146,4562.56,4550.55,4552.05,4572.92,4566.87,4563.48,4555.46,4552.47,9.44,0.896,-2.9966,0.1928,0.8658,1,1,1,1,0,4,DOMINANT,3911.55,3397.42,723617.31,6358.84,6259.9,3576.09,31042.1,439143.87,35680.69,5826.69,77.045,17.82,99.073,7403.0498,102.59,76770.6172,1977.7,3.568,4.623,5.147,2026-05-12,219793,48171,171622,57725,267983,-210258
2026-05-19T04:36:06.290906+00:00,18575.0,18954.0,185765.0,188707.0,4540.0,4540.61,4539.39,True,1.2788,1.278746,1.2788,True,186.66,186655.18,-890.18,-0.48,-2942.0,-1.58,False,188.52,185.76,1.46,4544.0,4585.31,4534.4,50.91,188760.0,189896.0,188481.0,1415.0,188.58,189.71,188.3,1.41,4592.28,4563.03,4533.78,1.282,4563.03,4550.89,4551.59,4570.4,4565.89,4562.97,4555.5,4552.55,7.43,0.2766,-3.3286,-0.0301,0.3816,1,1,1,0,0,3,DOMINANT,3897.33,3385.06,720986.27,6335.72,6237.14,3563.09,30929.24,437547.16,35550.96,5805.51,76.55,17.82,99.106,7403.0498,102.73,76798.5781,1973.5,3.568,4.623,5.147,2026-05-12,219793,48171,171622,57725,267983,-210258
2026-05-19T04:45:32.249774+00:00,18575.0,18954.0,185765.0,188707.0,4539.7,4539.71,4539.685,True,1.2788,1.278746,1.2788,True,186.64,186642.74,-877.74,-0.47,-2942.0,-1.58,False,188.52,185.76,1.46,4537.13,4585.31,4534.4,50.91,188937.0,189896.0,188481.0,1415.0,188.75,189.71,188.3,1.41,4591.98,4563.15,4534.32,1.2636,4563.15,4550.91,4551.03,4565.73,4563.42,4561.27,4554.9,4552.3,4.46,0.0633,-3.6801,-0.1548,0.0165,0,1,1,0,0,2,EMERGING,3897.07,3384.84,720938.23,6335.3,6236.73,3562.85,30927.17,437518.0,35548.59,5805.12,76.425,17.82,99.101,7403.0498,102.76,76844.3594,1974.0,3.568,4.623,5.147,2026-05-12,219793,48171,171622,57725,267983,-210258
2026-05-19T05:08:35.700509+00:00,18575.0,18954.0,185765.0,188707.0,4541.17,4540.4,4541.945,True,1.2788,1.278746,1.2788,True,186.7,186703.39,-938.39,-0.5,-2942.0,-1.58,False,188.52,185.76,1.46,4537.13,4585.31,4534.4,50.91,188937.0,189896.0,188481.0,1415.0,188.75,189.71,188.3,1.41,4591.99,4563.15,4534.31,1.264,4563.15,4550.92,4550.48,4561.72,4561.16,4559.67,4554.3,4552.05,2.05,0.0566,-3.6865,0.0461,0.0099,0,1,0,1,1,3,DOMINANT,3898.33,3385.94,721172.47,6337.36,6238.75,3564.01,30937.22,437660.16,35560.14,5807.01,76.58,17.82,99.144,7403.0498,102.67,76817.6719,1976.0,3.568,4.623,5.147,2026-05-12,219793,48171,171622,57725,267983,-210258
2026-05-19T06:36:33.065310+00:00,18592.0,18970.0,185930.0,188872.0,4548.07,4547.82,4548.315,True,1.2788,1.278746,1.2788,True,186.99,186986.86,-1056.86,-0.57,-2942.0,-1.58,False,188.69,185.93,1.46,4552.84,4585.31,4537.61,47.7,188760.0,189896.0,188481.0,1415.0,188.58,189.71,188.3,1.41,4592.74,4562.49,4532.24,1.326,4562.49,4550.96,4549.93,4558.56,4559.26,4558.3,4553.78,4551.84,0.26,-0.2563,-3.3609,0.0304,0.0423,0,1,0,1,0,2,EMERGING,3904.25,3391.08,722267.45,6346.98,6248.23,3569.42,30984.2,438324.67,35614.13,5815.82,76.975,17.82,99.086,7403.0498,103.13,76926.0938,1975.7,3.568,4.623,5.147,2026-05-12,219793,48171,171622,57725,267983,-210258
2026-05-19T08:40:19.217036+00:00,18554.0,18933.0,185552.0,188496.0,4542.65,4542.27,4543.031,True,1.2788,1.278746,1.2788,True,186.76,186764.15,-1212.15,-0.65,-2944.0,-1.59,False,188.31,185.55,1.47,4552.84,4585.31,4537.61,47.7,188760.0,189896.0,188481.0,1415.0,188.58,189.71,188.3,1.41,4592.78,4562.46,4532.14,1.3291,4562.46,4551.13,4549.42,4556.95,4558.19,4557.54,4553.56,4551.76,-0.59,-0.1048,-3.1444,-0.1346,0.1943,0,1,0,0,0,1,NO_TREND,3899.6,3387.04,721407.19,6339.42,6240.78,3565.17,30947.29,437802.6,35571.72,5808.9,76.31,18.1,99.191,7403.0498,103.47,77075.7891,1973.1,3.568,4.623,5.147,2026-05-12,219793,48171,171622,57725,267983,-210258
2026-05-19T08:45:53.508943+00:00,18554.0,18933.0,185552.0,188496.0,4543.97,4542.9,4545.0435,True,1.2788,1.278746,1.2788,True,186.82,186818.47,-1266.47,-0.68,-2944.0,-1.59,False,188.31,185.55,1.47,4552.84,4585.31,4537.61,47.7,188760.0,189896.0,188481.0,1415.0,188.58,189.71,188.3,1.41,4592.61,4562.55,4532.49,1.3177,4562.55,4551.2,4548.82,4554.75,4556.71,4556.44,4553.13,4551.58,-1.69,-0.2238,-3.2598,-0.135,0.0749,0,1,0,0,0,1,NO_TREND,3900.74,3388.03,721617.01,6341.26,6242.6,3566.21,30956.29,437929.94,35582.06,5810.59,76.46,18.09,99.165,7403.0498,103.21,77119.6484,1975.3,3.568,4.623,5.147,2026-05-12,219793,48171,171622,57725,267983,-210258
2026-05-19T10:01:36.296322+00:00,18564.0,18943.0,185654.0,188598.0,4541.13,4541.01,4541.241,True,1.2787,1.278746,No Data,False,186.7,186697.51,-1043.51,-0.56,-2944.0,-1.59,False,188.42,185.65,1.47,4545.01,4585.31,4537.61,47.7,188510.0,189896.0,188481.0,1415.0,188.33,189.71,188.3,1.41,4593.02,4561.92,4530.82,1.3635,4561.92,4551.29,4548.24,4553.09,4555.5,4555.51,4552.77,4551.43,-2.42,-0.0229,-3.3864,0.0692,0.104,0,1,0,1,0,2,EMERGING,3898.29,3385.9,721165.01,6337.29,6238.69,3563.98,30936.9,437655.63,35559.77,5806.95,76.02,18.34,99.254,7403.0498,103.25,76746.3672,1970.1,3.568,4.623,5.147,2026-05-12,219793,48171,171622,57725,267983,-210258
2026-05-19T10:28:13.545561+00:00,18564.0,18943.0,185654.0,188598.0,4539.52,4539.12,4539.93,True,1.2788,1.278746,1.2788,True,186.64,186635.65,-981.65,-0.53,-2944.0,-1.59,False,188.42,185.65,1.47,4545.01,4585.31,4537.61,47.7,188510.0,189896.0,188481.0,1415.0,188.33,189.71,188.3,1.41,4593.56,4561.34,4529.12,1.4127,4561.34,4551.39,4547.67,4551.25,4554.13,4554.45,4552.32,4551.23,-3.2,-0.0854,-3.181,-0.3397,0.0414,0,1,0,0,0,1,NO_TREND,3896.92,3384.71,720910.83,6335.06,6236.49,3562.72,30926.0,437501.38,35547.24,5804.9,76.185,18.19,99.204,7403.0498,103.14,76742.0078,1964.8,3.568,4.623,5.147,2026-05-12,219793,48171,171622,57725,267983,-210258
2026-05-19T12:22:09.522430+00:00,18572.0,18951.0,185736.0,188681.0,4542.41,4542.14,4542.68,True,1.2788,1.278746,1.2788,True,186.75,186754.26,-1018.26,-0.55,-2945.0,-1.59,False,188.5,185.73,1.47,4564.71,4585.31,4537.61,47.7,188848.0,189896.0,188481.0,1415.0,188.67,189.71,188.3,1.41,4593.64,4560.05,4526.46,1.4732,4560.05,4551.11,4547.1,4549.44,4552.74,4553.34,4551.82,4551.0,-3.9,-0.5518,-3.2547,-0.2884,0.0059,0,1,0,0,0,1,NO_TREND,3899.4,3386.86,721368.99,6339.08,6240.45,3564.98,30945.65,437779.42,35569.83,5808.59,76.505,18.06,99.22,7403.0498,103.59,76740.3828,1958.6,3.568,4.623,5.147,2026-05-12,219793,48171,171622,57725,267983,-210258
2026-05-19T12:28:57.751862+00:00,18572.0,18951.0,185736.0,188681.0,4540.88,4540.9,4540.851,True,1.2788,1.278746,1.2788,True,186.69,186691.18,-955.18,-0.51,-2945.0,-1.59,False,188.5,185.73,1.47,4564.71,4585.31,4537.61,47.7,188848.0,189896.0,188481.0,1415.0,188.67,189.71,188.3,1.41,4593.46,4559.01,4524.56,1.5113,4559.01,4551.01,4546.57,4548.36,4551.76,4552.53,4551.45,4550.83,-4.17,-0.4885,-3.1931,-0.5038,0.0696,0,1,0,0,0,1,NO_TREND,3898.08,3385.72,721125.3,6336.94,6238.35,3563.78,30935.2,437631.54,35557.82,5806.63,76.27,18.0,99.229,7403.0498,103.68,76754.7891,1955.0,3.568,4.623,5.147,2026-05-12,219793,48171,171622,57725,267983,-210258
2026-05-19T12:47:50.600963+00:00,18585.0,18964.0,185860.0,188805.0,4536.63,4536.46,4536.805,True,1.2788,1.278746,1.2788,True,186.52,186516.73,-656.73,-0.35,-2945.0,-1.58,False,188.62,185.86,1.46,4569.74,4585.31,4537.61,47.7,188848.0,189896.0,188481.0,1415.0,188.67,189.71,188.3,1.41,4593.12,4557.84,4522.56,1.5481,4557.84,4550.82,4546.04,4547.21,4550.72,4551.67,4551.03,4550.63,-4.46,-0.6315,-3.2258,-0.4883,0.0359,0,1,0,0,0,1,NO_TREND,3894.44,3382.55,720451.48,6331.02,6232.52,3560.45,30906.29,437222.61,35524.59,5801.2,76.54,18.01,99.237,7403.0498,103.32,76823.8672,1960.0,3.585,4.613,5.144,2026-05-12,219793,48171,171622,57725,267983,-210258
2026-05-19T13:45:56.328315+00:00,18339.0,18718.0,183399.0,186342.0,4478.8,4479.33,4478.27,True,1.2788,1.278746,1.2788,True,184.14,184139.04,-740.04,-0.4,-2943.0,-1.6,False,186.16,183.4,1.48,4557.94,4585.31,4536.63,48.68,189515.0,189896.0,188481.0,1415.0,189.33,189.71,188.3,1.41,4592.65,4556.37,4520.09,1.5925,4556.37,4550.64,4545.66,4545.58,4549.38,4550.56,4550.47,4550.35,-4.98,-0.4675,-3.182,-0.6058,-0.0577,0,1,0,0,0,1,NO_TREND,3844.79,3339.43,711267.25,6250.31,6153.07,3515.06,30512.3,431648.95,35071.73,5727.25,73.63,17.98,99.356,7357.79,104.38,76678.0,1931.5,3.582,4.659,5.181,2026-05-12,219793,48171,171622,57725,267983,-210258
2026-05-19T15:53:33.959631+00:00,18449.0,18828.0,184501.0,187447.0,4503.87,4504.49,4503.249,True,1.28,1.278746,1.2812,True,185.34,185343.49,-842.49,-0.45,-2946.0,-1.6,False,187.26,184.5,1.47,4537.61,4585.31,4478.8,106.51,188481.0,189896.0,186342.0,3554.0,188.3,189.71,186.16,3.55,4601.82,4552.0,4502.18,2.1889,4552.0,4549.37,4544.95,4535.31,4542.66,4545.24,4547.66,4548.93,-9.93,-1.2961,-4.1026,-1.9115,-1.3317,0,0,0,0,0,0,NO_TREND,3866.31,3358.13,715248.47,6285.3,6187.51,3534.74,30683.09,434065.04,35268.04,5759.31,74.64,18.01,99.351,7355.8101,103.51,76489.6719,1934.2,3.58,4.671,5.177,2026-05-12,219793,48171,171622,57725,267983,-210258
2026-05-19T16:01:59.590620+00:00,18449.0,18828.0,184501.0,187447.0,4508.29,4508.06,4508.525,True,1.28,1.278746,1.2812,True,185.53,185525.51,-1024.51,-0.55,-2946.0,-1.6,False,187.26,184.5,1.47,4537.61,4585.31,4478.8,106.51,188481.0,189896.0,186342.0,3554.0,188.3,189.71,186.16,3.55,4602.33,4548.77,4495.21,2.3549,4548.77,4548.67,4544.37,4530.47,4538.96,4542.18,4545.94,4548.04,-11.71,-0.7436,-3.5659,-1.3629,-0.7794,0,0,0,0,0,0,NO_TREND,3870.11,3361.42,715950.88,6291.47,6193.58,3538.21,30713.23,434491.32,35302.67,5764.96,74.64,17.98,99.352,7351.7402,103.72,76474.6562,1931.3,3.578,4.671,5.179,2026-05-12,219793,48171,171622,57725,267983,-210258
2026-05-19T16:29:20.235814+00:00,18449.0,18828.0,184501.0,187447.0,4508.74,4508.42,4509.05,True,1.28,1.278746,1.2812,True,185.54,185543.72,-1042.72,-0.56,-2946.0,-1.6,False,187.26,184.5,1.47,4537.61,4585.31,4478.8,106.51,188481.0,189896.0,186342.0,3554.0,188.3,189.71,186.16,3.55,4600.72,4545.53,4490.34,2.4283,4545.53,4548.07,4543.85,4527.06,4536.04,4539.67,4544.46,4547.25,-12.61,-0.6462,-3.6462,-1.3175,-0.6821,0,0,0,0,0,0,NO_TREND,3870.49,3361.75,716021.15,6292.09,6194.19,3538.55,30716.24,434533.96,35306.14,5765.53,74.59,18.17,99.356,7365.52,103.89,76530.9219,1938.7,3.578,4.677,5.191,2026-05-12,219793,48171,171622,57725,267983,-210258
2026-05-19T16:42:10.012362+00:00,18449.0,18828.0,184501.0,187447.0,4507.25,4507.1,4507.405,True,1.28,1.278746,1.2812,True,185.48,185482.71,-981.71,-0.53,-2946.0,-1.6,False,187.26,184.5,1.47,4554.2,4585.31,4478.8,106.51,188481.0,189896.0,186342.0,3554.0,188.3,189.71,186.16,3.55,4597.77,4542.18,4486.59,2.4477,4542.18,4547.54,4543.56,4524.24,4533.44,4537.38,4543.06,4546.49,-13.14,-0.9982,-3.6365,-1.4061,-0.6721,0,0,0,0,0,0,NO_TREND,3869.21,3360.65,715785.72,6290.02,6192.15,3537.39,30706.14,434391.08,35294.53,5763.63,75.025,17.92,99.287,7372.75,103.74,76692.1016,1944.8,3.578,4.663,5.176,2026-05-12,219793,48171,171622,57725,267983,-210258
2026-05-19T18:17:23.422418+00:00,18449.0,18828.0,184501.0,187447.0,4500.92,4500.66,4501.185,True,1.28,1.278746,1.2812,True,185.22,185222.22,-721.22,-0.39,-2946.0,-1.6,False,187.26,184.5,1.47,4540.83,4585.31,4478.8,106.51,188481.0,189896.0,186342.0,3554.0,188.3,189.71,186.16,3.55,4592.11,4538.29,4484.47,2.3718,4538.29,4547.12,4543.23,4521.63,4530.95,4535.14,4541.66,4545.71,-13.51,-0.7395,-3.7558,-1.4981,-0.705,0,0,0,0,0,0,NO_TREND,3863.78,3355.93,714780.47,6281.19,6183.46,3532.42,30663.02,433781.02,35244.96,5755.54,74.84,17.95,99.246,7385.3398,103.31,76824.9531,1940.7,3.575,4.647,5.168,2026-05-12,219793,48171,171622,57725,267983,-210258
2026-05-19T18:25:03.003054+00:00,18449.0,18828.0,184501.0,187447.0,4498.27,4497.99,4498.545,True,1.28,1.278746,1.2812,True,185.11,185112.96,-611.96,-0.33,-2946.0,-1.6,False,187.26,184.5,1.47,4540.83,4585.31,4478.8,106.51,188481.0,189896.0,186342.0,3554.0,188.3,189.71,186.16,3.55,4585.56,4534.07,4482.58,2.2712,4534.07,4546.91,4542.91,4518.44,4528.09,4532.61,4540.06,4544.83,-14.17,-0.8789,-3.9611,-1.8349,-0.8444,0,0,0,0,0,0,NO_TREND,3861.5,3353.95,714358.83,6277.48,6179.81,3530.34,30644.93,433525.15,35224.17,5752.14,74.845,17.9,99.249,7381.5,103.15,76746.8672,1941.4,3.575,4.647,5.167,2026-05-12,219793,48171,171622,57725,267983,-210258
2026-05-19T18:29:45.314567+00:00,18449.0,18828.0,184501.0,187447.0,4497.09,4496.66,4497.525,True,1.28,1.278746,1.2812,True,185.06,185064.61,-563.61,-0.3,-2946.0,-1.6,False,187.26,184.5,1.47,4540.83,4585.31,4478.8,106.51,188481.0,189896.0,186342.0,3554.0,188.3,189.71,186.16,3.55,4578.41,4529.87,4481.33,2.1431,4529.87,4546.25,4542.57,4515.34,4525.25,4530.07,4538.42,4543.91,-14.73,-0.9373,-4.5614,-1.8982,-0.9028,0,0,0,0,0,0,NO_TREND,3860.49,3353.07,714172.23,6275.84,6178.2,3529.42,30636.92,433411.9,35214.97,5750.64,74.725,17.9,99.256,7377.6899,103.35,76717.8438,1940.0,3.575,4.647,5.165,2026-05-12,219793,48171,171622,57725,267983,-210258
2026-05-19T19:10:24.038614+00:00,18449.0,18828.0,184501.0,187447.0,4495.47,4495.33,4495.605,True,1.28,1.278746,1.2812,True,185.0,184997.73,-496.73,-0.27,-2946.0,-1.6,False,187.26,184.5,1.47,4552.65,4585.31,4478.8,106.51,188481.0,189896.0,186342.0,3554.0,188.3,189.71,186.16,3.55,4570.67,4525.8,4480.93,1.9829,4525.8,4545.43,4542.28,4512.53,4522.57,4527.62,4536.8,4542.98,-15.09,-1.2204,-4.5864,-1.86,-0.9288,0,0,0,0,0,0,NO_TREND,3859.1,3351.86,713914.17,6273.57,6175.96,3528.14,30625.85,433255.29,35202.24,5748.56,74.5,18.11,99.319,7371.7998,104.62,76881.2422,1937.0,3.578,4.671,5.184,2026-05-12,219793,48171,171622,57725,267983,-210258
2026-05-19T20:06:01.006359+00:00,18449.0,18828.0,184501.0,187447.0,4482.62,4482.41,4482.835,True,1.28,1.278746,1.2812,True,184.47,184469.14,31.86,0.02,-2946.0,-1.6,False,187.26,184.5,1.47,4565.41,4585.31,4478.8,106.51,188481.0,189896.0,186342.0,3554.0,188.3,189.71,186.16,3.55,4567.11,4522.74,4478.37,1.9621,4522.74,4544.46,4541.99,4509.91,4519.99,4525.24,4535.18,4542.04,-15.33,-1.532,-4.6125,-1.8145,-0.8999,0,0,0,0,0,0,NO_TREND,3848.07,3342.28,711874.29,6255.65,6158.32,3518.06,30538.35,432017.34,35101.66,5732.14,74.235,18.11,99.313,7353.6099,104.3,76789.5,1931.3,3.575,4.667,5.181,2026-05-12,219793,48171,171622,57725,267983,-210258
2026-05-19T20:18:21.322723+00:00,18449.0,18828.0,184501.0,187447.0,4483.75,4483.71,4483.79,True,1.28,1.278746,1.2812,True,184.52,184515.53,-14.53,-0.01,-2946.0,-1.6,False,187.26,184.5,1.47,4563.16,4585.31,4478.8,106.51,188481.0,189896.0,186342.0,3554.0,188.3,189.71,186.16,3.55,4566.88,4519.87,4472.86,2.0801,4519.87,4543.37,4541.61,4505.71,4516.43,4522.08,4533.12,4540.86,-16.37,-1.765,-4.9424,-1.6229,-1.5573,0,0,0,0,0,0,NO_TREND,3849.04,3343.12,712053.34,6257.22,6159.87,3518.95,30546.03,432126.01,35110.49,5733.58,74.085,18.15,99.318,7353.6099,104.46,76878.1094,1929.5,3.575,4.667,5.181,2026-05-12,219793,48171,171622,57725,267983,-210258
2026-05-19T20:20:49.034386+00:00,18449.0,18828.0,184501.0,187447.0,4485.73,4485.44,4486.02,True,1.28,1.278746,1.2812,True,184.6,184597.02,-96.02,-0.05,-2946.0,-1.6,False,187.26,184.5,1.47,4563.16,4585.31,4478.8,106.51,188481.0,189896.0,186342.0,3554.0,188.3,189.71,186.16,3.55,4565.74,4517.07,4468.4,2.1549,4517.07,4542.36,4541.26,4502.33,4513.31,4519.24,4531.18,4539.73,-16.91,-1.7402,-4.8579,-1.239,-1.4047,0,0,0,0,1,1,NO_TREND,3850.74,3344.6,712367.78,6259.98,6162.59,3520.5,30559.52,432316.83,35125.99,5736.11,74.125,18.16,99.322,7353.6099,104.42,76839.0078,1930.3,3.575,4.667,5.181,2026-05-12,219793,48171,171622,57725,267983,-210258
2026-05-19T21:40:19.923525+00:00,18449.0,18828.0,184501.0,187447.0,4481.46,4480.6846,4482.235,True,1.28,1.278746,1.2812,True,184.42,184421.29,79.71,0.04,-2946.0,-1.6,False,187.26,184.5,1.47,4566.1,4585.31,4478.8,106.51,188481.0,189896.0,186342.0,3554.0,188.3,189.71,186.16,3.55,4563.51,4514.3,4465.09,2.1802,4514.3,4541.02,4540.92,4499.78,4510.69,4516.76,4529.4,4538.66,-16.98,-1.7601,-4.8529,-1.1888,-1.4188,0,0,0,0,1,1,NO_TREND,3847.07,3341.42,711689.64,6254.03,6156.72,3517.15,30530.42,431905.29,35092.55,5730.65,73.97,18.06,99.304,7353.6099,104.03,76974.6797,1931.1,3.575,4.667,5.181,2026-05-12,219793,48171,171622,57725,267983,-210258
2026-05-19T21:48:44.809234+00:00,18449.0,18828.0,184501.0,187447.0,4481.76,4481.2764,4482.235,True,1.28,1.278746,1.2812,True,184.43,184433.47,67.53,0.04,-2946.0,-1.6,False,187.26,184.5,1.47,4566.1,4585.31,4478.8,106.51,188481.0,189896.0,186342.0,3554.0,188.3,189.71,186.16,3.55,4559.57,4510.97,4462.37,2.1547,4510.97,4539.52,4540.52,4496.96,4507.9,4514.15,4527.52,4537.53,-17.19,-1.8537,-4.9435,-1.3149,-1.4145,0,0,0,0,1,1,NO_TREND,3847.33,3341.64,711736.63,6254.44,6157.13,3517.38,30532.44,431933.8,35094.87,5731.03,73.97,18.06,99.305,7353.6099,104.03,76945.5625,1931.1,3.575,4.667,5.181,2026-05-12,219793,48171,171622,57725,267983,-210258
2026-05-19T21:58:04.305916+00:00,18449.0,18828.0,184501.0,187447.0,4481.42,4480.6118,4482.235,True,1.28,1.278746,1.2812,True,184.42,184419.79,81.21,0.04,-2946.0,-1.6,False,187.26,184.5,1.47,4568.48,4585.31,4478.8,106.51,188481.0,189896.0,186342.0,3554.0,188.3,189.71,186.16,3.55,4555.79,4507.93,4460.07,2.1234,4507.93,4538.26,4540.17,4494.62,4505.41,4511.75,4525.73,4536.42,-17.13,-1.8982,-4.9371,-1.458,-1.3265,0,0,0,0,0,0,NO_TREND,3847.04,3341.39,711683.86,6253.97,6156.67,3517.12,30530.18,431901.78,35092.27,5730.6,73.97,18.06,99.31,7353.6099,104.03,76925.1719,1931.1,3.575,4.667,5.181,2026-05-12,219793,48171,171622,57725,267983,-210258
2026-05-19T22:01:50.902002+00:00,18449.0,18828.0,184501.0,187447.0,4481.51,4480.79,4482.235,True,1.28,1.278746,1.2812,True,184.42,184423.46,77.54,0.04,-2946.0,-1.6,False,187.26,184.5,1.47,4568.48,4585.31,4478.8,106.51,188481.0,189896.0,186342.0,3554.0,188.3,189.71,186.16,3.55,4550.89,4504.8,4458.71,2.0463,4504.8,4537.03,4539.76,4492.59,4503.13,4509.5,4523.99,4535.34,-16.91,-1.9057,-5.0617,-1.3479,-1.2681,0,0,0,0,0,0,NO_TREND,3847.12,3341.46,711698.01,6254.1,6156.79,3517.19,30530.78,431910.37,35092.97,5730.72,73.97,18.06,99.299,7353.6099,104.03,76804.3438,1931.1,3.575,4.667,5.181,2026-05-12,219793,48171,171622,57725,267983,-210258
2026-05-19T23:14:26.902352+00:00,18449.0,18828.0,184501.0,187447.0,4485.61,4485.39,4485.83,True,1.28,1.278746,1.2812,True,184.59,184592.08,-91.08,-0.05,-2946.0,-1.6,False,187.26,184.5,1.47,4585.05,4585.31,4478.8,106.51,188481.0,189896.0,186342.0,3554.0,188.3,189.71,186.16,3.55,4545.67,4501.82,4457.97,1.9481,4501.82,4535.37,4539.36,4490.88,4501.07,4507.43,4522.32,4534.27,-16.55,-2.2582,-5.0429,-1.3746,-1.2524,0,0,0,0,0,0,NO_TREND,3850.64,3344.51,712348.73,6259.82,6162.42,3520.41,30558.7,432305.27,35125.05,5735.96,74.255,18.06,99.308,7353.6099,104.25,76741.7031,1934.9,3.575,4.667,5.181,2026-05-12,219793,48171,171622,57725,267983,-210258
2026-05-19T23:34:21.680035+00:00,18449.0,18828.0,184501.0,187447.0,4491.17,4491.57,4490.775,True,1.28,1.278746,1.2812,True,184.82,184820.99,-319.99,-0.17,-2946.0,-1.6,False,187.26,184.5,1.47,4585.31,4585.31,4478.8,106.51,188481.0,189896.0,186342.0,3554.0,188.3,189.71,186.16,3.55,4539.72,4499.12,4458.52,1.8048,4499.12,4533.69,4538.99,4490.07,4499.6,4505.81,4520.88,4533.31,-15.74,-2.1743,-4.99,-1.2226,-1.0974,0,0,1,0,0,1,NO_TREND,3855.41,3348.66,713232.09,6267.58,6170.06,3524.77,30596.59,432841.36,35168.61,5743.07,74.44,18.06,99.308,7353.6099,104.04,76864.5703,1939.7,3.575,4.667,5.181,2026-05-12,219793,48171,171622,57725,267983,-210258
2026-05-19T23:43:47.179042+00:00,18449.0,18828.0,184501.0,187447.0,4495.64,4495.43,4495.856,True,1.28,1.278746,1.2812,True,185.0,185004.96,-503.96,-0.27,-2946.0,-1.6,False,187.26,184.5,1.47,4582.32,4582.32,4478.8,103.52,188481.0,189896.0,186342.0,3554.0,188.3,189.71,186.16,3.55,4531.77,4496.56,4461.35,1.5661,4496.56,4532.35,4538.72,4490.24,4498.79,4504.73,4519.72,4532.47,-14.49,-1.9892,-4.8874,-1.0651,-0.8129,0,0,1,0,0,1,NO_TREND,3859.25,3351.99,713942.04,6273.82,6176.2,3528.28,30627.05,433272.21,35203.62,5748.79,74.59,18.06,99.308,7353.6099,104.07,76831.8984,1941.4,3.575,4.667,5.181,2026-05-12,219793,48171,171622,57725,267983,-210258
2026-05-19T23:48:11.675654+00:00,18449.0,18828.0,184501.0,187447.0,4491.04,4490.68,4491.4,True,1.28,1.278746,1.2812,True,184.82,184815.53,-314.53,-0.17,-2946.0,-1.6,False,187.26,184.5,1.47,4582.32,4582.32,4478.8,103.52,188481.0,189896.0,186342.0,3554.0,188.3,189.71,186.16,3.55,4522.67,4494.3,4465.93,1.2625,4494.3,4531.32,4538.46,4491.07,4498.49,4504.05,4518.77,4531.74,-12.98,-1.8916,-4.5307,-1.0296,-0.3496,0,0,1,0,0,1,NO_TREND,3855.3,3348.56,713211.05,6267.39,6169.88,3524.67,30595.69,432828.59,35167.57,5742.9,74.505,18.06,99.308,7353.6099,103.83,76792.4609,1942.6,3.575,4.667,5.181,2026-05-12,219793,48171,171622,57725,267983,-210258
2026-05-20T01:51:32.991548+00:00,18297.0,18676.0,182986.0,185930.0,4482.43,4481.49,4483.375,True,1.2813,1.281475,1.2812,True,184.66,184657.96,-1671.96,-0.91,-2944.0,-1.61,False,185.75,182.98,1.49,4556.57,4556.57,4478.8,77.77,189202.0,189202.0,186342.0,2860.0,189.02,189.02,186.16,2.86,4512.22,4492.02,4471.82,0.8994,4492.02,4530.39,4538.16,4491.07,4497.78,4503.09,4517.69,4530.94,-12.02,-1.4381,-4.3809,-1.0976,-0.8887,0,0,1,0,0,1,NO_TREND,3860.26,3345.15,712849.79,6303.12,6163.05,3534.76,30573.43,433224.01,35110.09,5744.13,73.85,18.06,99.399,7353.6099,104.3,76739.9688,1911.8,3.575,4.667,5.181,2026-05-12,219793,48171,171622,57725,267983,-210258
2026-05-20T04:21:23.506575+00:00,18275.0,18654.0,182761.0,185702.0,4464.11,4463.96,4464.2595,True,1.2813,1.281475,1.2812,True,183.9,183903.14,-1142.14,-0.62,-2941.0,-1.61,False,185.52,182.76,1.49,4540.0,4548.07,4478.8,69.27,188707.0,188872.0,185930.0,2942.0,188.52,188.69,185.75,2.94,4511.97,4492.2,4472.43,0.8802,4492.2,4529.24,4537.8,4489.74,4496.32,4501.56,4516.3,4529.98,-11.82,-1.2681,-4.6703,-1.1947,-1.2222,0,0,1,0,1,2,EMERGING,3844.48,3331.48,709935.89,6277.36,6137.86,3520.31,30448.46,431453.13,34966.57,5720.65,74.05,18.06,99.303,7353.6099,103.45,76727.9062,1926.2,3.575,4.667,5.181,2026-05-12,219793,48171,171622,57725,267983,-210258
2026-05-20T04:39:35.550766+00:00,18275.0,18654.0,182761.0,185702.0,4464.64,4464.36,4464.92,True,1.2813,1.281475,1.2812,True,183.92,183924.98,-1163.98,-0.63,-2941.0,-1.61,False,185.52,182.76,1.49,4539.7,4548.07,4464.11,83.96,188707.0,188872.0,185702.0,3170.0,188.52,188.69,185.52,3.17,4512.83,4490.21,4467.59,1.0075,4490.21,4527.44,4537.38,4485.8,4493.25,4498.79,4514.26,4528.67,-12.99,-1.6651,-5.0525,-0.328,-1.7581,0,0,1,0,1,2,EMERGING,3844.94,3331.88,710020.22,6278.1,6138.59,3520.73,30452.08,431504.38,34970.72,5721.32,73.91,18.06,99.322,7353.6099,103.53,76655.3672,1921.9,3.575,4.667,5.181,2026-05-12,219793,48171,171622,57725,267983,-210258
2026-05-20T04:50:09.318166+00:00,18275.0,18654.0,182761.0,185702.0,4459.47,4459.48,4459.454,True,1.2813,1.281475,1.2812,True,183.71,183711.87,-950.87,-0.52,-2941.0,-1.61,False,185.52,182.76,1.49,4541.17,4548.07,4464.11,83.96,188707.0,188872.0,185702.0,3170.0,188.52,188.69,185.52,3.17,4511.7,4488.03,4464.36,1.0548,4488.03,4525.76,4536.98,4482.54,4490.53,4496.26,4512.31,4527.4,-13.72,-1.6852,-5.0412,-0.871,-1.5977,0,0,1,0,1,2,EMERGING,3840.48,3328.02,709197.55,6270.83,6131.48,3516.65,30416.79,431004.41,34930.2,5714.7,73.85,18.06,99.362,7353.6099,103.76,76685.7812,1923.7,3.575,4.667,5.181,2026-05-12,219793,48171,171622,57725,267983,-210258
2026-05-20T05:58:43.908922+00:00,18286.0,18665.0,182872.0,185814.0,4472.94,4472.5,4473.38,True,1.2813,1.281475,1.2812,True,184.27,184266.91,-1394.91,-0.76,-2942.0,-1.61,False,185.63,182.87,1.49,4548.07,4548.07,4459.47,88.6,188872.0,188872.0,185702.0,3170.0,188.69,188.69,185.52,3.17,4510.39,4485.57,4460.75,1.1067,4485.57,4524.13,4536.58,4478.99,4487.57,4493.53,4510.24,4526.06,-14.54,-1.9481,-5.2731,-1.0829,-1.6525,0,0,1,0,1,2,EMERGING,3852.09,3338.07,711340.18,6289.77,6150.0,3527.28,30508.69,432306.56,35035.73,5731.96,74.375,18.06,99.394,7353.6099,103.83,77120.0234,1925.4,3.575,4.667,5.181,2026-05-12,219793,48171,171622,57725,267983,-210258
2026-05-20T08:33:28.784901+00:00,18350.0,18729.0,183513.0,186455.0,4485.48,4484.42,4486.535,True,1.2813,1.281475,1.2812,True,184.78,184783.4,-1270.4,-0.69,-2942.0,-1.6,False,186.27,183.51,1.48,4542.65,4543.97,4459.47,84.5,188496.0,188805.0,185702.0,3103.0,188.31,188.62,185.52,3.1,4507.05,4483.85,4460.65,1.0348,4483.85,4522.46,4536.22,4478.06,4486.18,4492.01,4508.78,4525.01,-13.95,-1.5346,-4.7506,-0.794,-1.7549,0,0,1,0,1,2,EMERGING,3862.88,3347.43,713334.05,6307.4,6167.24,3537.16,30594.2,433518.31,35133.94,5748.03,75.52,18.09,99.456,7353.6099,102.99,77262.3281,1941.3,3.575,4.667,5.181,2026-05-12,219793,48171,171622,57725,267983,-210258
2026-05-20T08:37:26.821162+00:00,18350.0,18729.0,183513.0,186455.0,4480.0,4480.15,4479.85,True,1.2813,1.281475,1.2812,True,184.56,184557.75,-1044.75,-0.57,-2942.0,-1.6,False,186.27,183.51,1.48,4542.65,4543.97,4459.47,84.5,188496.0,188805.0,185702.0,3103.0,188.31,188.62,185.52,3.1,4504.88,4483.08,4461.28,0.9725,4483.08,4521.12,4535.85,4479.2,4486.11,4491.52,4507.86,4524.22,-12.32,-1.2585,-4.4836,-0.483,-1.5537,0,0,1,0,1,2,EMERGING,3858.17,3343.34,712462.95,6299.7,6159.71,3532.84,30556.84,432988.91,35091.03,5741.01,75.695,18.11,99.449,7353.6099,102.93,77263.75,1944.2,3.575,4.667,5.181,2026-05-12,219793,48171,171622,57725,267983,-210258
